Vessel,Difference
BP,-0.4286135792754635
FM,-16.945701940451357
LM,-87.0112633420546
MS,0.073609907989578
SL,2.899080287172694
