Vessel,Transect.No.,Speed,Transect
BP,T01,7.988595934705701,T01
BP,T02,7.823094688186222,T02
FM,T01,8.37614097011608,T01
FM,T02,7.793765914626647,T02
FM,T03,10.019556478097604,T03
FM,T04,8.619927940564416,T04
MS,T01,9.26398902539569,T01
MS,T02,8.592456313139921,T02
MS,T03,7.22993702942684,T03
MS,T04,8.889717910217207,T04
MS,T05,8.900010531650947,T05
SL,T01,8.65593229000472,T01
SL,T02,8.390981124441785,T02
