Vessel,Difference
BP,63.344709047589134
C1,3.963289315348419
FM,0.3417060214187586
LB,1.6291780029402645
LJ,0.1722659664955728
LM,0.4152282329991408
MS,62.036745906835876
SL,3.338107449135194
