"ground","n_matched_months","paired_t_test_p_value","wilcoxon_p_value"
"German Bank",19,0.184905028239727,0.177622011461693
"Scots Bay",27,0.153212610637426,0.152864182145033
