Vessel,Difference
FM,3.3529452527816375
LB,3.5744533077816527
LJ,0.06298230378163794
LM,2.0639425997816545
MS,4.851175353781656
