Vessel,Difference
BP,-1.5431343807731537
C1,2.399044520415565
FM,-1.0169891793214134
LB,-0.11246934241086137
LJ,0.1765058381861877
LM,1.190733872670691
