Vessel,Difference
FM,3.1492941957816356
LB,5.109034976781658
LJ,0.16744551078164704
TM,-0.31334873021833687
