Vessel,Transect.No.,Speed,Transect
FM,T01,8.712195140639926,T01
FM,T02,8.858900105941109,T02
FM,T03,8.375647027215615,T03
FM,T04,8.633928599769437,T04
LB,T01,8.391007497505173,T01
LB,T02,8.242651554341352,T02
LB,T03,8.228941252285246,T03
LB,T04,9.069234641080593,T04
LJ,T01,8.457054539400126,T01
LJ,T02,8.634119801669465,T02
LJ,T03,8.261223094935263,T03
LJ,T04,8.325802217184064,T04
TM,T01,9.177471044398468,T01
TM,T02,8.034902064420823,T02
TM,T03,8.298606157731959,T03
TM,T04,9.108827400562964,T04
