Vessel,Difference
BP,0.3659811397816384
FM,2.1040639297816597
LB,2.6238774987816385
LJ,0.7429523897816352
LM,4.755107668781648
MS,4.51652743078165
TM,-0.3135723002183397
