Vessel,Difference
C1,0.38717414847580756
FM,-0.08461114861492547
LM,0.6216877752346761
MS,2.4245613426815567
SL,0.7266467638726084
TM,1.1087031672073806
NA,0
