Vessel,Transect.No.,Speed,Transect
C1,T01,8.761747091306091,T01
C1,T02,9.047105651156828,T02
FM,T01,8.44101457669387,T01
FM,T02,8.658626440927934,T02
LM,T01,8.447346048793797,T01
LM,T02,8.280079904772299,T02
MS,T01,8.8578564307095,T01
MS,T02,8.911482573483246,T02
SL,T01,8.53856208183167,T01
SL,T02,8.402448237091576,T02
TM,T01,8.158151252919204,T01
TM,T02,8.166356964142635,T02
