Vessel,Difference
LB,2.252929343781659
LJ,-0.4503578732183655
MS,4.321130400781641
