Vessel,Transect.No.,Speed,Transect
LB,T01,9.155674168779242,T01
LB,T02,9.087917800763364,T02
LB,T03,8.05939782133677,T03
LB,T04,8.920999205251151,T04
LJ,T01,8.750358925255274,T01
LJ,T02,8.323063038867899,T02
LJ,T03,8.55971154777849,T03
LJ,T04,8.665440920306708,T04
MS,T01,9.02601706608663,T01
MS,T02,9.227576906727366,T02
MS,T03,8.310371798119862,T03
MS,T04,8.305905692466412,T04
