Vessel,Difference
FM,-1.9992308364274294
LB,1.0414392986541117
LM,1.405932451884695
NA,0
