Vessel,Transect.No.,Speed,Transect
FM,T01,7.848966180289868,T01
FM,T02,8.300104808403114,T02
LB,T01,7.643311098691355,T01
LB,T02,6.680669120917587,T02
LM,T01,8.452470605034785,T01
LM,T02,8.334450025864012,T02
