Vessel,Difference
BP,-44.39060796000554
C1,-40.4184051699461
LM,-27.5509398728461
