Vessel,Transect.No.,Speed,Transect
BP,T01,8.237132851011403,T01
BP,T02,7.920373586935798,T02
BP,T03,10.322729465253834,T03
BP,T04,7.008450521087613,T04
C1,T01,8.487023252626761,T01
C1,T02,8.655856387186176,T02
C1,T03,8.287714817561248,T03
LM,T01,8.251114986220013,T01
LM,T02,8.841185743056261,T02
LM,T03,8.945639618527574,T03
LM,T04,8.952700162758669,T04
LM,T05,8.909565138684712,T05
