Vessel,Difference
BP,-1.8131849012183636
FM,2.9807984767816436
LB,3.546863250781655
LJ,0.23351055878165994
LM,2.441607649781645
MS,8.563086392781656
