Vessel,Difference
BP,-89.0298510805242
C1,-84.68874976476533
FM,-78.18821413231845
LB,-82.52035865661492
LJ,-80.35349073279264
LM,-86.85859868912739
MS,-65.48565569241086
NA,0
