Vessel,Difference
BP,-1.680433404
C1,3.389785924
FM,0.32597691
LB,2.407552683
LJ,0.283789186
LM,1.919439994
MS,0.427950198
