Vessel,Transect.No.,Speed,Transect
BP,T01,8.556044652,T01
BP,T02,8.555558864,T02
C1,T01,8.529158102,T01
C1,T02,8.403876785,T02
FM,T01,7.670495296,T01
FM,T02,8.620339025,T02
FM,T03,8.139224471,T03
FM,T04,8.383133549,T04
LB,T01,7.029827692,T01
LB,T02,7.298990228,T02
LJ,T01,7.725258905,T01
LJ,T02,8.287737208,T02
LM,T01,8.07934336,T01
LM,T02,8.052495664,T02
MS,T01,7.420210254,T01
MS,T02,8.637549626,T02
MS,T03,8.841020515,T03
MS,T04,7.830345991,T04
