Vessel,Difference
BP,-9.489422156378382
FM,-7.57455184697551
LJ,0.4464670646877522
MS,3.6552942296793276
NA,0
