Vessel,Transect.No.,Speed,Transect
BP,T01,7.6432298553605955,T01
BP,T02,10.260853311299249,T02
FM,T01,7.213727635785386,T01
FM,T02,9.717768198830992,T02
LJ,T01,6.907649452358497,T01
LJ,T02,8.852614029161419,T02
MS,T01,6.692080782271786,T01
MS,T02,8.627021899731071,T02
