Vessel,Difference
BP,-3.5163187894108603
C1,1.1975825950494539
LB,1.46966489847388
LJ,0.6110301747491036
LM,0.3101563517292192
