Vessel,Transect.No.,Speed,Transect
BP,T01,7.96936775218834,T01
BP,T02,10.33169851004716,T02
BP,T03,9.23673178555231,T03
BP,T04,11.443503451752555,T04
C1,T01,8.051838282269802,T01
C1,T02,8.697602529453798,T02
LB,T01,7.381618952945298,T01
LB,T02,8.712258941452435,T02
LJ,T01,7.911592852921151,T01
LJ,T02,8.898409016691957,T02
LM,T01,8.083447443001369,T01
LM,T02,8.21148466613554,T02
