Vessel,Difference
C1,2.577718009589148
FM,1.3233005757292204
LB,-0.30813841395054453
LJ,0.2865646544738638
LM,-1.8062525445844315
MS,2.289939831749109
