Vessel,Transect.No.,Speed,Transect
C1,T01,8.277113175090237,T01
C1,T02,8.54040069111825,T02
C1,T03,8.58249630863987,T03
C1,T04,8.267406110179758,T04
FM,T01,8.300723122628144,T01
FM,T02,8.538753516561558,T02
LB,T01,7.521872792760539,T01
LB,T02,7.194175053074443,T02
LJ,T01,7.7750425176223965,T01
LJ,T02,8.248704437328138,T02
LM,T01,8.46382360877287,T01
LM,T02,8.570578375375872,T02
LM,T03,8.299700531519482,T03
LM,T04,8.259990620857678,T04
MS,T01,7.553518991461755,T01
MS,T02,7.450148063110265,T02
