Vessel,Difference
BP,-23.776134557186133
C1,-28.588062572604876
FM,-5.365218391425977
