Vessel,Transect.No.,Speed,Transect
BP,T01,8.032251224078083,T01
BP,T02,12.310527870255697,T02
C1,T01,8.007750943637676,T01
C1,T02,9.845846229286032,T02
FM,T01,7.924062274138645,T01
