Vessel,Difference
BP,-132.49571476994606
C1,-40.489608222846115
LM,-30.851179626005546
