Vessel,Transect.No.,Speed,Transect
BP,T01,7.632517235804698,T01
BP,T02,8.94424422579256,T02
BP,T03,6.352630207164245,T03
C1,T01,8.050442880647612,T01
C1,T02,8.440757996132582,T02
C1,T03,8.44481870706846,T03
C1,T04,8.221622116607778,T04
C1,T05,8.442305813292215,T05
LM,T01,7.712370101095202,T01
LM,T02,8.639294396916831,T02
LM,T03,8.343649324494086,T03
