Vessel,Difference
BP,-0.07909696221247486
FM,-0.7284601949469334
LB,2.2273340216909645
LJ,-0.2656050350970247
MS,5.210653074473882
NA,0
