Vessel,Transect.No.,Speed,Transect
BP,T01,7.696798383855606,T01
BP,T02,8.780321895465224,T02
FM,T01,8.422817379264123,T01
FM,T02,8.288963901038834,T02
LB,T01,7.333828677819458,T01
LB,T02,7.216555977001969,T02
LJ,T01,8.50677077235969,T01
LJ,T02,8.076933514077389,T02
MS,T01,7.389518603261893,T01
MS,T02,7.988562448104002,T02
