Vessel,Difference
C1,12.56544384478164
FM,6.574928637781653
LB,4.5735262857816394
LJ,0.6442699827816512
LM,2.9366691477816573
MS,12.35740834978165
NA,0
