Vessel,Difference
C1,-18.462696155218353
FM,-23.352219862218362
LB,-24.984058414218353
LJ,-28.436898017218354
LM,-25.883026552218354
MS,-19.64742095021836
NA,0
