Target Strength,Area (km2),Mean Sa,Density (kg/m2),Biomass (tons),Standard Error (tons),Standard Error (%),Layer
-35.5,803,-47.0555252934281,0.0693558010208414,56125.8609443489,17722.6539213344,31.5766272857839,German Bank
-35.5,281,-40.9666664483605,0.287832777368474,79806.759158024,23508.9704330342,29.4573676228157,Seal Island
NA,NA,NA,NA,NA,NA,NA,School Survey
