Vessel,Difference
C1,1.2513850474738746
FM,-1.767422799950566
LM,0.5336491737490974
MS,0.8457044757292209
NA,0
