Vessel,Transect.No.,Speed,Transect
C1,T01,8.301260111932464,T01
C1,T02,8.820918980495193,T02
FM,T01,7.730870497208237,T01
FM,T02,8.838502665303814,T02
LM,T01,8.209311452156767,T01
LM,T02,9.045722072805193,T02
MS,T01,7.9824696831149335,T01
MS,T02,8.682680443107722,T02
