Vessel,Difference
BP,-54.00413623021835
LM,-78.32689650021835
MS,8.425364722781637
