Vessel,Difference
BP,-54.00413623021835
LM,2.4877178747816515
MS,8.425364722781637
