Vessel,Transect.No.,Speed,Transect
BP,T01,9.922870679860914,T01
BP,T02,10.180217351032264,T02
LM,T03,8.70444924176913,T03
LM,T04,8.36530130350487,T04
MS,T01,8.87177904517455,T01
MS,T02,8.956182668826312,T02
MS,T03,9.180772444292625,T03
MS,T04,7.768775799659018,T04
