Vessel,Difference
BP,103.620121356
FM,117.42789541900001
LM,119.165248662
