Vessel,Transect.No.,Speed,Transect
BP,T01,8.020327436707761,T01
BP,T02,8.718032498539147,T02
BP,T03,8.408012262200895,T03
BP,T04,9.105701302863146,T04
BP,T05,9.810045029621179,T05
FM,T01,7.665648971574426,T01
FM,T02,8.112934858573071,T02
FM,T03,8.183347831089456,T03
LM,T01,8.071643969534104,T01
LM,T02,8.305907786128458,T02
LM,T03,9.703102718256668,T03
LM,T04,8.558652911653809,T04
