Vessel,Difference
BP,-0.8078602232183698
FM,0.9052808807816461
LB,4.402897540781652
LJ,1.2375438677816533
LM,-20.244960115218348
MS,7.541711409781641
TM,-1.2986939332183454
