Vessel,Difference
FM,0.6991603684738692
LB,0.4513056357292271
LJ,0.1468141817490789
SL,3.016835199049453
NA,0
