Vessel,Transect.No.,Speed,Transect
FM,T01,8.721986890902702,T01
FM,T02,8.911909303113617,T02
LB,T01,8.730774627183768,T01
LB,T02,8.885120799970808,T02
LJ,T01,8.641364665177804,T01
LJ,T02,8.705473170230386,T02
SL,T01,9.016082549110106,T01
SL,T02,8.900433030322212,T02
