Vessel,Difference
C1,0.236976343
FM,-3.203686874
LJ,-0.442071029
MS,-1.948252397
