Vessel,Transect.No.,Speed,Transect
C1,T01,8.331452532628617,T01
C1,T02,8.230009130834015,T02
FM,T01,6.924482080898483,T01
FM,T02,9.097235055319544,T02
LJ,T01,7.316812965685703,T01
LJ,T02,8.670607635187123,T02
MS,T01,6.704308184110821,T01
MS,T02,7.746037052531755,T02
