Vessel,Difference
BP,-1.3253884593901688
C1,23.536146969174112
LM,7.69654017042474
MS,1.8325043966205783
NA,0
