Vessel,Transect.No.,Speed,Transect
BP,T01,9.436632205,T01
BP,T02,8.956308643,T02
BP,T03,9.081695564,T03
BP,T04,8.919996879,T04
C1,T01,8.188796032,T01
C1,T02,8.274082782,T02
C1,T03,8.657819898,T03
C1,T04,8.607766262,T04
C1,T05,8.475082928,T05
C1,T06,8.197242009,T06
LM,T01,13.68033552,T01
LM,T02,8.395215737,T02
LM,T03,8.440265861,T03
LM,T04,8.310051736,T04
MS,T01,8.388601753,T01
MS,T02,9.013658924,T02
MS,T03,8.753590885,T03
