Target Strength,Area (km2),Mean Sa,Density (kg/m2),Biomass (tons),Standard Error (tons),Standard Error (%),Layer,Turnover
-35.5,518,-48.8140312830771,0.0466496779515618,24150.5280733909,5858.20388470768,24.2570426075373,Main Box,12128.00175
-35.5,85,-46.5881393971308,0.109227506188648,6616.14456304231,6900.70132625993,104.30094536941,Northern Box,12128.00175
-35.5,101,-58.1181817408681,0.00550215067179172,552.717480115222,164.828942433278,29.8215541145753,Eastern Box,12128.00175
