Vessel,Difference
FM,-0.5660873381153095
LJ,0.13779092265410497
LM,2.4794968545725595
MS,1.2666352475891358
NA,0
