Vessel,Transect.No.,Speed,Transect
FM,T01,9.114597752759844,T01
FM,T02,8.497519932469139,T02
LJ,T01,9.009678387605478,T01
LJ,T02,7.790670323512298,T02
LM,T01,8.475813987752538,T01
LM,T02,8.526793626071195,T02
MS,T01,8.232146570362561,T01
MS,T02,7.527915516193614,T02
MS,T03,8.880128552279336,T03
MS,T04,7.805827627045075,T04
