Vessel,Difference
FM,86.73957222
LB,-75.65927755795289
LJ,-7.294454814068757
NA,0
