Vessel,Transect.No.,Speed,Transect
FM,T01,8.624060891181427,T01
FM,T02,8.11444747624143,T02
LJ,T01,8.864066207277865,T01
LJ,T02,7.928860472990301,T02
