Vessel,Difference
C1,5.839590475670292
LB,3.1878891246702636
LJ,0.4953164696702572
MS,3.905439283670262
SL,7.438682067670257
