Vessel,Transect.No.,Speed,Transect
C1,T01,8.625746201225509,T01
C1,T02,8.72986006857064,T02
C1,T03,8.907986751042136,T03
LB,T01,7.604156592749557,T01
LB,T02,8.226834384446349,T02
LB,T03,8.765302970649481,T03
LJ,T01,8.259759912812438,T01
LJ,T02,8.49336363400674,T02
LJ,T03,8.464544771273058,T03
MS,T01,7.950407295334487,T01
MS,T02,8.833586116533553,T02
MS,T03,9.143985090994365,T03
SL,T01,8.954397993497732,T01
SL,T02,8.644824069395108,T02
SL,T03,9.231251492648,T03
