Vessel,Difference
BP,75.81710288
LM,122.7919329
MS,103.718874172
