id,Vessel,Y,X,Yend ,Xend
3,LM,45.25397167,-64.73522167,45.306805,-64.55
4,LM,45.26866667,-64.75716667,45.32833333,-64.55
