Vessel,Transect.No.,Speed,Transect
BP,T01,Inf,T01
BP,T02,2.3225670071121916e-4,T02
LM,T01,Inf,T01
LM,T02,Inf,T02
LM,T03,1.1112899532777792e-4,T03
LM,T04,Inf,T04
MS,T01,Inf,T01
MS,T02,Inf,T02
MS,T03,1.099959770879836e-4,T03
MS,T04,Inf,T04
MS,T05,Inf,T05
