Target Strength,Area (km2),Mean Sa,Density (kg/m2),Biomass (tons),Standard Error (tons),Standard Error (%),Layer,Turnover
-35.5,796,-54.5267809561314,0.0122093698058203,9959.4412051225,2734.10212408973,27.4523647238711,German Bank,8377.03158292103
-35.5,272,-56.7015715577832,0.00756736899362141,2062.58449280517,468.308772219647,22.7049497294889,Seal Island,8377.03158292103
NA,NA,NA,NA,NA,NA,NA,School Survey,8377.03158292103
