Tag_Num,Date,Julian,Ground,Lat,Lon,returnedDate,returnedJulian,returnedArea,returnedLat,returnedLon,Catch.t,daysAtLarge,dataorigin,Comments,ReleaseNAFO,ReturnNAFO
420613,2016-06-28,180,Gannet Dry Ledge,43.605,-66.9362,2017-02-01,32,Area 1B,,,,218,complete.returns,,4Xq,
420289,2016-06-21,173,German Bank,43.4917,-66.7633,2017-03-01,60,Area 1B,,,,253,complete.returns,,4Xq,
430067,2016-08-15,228,Grand Manan Banks,44.2657,-67.0152,2016-09-27,271,Bradfords Cove Weir,,,,43,complete.returns,,5Yb,
442815,2018-06-27,178,Grand Manan Banks,44.44633333,-66.6723,2019-01-17,17,Bradfords Cove Weir,,,,204,complete.returns,,4Xs,
444728,2017-07-25,206,Grand Manan Banks,44.25366667,-67.0403,2017-09-12,255,Bradfords Cove Weir,,,,49,complete.returns,,5Yb,
585004,2022-06-05,156,Grand Manan Banks,44.24748333,-67.0472,2022-07-19,200,Brier,,,42.9,44,complete.returns,,5Yb,
450805,2018-07-03,184,Grand Manan,44.64683333,-66.6555,2019-01-16,16,Campobello North Road Shut Off,,,,197,complete.returns,,4Xs,
445366,2018-07-03,184,Grand Manan,44.64683333,-66.6555,2019-01-17,17,Campobello Ship Head Weir,,,,198,complete.returns,,4Xs,
465926,2020-07-02,184,German Bank,43.15397,-66.0777,2020-07-07,189,Casper,,,101.0,5,complete.returns,,4Xo,
452321,2019-07-04,185,Grand Manan Banks,44.28208333,-66.9652,2019-08-28,240,Chattis Point,,,,55,complete.returns,,5Yb,4Xs
44374,2019-06-05,156,Grand Manan Banks,44.2885,-66.9765,2019-08-21,233,Cora Bell Weir Grand Manan,,,,77,complete.returns,,5Yb,
44089,2019-06-05,156,Grand Manan Banks,44.2885,-66.9765,2019-08-27,239,Crow Island Weir,,,,83,complete.returns,,5Yb,
515650,2021-07-21,202,Long Island,44.21066667,-66.62083333,2021-10-15,288,Deer Island NB,,,14.0,86,complete.returns,,4Xr,
44358,2019-06-05,156,Grand Manan Banks,44.2885,-66.9765,2019-08-27,239,Flagg Cove,,,,83,complete.returns,,5Yb,
443959,2019-06-04,155,Grand Manan Banks,44.291,-66.973,2019-08-28,240,Flagg Cove,,,,85,complete.returns,,5Yb,
452653,2019-07-04,185,Grand Manan Banks,44.2866,-67.1728,2019-08-30,242,Flagg Cove,,,,57,complete.returns,,5Yb,
580142,2021-06-14,165,Gannet Dry Ledge,43.62055,-66.97898333,2021-06-29,180,Gannet Dry Ledge,,,58.0,15,complete.returns,GANNET DRY LEDGE-AREA 5,4Xq,4Xq
511150,2021-06-13,164,Gannet Dry Ledge,43.62583333,-67.00316667,2021-06-14,165,Gannet Dry Ledge,,,34.0,1,complete.returns,GANNET DRY LEDGE-AREA 5,4Xq,4Xq
511097,2021-06-13,164,Gannet Dry Ledge,43.62583333,-67.00316667,2021-06-14,165,Gannet Dry Ledge,,,56.0,1,complete.returns,GANNET DRY LEDGE-AREA 5,4Xq,4Xq
580326,2021-06-16,167,Gannet Dry Ledge,43.58883333,-66.78583333,2021-06-18,169,Gannet Dry Ledge,,,115.0,2,complete.returns,,4Xq,4Xq
580683,2021-06-17,168,Gannet Dry Ledge,43.5883,-66.78375,2021-06-19,170,Gannet Dry Ledge,,,115.0,2,complete.returns,,4Xq,4Xq
464823,2021-06-25,176,Lurcher,43.85333333,-67.02711667,2021-07-28,209,Gannet Dry Ledge,,,94.0,33,complete.returns,,5Yb,4Xq
551485,2022-07-08,189,Grand Manan,44.624,-66.65133333,2022-07-14,195,Gannet Dry Ledge,,,,6,complete.returns,,4Xs,4Xq
437082,2016-08-11,224,German Bank,43.3362,-66.4197,2017-07-19,200,German Bank,,,,342,complete.returns,,4Xq,4Xq
441773,2018-08-13,225,Long Island,44.51016667,-66.096,2018-09-25,268,German Bank,,,,43,complete.returns,,4Xr,4Xq
445880,2018-08-12,224,Long Island,44.57166667,-66.094,2018-09-24,267,German Bank,,,,43,complete.returns,,4Xr,4Xq
445969,2018-08-12,224,Long Island,44.57166667,-66.094,2018-10-02,275,German Bank,,,,51,complete.returns,,4Xr,4Xq
451520,2018-09-23,266,German Bank,43.46845,-66.3601,2018-10-04,277,German Bank,,,,11,complete.returns,,4Xq,4Xq
454158,2017-07-25,206,German Bank,43.43866667,-66.3812,2017-08-31,243,German Bank,,,,37,complete.returns,,4Xq,4Xq
454497,2017-07-26,207,German Bank,43.48667,-66.41,2017-09-11,254,German Bank,,,,47,complete.returns,,4Xq,4Xq
457012,2017-07-20,201,Seal Island,43.22866667,-66.0465,2017-08-16,228,German Bank,,,,27,complete.returns,,4Xq,4Xq
457449,2017-07-25,206,German Bank,43.43866667,-66.3812,2017-07-26,207,German Bank,,,,1,complete.returns,,4Xq,4Xq
457550,2017-07-25,206,German Bank,43.43866667,-66.3812,2017-07-26,207,German Bank,,,,1,complete.returns,,4Xq,4Xq
457761,2017-07-25,206,German Bank,43.43866667,-66.3812,2017-07-27,208,German Bank,,,,2,complete.returns,,4Xq,4Xq
458295,2017-07-26,207,German Bank,43.3805,-66.362,2017-07-27,208,German Bank,,,,1,complete.returns,,4Xq,4Xq
458336,2017-07-26,207,German Bank,43.3805,-66.362,2017-07-27,208,German Bank,,,,1,complete.returns,,4Xq,4Xq
458887,2017-07-27,208,German Bank,43.43233333,-66.4178,2017-08-21,233,German Bank,,,,25,complete.returns,,4Xq,4Xq
460132,2019-07-23,204,Lurcher,43.91701667,-66.5047,2019-10-01,274,German Bank,,,,70,complete.returns,,4Xq,4Xq
467016,2022-08-29,241,German Bank,43.28333333,-66.37416667,2022-09-02,245,German Bank,,,107.0,4,complete.returns,,4Xq,4Xq
467021,2022-08-29,241,German Bank,43.28333333,-66.37416667,2022-09-02,245,German Bank,,,107.0,4,complete.returns,,4Xq,4Xq
467273,2022-08-30,242,German Bank,43.28433333,-66.3675,2022-09-01,244,German Bank,,,78.0,2,complete.returns,,4Xq,4Xq
467344,2022-08-30,242,German Bank,43.28433333,-66.3675,2022-09-01,244,German Bank,,,78.0,2,complete.returns,,4Xq,4Xq
467356,2022-08-30,242,German Bank,43.28433333,-66.3675,2022-09-02,245,German Bank,,,107.0,3,complete.returns,,4Xq,4Xq
467423,2022-08-30,242,German Bank,43.28433333,-66.3675,2022-09-01,244,German Bank,,,78.0,2,complete.returns,,4Xq,4Xq
467545,2022-08-31,243,German Bank,43.277,-66.3662,2022-09-02,245,German Bank,,,107.0,2,complete.returns,,4Xq,4Xq
467673,2022-08-31,243,German Bank,43.30738333,-66.3797,2022-09-02,245,German Bank,,,107.0,2,complete.returns,,4Xq,4Xq
475464,2022-08-31,243,German Bank,43.27755,-66.38485,2022-09-02,245,German Bank,,,107.0,2,complete.returns,,4Xq,4Xq
481072,2020-09-14,258,German Bank,43.45883333,-66.3398,2021-09-09,252,German Bank,,,104.0,360,complete.returns,German Bank (Area 7),4Xq,4Xq
481556,2020-09-14,258,German Bank,43.25595,-66.3474,2020-09-16,260,German Bank,,,60.0,2,complete.returns,,4Xq,4Xq
481753,2020-09-24,268,German Bank,43.31285,-66.2112,2021-10-26,299,German Bank,,,71.0,397,complete.returns,German Bank (Area 7),4Xq,4Xq
481979,2020-09-28,272,German Bank,43.28278,-66.4392,2021-10-05,278,German Bank,,,139.0,372,complete.returns,German Bank (Area 7),4Xq,4Xq
491360,2022-09-12,255,SW Grounds,43.0025,-66.00383333,2022-09-14,257,German Bank,,,115.0,2,complete.returns,,4Xo,4Xq
491420,2022-09-12,255,SW Grounds,43.0025,-66.00383333,2022-09-14,257,German Bank,,,115.0,2,complete.returns,,4Xo,4Xq
493022,2021-10-20,293,German Bank,43.319583,-66.387583,2021-10-22,295,German Bank,,,74.0,2,complete.returns,German Bank (Area 7),4Xq,4Xq
493151,2021-10-21,294,German Bank,43.261467,-66.373683,2021-10-26,299,German Bank,,,71.0,5,complete.returns,German Bank (Area 7),4Xq,4Xq
498282,2022-08-16,228,German Bank,43.29838333,-66.42238333,2022-08-26,238,German Bank,,,69.0,10,complete.returns,,4Xq,4Xq
498300,2022-08-16,228,German Bank,43.29838333,-66.42238333,2022-08-26,238,German Bank,,,89.0,10,complete.returns,,4Xq,4Xq
498371,2022-08-16,228,German Bank,43.34535,-66.44735,2022-08-26,238,German Bank,,,89.0,10,complete.returns,,4Xq,4Xq
498624,2022-08-16,228,German Bank,43.34535,-66.44735,2022-09-01,244,German Bank,,,78.0,16,complete.returns,,4Xq,4Xq
499884,2022-08-15,227,German Bank,43.26666667,-66.36666667,2022-08-26,238,German Bank,,,89.0,11,complete.returns,,4Xq,4Xq
499954,2022-08-15,227,German Bank,43.26666667,-66.36666667,2022-08-26,238,German Bank,,,89.0,11,complete.returns,,4Xq,4Xq
502308,2022-08-24,236,German Bank,43.29388333,-66.39218333,2022-08-30,242,German Bank,,,116.0,6,complete.returns,,4Xq,4Xq
502309,2022-08-24,236,German Bank,43.29388333,-66.39218333,2022-09-02,245,German Bank,,,107.0,9,complete.returns,,4Xq,4Xq
502337,2022-08-24,236,German Bank,43.29388333,-66.39218333,2022-09-01,244,German Bank,,,78.0,8,complete.returns,,4Xq,4Xq
502361,2022-08-24,236,German Bank,43.29388333,-66.39218333,2022-08-26,238,German Bank,,,69.0,2,complete.returns,,4Xq,4Xq
502380,2022-08-24,236,German Bank,43.29388333,-66.39218333,2022-09-01,244,German Bank,,,78.0,8,complete.returns,,4Xq,4Xq
502496,2022-08-24,236,German Bank,43.29388333,-66.39218333,2022-09-01,244,German Bank,,,78.0,8,complete.returns,,4Xq,4Xq
502653,2022-08-24,236,German Bank,43.27011667,-66.37978333,2022-09-02,245,German Bank,,,107.0,9,complete.returns,,4Xq,4Xq
502723,2022-08-24,236,German Bank,43.22238333,-66.35058333,2022-08-30,242,German Bank,,,116.0,6,complete.returns,,4Xq,4Xq
502724,2022-08-24,236,German Bank,43.22238333,-66.35058333,2022-08-26,238,German Bank,,,69.0,2,complete.returns,,4Xq,4Xq
502769,2022-08-24,236,German Bank,43.22238333,-66.35058333,2022-08-26,238,German Bank,,,69.0,2,complete.returns,,4Xq,4Xq
502796,2022-08-24,236,German Bank,43.22238333,-66.35058333,2022-08-30,242,German Bank,,,116.0,6,complete.returns,,4Xq,4Xq
502797,2022-08-24,236,German Bank,43.22238333,-66.35058333,2022-08-26,238,German Bank,,,69.0,2,complete.returns,,4Xq,4Xq
502903,2022-08-24,236,German Bank,43.22238333,-66.35058333,2022-09-02,245,German Bank,,,107.0,9,complete.returns,,4Xq,4Xq
502933,2022-08-24,236,German Bank,43.22238333,-66.35058333,2022-08-26,238,German Bank,,,89.0,2,complete.returns,,4Xq,4Xq
502976,2022-08-24,236,German Bank,43.22238333,-66.35058333,2022-08-26,238,German Bank,,,69.0,2,complete.returns,,4Xq,4Xq
502992,2022-08-30,242,German Bank,43.24338333,-66.33363333,2022-09-01,244,German Bank,,,78.0,2,complete.returns,,4Xq,4Xq
510529,2022-08-29,241,German Bank,43.31666667,-66.36666667,2022-09-02,245,German Bank,,,107.0,4,complete.returns,,4Xq,4Xq
510587,2022-08-29,241,German Bank,43.31666667,-66.36666667,2022-09-02,245,German Bank,,,107.0,4,complete.returns,,4Xq,4Xq
510638,2022-09-01,244,German Bank,43.26666667,-66.35,2022-09-02,245,German Bank,,,107.0,1,complete.returns,,4Xq,4Xq
514221,2021-10-05,278,German Bank,43.28733333,-66.45016667,2021-10-06,279,German Bank,,,273.0,1,complete.returns,German Bank (Area 7),4Xq,4Xq
516733,2021-10-21,294,German Bank,43.32933333,-66.355,2021-10-22,295,German Bank,,,74.0,1,complete.returns,German Bank (Area 7),4Xq,4Xq
516784,2021-10-21,294,German Bank,43.32933333,-66.355,2021-10-22,295,German Bank,,,233.0,1,complete.returns,German Bank (Area 7),4Xq,4Xq
522460,2022-08-16,228,German Bank,43.32573333,-66.45521667,2022-09-02,245,German Bank,,,107.0,17,complete.returns,,4Xq,4Xq
522469,2022-08-16,228,German Bank,43.32573333,-66.45521667,2022-08-26,238,German Bank,,,89.0,10,complete.returns,,4Xq,4Xq
522544,2022-08-11,223,Scots Bay,45.1933,-64.88655,2022-09-02,245,German Bank,,,107.0,22,complete.returns,,4Xr,4Xq
522665,2022-08-16,228,German Bank,43.32573333,-66.45521667,2022-08-26,238,German Bank,,,89.0,10,complete.returns,,4Xq,4Xq
522747,2022-08-16,228,German Bank,43.32573333,-66.45521667,2022-08-26,238,German Bank,,,69.0,10,complete.returns,,4Xq,4Xq
522803,2022-08-24,236,German Bank,43.289,-66.368317,2022-09-02,245,German Bank,,,107.0,9,complete.returns,,4Xq,4Xq
522877,2022-08-24,236,German Bank,43.289,-66.368317,2022-08-30,242,German Bank,,,116.0,6,complete.returns,,4Xq,4Xq
522891,2022-08-24,236,German Bank,43.289,-66.368317,2022-08-26,238,German Bank,,,69.0,2,complete.returns,,4Xq,4Xq
522911,2022-08-24,236,German Bank,43.289,-66.368317,2022-08-26,238,German Bank,,,89.0,2,complete.returns,,4Xq,4Xq
522938,2022-08-24,236,German Bank,43.289,-66.368317,2022-09-01,244,German Bank,,,78.0,8,complete.returns,,4Xq,4Xq
586078,2022-09-01,244,German Bank,43.2689,-66.35883333,2022-09-02,245,German Bank,,,107.0,1,complete.returns,,4Xq,4Xq
590862,2021-08-25,237,German Bank,43.2792,-66.40478333,2021-09-01,244,German Bank,,,129.0,7,complete.returns,German Bank (Area 7),4Xq,4Xq
603036,2022-08-30,242,German Bank,43.24338333,-66.33363333,2022-09-01,244,German Bank,,,78.0,2,complete.returns,,4Xq,4Xq
603451,2022-08-31,243,German Bank,43.25115,-66.35738333,2022-09-02,245,German Bank,,,107.0,2,complete.returns,,4Xq,4Xq
603519,2022-09-12,255,German Bank,43.23446667,-66.34903333,2022-09-14,257,German Bank,,,115.0,2,complete.returns,,4Xq,4Xq
603644,2022-09-13,256,German Bank,43.25433333,-66.39785,2022-09-19,262,German Bank,,,102.0,6,complete.returns,,4Xq,4Xq
499949,2022-08-15,227,German Bank,43.26666667,-66.36666667,2022-08-16,228,German Bank,,,99.0,1,complete.returns,German Bank (Area 7),4Xq,4Xq
499939,2022-08-15,227,German Bank,43.26666667,-66.36666667,2022-08-16,228,German Bank,,,99.0,1,complete.returns,German Bank (Area 7),4Xq,4Xq
499943,2022-08-15,227,German Bank,43.26666667,-66.36666667,2022-08-16,228,German Bank,,,99.0,1,complete.returns,German Bank (Area 7),4Xq,4Xq
499966,2022-08-15,227,German Bank,43.26666667,-66.36666667,2022-08-16,228,German Bank,,,99.0,1,complete.returns,German Bank (Area 7),4Xq,4Xq
502516,2022-08-24,236,German Bank,43.27011667,-66.37978333,2022-08-26,238,German Bank,,,51.0,2,complete.returns,German Bank (Area 7),4Xq,4Xq
502885,2022-08-24,236,German Bank,43.22238333,-66.35058333,2022-08-26,238,German Bank,,,51.0,2,complete.returns,German Bank (Area 7),4Xq,4Xq
502718,2022-08-24,236,German Bank,43.22238333,-66.35058333,2022-08-26,238,German Bank,,,51.0,2,complete.returns,German Bank (Area 7),4Xq,4Xq
498552,2022-08-16,228,German Bank,43.34535,-66.44735,2022-08-26,238,German Bank,,,96.0,10,complete.returns,German Bank (Area 7),4Xq,4Xq
502385,2022-08-24,236,German Bank,43.29388333,-66.39218333,2022-08-26,238,German Bank,,,96.0,2,complete.returns,German Bank (Area 7),4Xq,4Xq
502550,2022-08-24,236,German Bank,43.27011667,-66.37978333,2022-08-26,238,German Bank,,,96.0,2,complete.returns,German Bank (Area 7),4Xq,4Xq
498250,2022-08-16,228,German Bank,43.29838333,-66.42238333,2022-08-26,238,German Bank,,,96.0,10,complete.returns,German Bank (Area 7),4Xq,4Xq
499957,2022-08-15,227,German Bank,43.26666667,-66.36666667,2022-08-26,238,German Bank,,,96.0,11,complete.returns,German Bank (Area 7),4Xq,4Xq
498420,2022-08-16,228,German Bank,43.34535,-66.44735,2022-08-26,238,German Bank,,,96.0,10,complete.returns,German Bank (Area 7),4Xq,4Xq
502546,2022-08-24,236,German Bank,43.27011667,-66.37978333,2022-08-26,238,German Bank,,,96.0,2,complete.returns,German Bank (Area 7),4Xq,4Xq
498479,2022-08-16,228,German Bank,43.34535,-66.44735,2022-08-26,238,German Bank,,,96.0,10,complete.returns,German Bank (Area 7),4Xq,4Xq
502429,2022-08-24,236,German Bank,43.29388333,-66.39218333,2022-08-26,238,German Bank,,,96.0,2,complete.returns,German Bank (Area 7),4Xq,4Xq
498441,2022-08-16,228,German Bank,43.34535,-66.44735,2022-08-30,242,German Bank,,,151.0,14,complete.returns,German Bank (Area 7),4Xq,4Xq
498533,2022-08-16,228,German Bank,43.34535,-66.44735,2022-08-30,242,German Bank,,,151.0,14,complete.returns,German Bank (Area 7),4Xq,4Xq
467085,2022-08-29,241,German Bank,43.28333333,-66.37416667,2022-08-30,242,German Bank,,,53.0,1,complete.returns,German Bank (Area 7),4Xq,4Xq
498641,2022-08-16,228,German Bank,43.34535,-66.44735,2022-08-31,243,German Bank,,,74.0,15,complete.returns,German Bank (Area 7),4Xq,4Xq
510570,2022-08-29,241,German Bank,43.31666667,-66.36666667,2022-08-31,243,German Bank,,,78.0,2,complete.returns,German Bank (Area 7),4Xq,4Xq
502850,2022-08-24,236,German Bank,43.22238333,-66.35058333,2022-08-31,243,German Bank,,,78.0,7,complete.returns,German Bank (Area 7),4Xq,4Xq
467076,2022-08-29,241,German Bank,43.28333333,-66.37416667,2022-08-31,243,German Bank,,,78.0,2,complete.returns,German Bank (Area 7),4Xq,4Xq
498315,2022-08-16,228,German Bank,43.29838333,-66.42238333,2022-08-31,243,German Bank,,,78.0,15,complete.returns,German Bank (Area 7),4Xq,4Xq
502315,2022-08-24,236,German Bank,43.29388333,-66.39218333,2022-08-31,243,German Bank,,,78.0,7,complete.returns,German Bank (Area 7),4Xq,4Xq
510611,2022-08-29,241,German Bank,43.31666667,-66.36666667,2022-08-31,243,German Bank,,,74.0,2,complete.returns,German Bank (Area 7),4Xq,4Xq
502622,2022-08-24,236,German Bank,43.27011667,-66.37978333,2022-08-31,243,German Bank,,,74.0,7,complete.returns,German Bank (Area 7),4Xq,4Xq
467067,2022-08-29,241,German Bank,43.28333333,-66.37416667,2022-09-01,244,German Bank,,,36.0,3,complete.returns,German Bank (Area 7),4Xq,4Xq
467367,2022-08-30,242,German Bank,43.28433333,-66.3675,2022-09-01,244,German Bank,,,36.0,2,complete.returns,German Bank (Area 7),4Xq,4Xq
510552,2022-08-29,241,German Bank,43.31666667,-66.36666667,2022-09-01,244,German Bank,,,36.0,3,complete.returns,German Bank (Area 7),4Xq,4Xq
510467,2022-08-29,241,German Bank,43.31666667,-66.36666667,2022-09-01,244,German Bank,,,36.0,3,complete.returns,German Bank (Area 7),4Xq,4Xq
491540,2022-09-13,256,German Bank,43.26666667,-66.38333333,2022-09-14,257,German Bank,,,86.0,1,complete.returns,German Bank (Area 7),4Xq,4Xq
491543,2022-09-13,256,German Bank,43.26666667,-66.38333333,2022-09-14,257,German Bank,,,79.0,1,complete.returns,German Bank (Area 7),4Xq,4Xq
491590,2022-09-13,256,German Bank,43.26666667,-66.38333333,2022-09-14,257,German Bank,,,79.0,1,complete.returns,German Bank (Area 7),4Xq,4Xq
491594,2022-09-13,256,German Bank,43.26666667,-66.38333333,2022-09-14,257,German Bank,,,79.0,1,complete.returns,German Bank (Area 7),4Xq,4Xq
603511,2022-09-12,255,German Bank,43.23446667,-66.34903333,2022-09-14,257,German Bank,,,79.0,2,complete.returns,German Bank (Area 7),4Xq,4Xq
491582,2022-09-13,256,German Bank,43.26666667,-66.38333333,2022-09-14,257,German Bank,,,79.0,1,complete.returns,German Bank (Area 7),4Xq,4Xq
491577,2022-09-13,256,German Bank,43.26666667,-66.38333333,2022-09-14,257,German Bank,,,79.0,1,complete.returns,German Bank (Area 7),4Xq,4Xq
491701,2022-09-13,256,German Bank,43.26666667,-66.38333333,2022-09-14,257,German Bank,,,79.0,1,complete.returns,German Bank (Area 7),4Xq,4Xq
522854,2022-08-24,236,German Bank,43.289,-66.368317,2022-08-26,238,German Bank,,,89.0,2,complete.returns,,4Xq,4Xq
491388,2022-09-12,255,SW Grounds,43.0025,-66.00383333,2022-09-14,257,German Bank,,,59.0,2,complete.returns,,4Xo,4Xq
603503,2022-09-12,255,German Bank,43.23446667,-66.34903333,2022-09-14,257,German Bank,,,59.0,2,complete.returns,,4Xq,4Xq
499869,2022-08-15,227,German Bank,43.26666667,-66.36666667,2022-08-16,228,German Bank,,,124.0,1,complete.returns,,4Xq,4Xq
481051,2020-09-14,258,German Bank,43.45883333,-66.3398,2022-08-30,242,German Bank,,,224.0,715,complete.returns,,4Xq,4Xq
498647,2022-08-16,228,German Bank,43.34535,-66.44735,2022-08-30,242,German Bank,,,224.0,14,complete.returns,,4Xq,4Xq
502898,2022-08-24,236,German Bank,43.22238333,-66.35058333,2022-08-30,242,German Bank,,,224.0,6,complete.returns,,4Xq,4Xq
502692,2022-08-24,236,German Bank,43.22238333,-66.35058333,2022-08-30,242,German Bank,,,224.0,6,complete.returns,,4Xq,4Xq
499931,2022-08-15,227,German Bank,43.26666667,-66.36666667,2022-08-31,243,German Bank,,,224.0,16,complete.returns,,4Xq,4Xq
498408,2022-08-16,228,German Bank,43.34535,-66.44735,2022-08-31,243,German Bank,,,224.0,15,complete.returns,,4Xq,4Xq
500735,2022-08-10,222,Scots Bay,45.15665,-64.97125,2022-08-30,242,German Bank,,,224.0,20,complete.returns,,4Xr,4Xq
522754,2022-08-16,228,German Bank,43.32573333,-66.45521667,2022-08-30,242,German Bank,,,224.0,14,complete.returns,,4Xq,4Xq
502664,2022-08-24,236,German Bank,43.27011667,-66.37978333,2022-08-31,243,German Bank,,,224.0,7,complete.returns,,4Xq,4Xq
498158,2022-08-16,228,German Bank,43.29838333,-66.42238333,2022-08-31,243,German Bank,,,224.0,15,complete.returns,,4Xq,4Xq
502801,2022-08-24,236,German Bank,43.22238333,-66.35058333,2022-08-31,243,German Bank,,,224.0,7,complete.returns,,4Xq,4Xq
498289,2022-08-16,228,German Bank,43.29838333,-66.42238333,2022-08-31,243,German Bank,,,224.0,15,complete.returns,,4Xq,4Xq
498427,2022-08-16,228,German Bank,43.34535,-66.44735,2022-08-31,243,German Bank,,,224.0,15,complete.returns,,4Xq,4Xq
502660,2022-08-24,236,German Bank,43.27011667,-66.37978333,2022-08-31,243,German Bank,,,224.0,7,complete.returns,,4Xq,4Xq
590964,2021-08-25,237,German Bank,43.2792,-66.40478333,2022-08-31,243,German Bank,,,224.0,371,complete.returns,,4Xq,4Xq
498433,2022-08-16,228,German Bank,43.34535,-66.44735,2022-08-31,243,German Bank,,,224.0,15,complete.returns,,4Xq,4Xq
498598,2022-08-16,228,German Bank,43.34535,-66.44735,2022-08-31,243,German Bank,,,224.0,15,complete.returns,,4Xq,4Xq
502431,2022-08-24,236,German Bank,43.29388333,-66.39218333,2022-08-31,243,German Bank,,,224.0,7,complete.returns,,4Xq,4Xq
522687,2022-08-16,228,German Bank,43.32573333,-66.45521667,2022-08-31,243,German Bank,,,224.0,15,complete.returns,,4Xq,4Xq
502304,2022-08-24,236,German Bank,43.29388333,-66.39218333,2022-08-31,243,German Bank,,,224.0,7,complete.returns,,4Xq,4Xq
498443,2022-08-16,228,German Bank,43.34535,-66.44735,2022-08-31,243,German Bank,,,224.0,15,complete.returns,,4Xq,4Xq
491365,2022-09-12,255,SW Grounds,43.0025,-66.00383333,2022-09-14,257,German Bank,,,125.0,2,complete.returns,,4Xo,4Xq
603505,2022-09-12,255,German Bank,43.23446667,-66.34903333,2022-09-14,257,German Bank,,,125.0,2,complete.returns,,4Xq,4Xq
603522,2022-09-12,255,German Bank,43.23446667,-66.34903333,2022-09-14,257,German Bank,,,125.0,2,complete.returns,,4Xq,4Xq
603526,2022-09-12,255,German Bank,43.23446667,-66.34903333,2022-09-14,257,German Bank,,,125.0,2,complete.returns,,4Xq,4Xq
603527,2022-09-12,255,German Bank,43.23446667,-66.34903333,2022-09-14,257,German Bank,,,125.0,2,complete.returns,,4Xq,4Xq
491282,2022-09-12,255,SW Grounds,43.0025,-66.00383333,2022-09-14,257,German Bank,,,125.0,2,complete.returns,,4Xo,4Xq
473252,2022-09-12,255,German Bank,43.27091667,-66.36568333,2022-09-13,256,German Bank,,,105.0,1,complete.returns,,4Xq,4Xq
473184,2022-09-12,255,German Bank,43.27091667,-66.36568333,2022-09-14,257,German Bank,,,103.0,2,complete.returns,,4Xq,4Xq
473264,2022-09-12,255,German Bank,43.27091667,-66.36568333,2022-09-14,257,German Bank,,,125.0,2,complete.returns,,4Xq,4Xq
603546,2022-09-12,255,German Bank,43.23446667,-66.34903333,2022-09-14,257,German Bank,,,125.0,2,complete.returns,,4Xq,4Xq
491344,2022-09-12,255,SW Grounds,43.0025,-66.00383333,2022-09-14,257,German Bank,,,125.0,2,complete.returns,,4Xo,4Xq
491352,2022-09-12,255,SW Grounds,43.0025,-66.00383333,2022-09-14,257,German Bank,,,125.0,2,complete.returns,,4Xo,4Xq
601412,2022-09-28,271,German Bank,43.26085,-66.32086667,2022-09-30,273,German Bank,,,83.0,2,complete.returns,,4Xq,4Xq
491324,2022-09-12,255,SW Grounds,43.0025,-66.00383333,2022-09-19,262,German Bank,,,115.0,7,complete.returns,,4Xo,4Xq
467290,2022-08-30,242,German Bank,43.28433333,-66.3675,2022-09-02,245,German Bank,,,66.0,3,complete.returns,,4Xq,4Xq
522875,2022-08-24,236,German Bank,43.289,-66.368317,2022-09-02,245,German Bank,,,66.0,9,complete.returns,,4Xq,4Xq
510594,2022-08-29,241,German Bank,43.31666667,-66.36666667,2022-09-01,244,German Bank,,,19.0,3,complete.returns,,4Xq,4Xq
467488,2022-08-31,243,German Bank,43.277,-66.3662,2022-09-01,244,German Bank,,,19.0,1,complete.returns,,4Xq,4Xq
502847,2022-08-24,236,German Bank,43.22238333,-66.35058333,2022-08-31,243,German Bank,,,13.0,7,complete.returns,,4Xq,4Xq
522729,2022-08-16,228,German Bank,43.32573333,-66.45521667,2022-08-26,238,German Bank,,,,10,complete.returns,,4Xq,4Xq
488355,2021-09-01,244,German Bank,43.332,-66.4175,2021-09-02,245,German Bank,,,156.0,1,complete.returns,,4Xq,4Xq
488266,2021-09-01,244,German Bank,43.332,-66.4175,2021-09-02,245,German Bank,,,156.0,1,complete.returns,,4Xq,4Xq
488618,2021-09-01,244,German Bank,43.376,-66.436,2021-09-02,245,German Bank,,,156.0,1,complete.returns,,4Xq,4Xq
488534,2021-09-01,244,German Bank,43.376,-66.436,2021-09-02,245,German Bank,,,156.0,1,complete.returns,,4Xq,4Xq
488533,2021-09-01,244,German Bank,43.376,-66.436,2021-09-02,245,German Bank,,,156.0,1,complete.returns,,4Xq,4Xq
581796,2021-06-13,164,Gannet Dry Ledge,43.630833,-66.996111,2021-09-08,251,German Bank,,,104.0,87,complete.returns,,4Xq,4Xq
464297,2021-06-17,168,Gannet Dry Ledge,43.58328333,-66.78353333,2021-09-08,251,German Bank,,,83.0,83,complete.returns,,4Xq,4Xq
580818,2021-06-17,168,Gannet Dry Ledge,43.5883,-66.78375,2021-09-08,251,German Bank,,,104.0,83,complete.returns,,4Xq,4Xq
488502,2021-09-01,244,German Bank,43.376,-66.436,2021-09-08,251,German Bank,,,104.0,7,complete.returns,,4Xq,4Xq
463962,2021-08-31,243,Scots Bay,45.13268333,-65.04171667,2021-09-09,252,German Bank,,,83.0,9,complete.returns,,4Xr,4Xq
463779,2021-08-30,242,Scots Bay,45.12588333,-65.0624,2021-09-15,258,German Bank,,,97.0,16,complete.returns,,4Xr,4Xq
580835,2021-06-17,168,Gannet Dry Ledge,43.5883,-66.78375,2021-09-15,258,German Bank,,,97.0,90,complete.returns,,4Xq,4Xq
463482,2021-08-18,230,Scots Bay,45.1419,-65.03458333,2021-09-15,258,German Bank,,,97.0,28,complete.returns,,4Xr,4Xq
511231,2021-06-14,165,Gannet Dry Ledge,43.6125,-66.96216667,2021-09-15,258,German Bank,,,97.0,93,complete.returns,,4Xq,4Xq
488198,2021-08-31,243,Scots Bay,45.12833333,-65.0535,2021-09-15,258,German Bank,,,97.0,15,complete.returns,,4Xr,4Xq
510156,2021-10-18,291,German Bank,43.29266667,-66.33083333,2021-10-21,294,German Bank,,,,3,complete.returns,,4Xq,4Xq
42544,2019-10-14,287,German Bank,43.30968333,-66.1393,2021-10-26,299,German Bank,,,,743,complete.returns,,4Xq,4Xq
581777,2021-06-13,164,Gannet Dry Ledge,43.630833,-66.996111,2021-06-24,175,German Bank,,,90.0,11,complete.returns,,4Xq,4Xq
205155,2019-10-13,286,German Bank,43.2669,-66.0784,2021-09-08,251,German Bank,,,101.0,696,complete.returns,,4Xq,4Xq
489754,2021-09-07,250,German Bank,43.2875,-66.38495,2021-09-09,252,German Bank,,,33.0,2,complete.returns,,4Xq,4Xq
488595,2021-09-01,244,German Bank,43.376,-66.436,2021-09-09,252,German Bank,,,66.0,8,complete.returns,,4Xq,4Xq
488585,2021-09-01,244,German Bank,43.376,-66.436,2021-09-09,252,German Bank,,,66.0,8,complete.returns,,4Xq,4Xq
489473,2021-09-21,264,German Bank,43.28245,-66.40563333,2021-09-23,266,German Bank,,,95.0,2,complete.returns,,4Xq,4Xq
514422,2021-10-05,278,German Bank,43.28733333,-66.45016667,2021-10-06,279,German Bank,,,137.0,1,complete.returns,,4Xq,4Xq
514447,2021-10-05,278,German Bank,43.28733333,-66.45016667,2021-10-06,279,German Bank,,,137.0,1,complete.returns,,4Xq,4Xq
514164,2021-10-04,277,German Bank,43.296111,-66.457222,2021-10-06,279,German Bank,,,137.0,2,complete.returns,,4Xq,4Xq
516640,2021-10-20,293,German Bank,43.295,-66.38633333,2021-10-21,294,German Bank,,,115.0,1,complete.returns,,4Xq,4Xq
493029,2021-10-20,293,German Bank,43.319583,-66.387583,2021-10-21,294,German Bank,,,115.0,1,complete.returns,,4Xq,4Xq
526873,2021-10-20,293,German Bank,43.304,-66.385683,2021-10-21,294,German Bank,,,115.0,1,complete.returns,,4Xq,4Xq
510146,2021-10-18,291,German Bank,43.29266667,-66.33083333,2021-10-21,294,German Bank,,,115.0,3,complete.returns,,4Xq,4Xq
510089,2021-10-18,291,German Bank,43.29266667,-66.33083333,2021-10-21,294,German Bank,,,115.0,3,complete.returns,,4Xq,4Xq
516656,2021-10-20,293,German Bank,43.295,-66.38633333,2021-10-21,294,German Bank,,,53.0,1,complete.returns,,4Xq,4Xq
516759,2021-10-21,294,German Bank,43.32933333,-66.355,2021-10-22,295,German Bank,,,53.0,1,complete.returns,,4Xq,4Xq
510101,2021-10-18,291,German Bank,43.29266667,-66.33083333,2021-10-22,295,German Bank,,,53.0,4,complete.returns,,4Xq,4Xq
516745,2021-10-21,294,German Bank,43.32933333,-66.355,2021-10-22,295,German Bank,,,53.0,1,complete.returns,,4Xq,4Xq
516963,2021-10-21,294,German Bank,43.32933333,-66.355,2021-10-26,299,German Bank,,,88.0,5,complete.returns,,4Xq,4Xq
516760,2021-10-21,294,German Bank,43.32933333,-66.355,2021-10-26,299,German Bank,,,88.0,5,complete.returns,,4Xq,4Xq
493025,2021-10-20,293,German Bank,43.319583,-66.387583,2021-10-26,299,German Bank,,,88.0,6,complete.returns,,4Xq,4Xq
414230,2019-08-27,239,German Bank,43.39391667,-66.3496,2020-09-28,272,German Bank,,,118.0,398,complete.returns,,4Xq,4Xq
554713,2020-10-11,285,NB Coastal,44.9805,-66.7118,2020-10-14,288,German Bank,,,134.0,3,complete.returns,,4Xs,4Xq
552588,2020-10-06,280,NB Coastal,44.95083,-66.7407,2020-10-14,288,German Bank,,,134.0,8,complete.returns,,4Xs,4Xq
554694,2020-10-11,285,NB Coastal,44.9805,-66.7118,2020-10-14,288,German Bank,,,134.0,3,complete.returns,,4Xs,4Xq
554687,2020-10-11,285,NB Coastal,44.9805,-66.7118,2020-10-14,288,German Bank,,,134.0,3,complete.returns,,4Xs,4Xq
554718,2020-10-11,285,NB Coastal,44.9805,-66.7118,2020-10-14,288,German Bank,,,134.0,3,complete.returns,,4Xs,4Xq
552085,2020-10-06,280,NB Coastal,44.94533,-66.742,2020-10-14,288,German Bank,,,134.0,8,complete.returns,,4Xs,4Xq
554722,2020-10-11,285,NB Coastal,44.9805,-66.7118,2020-10-14,288,German Bank,,,134.0,3,complete.returns,,4Xs,4Xq
554792,2020-10-11,285,NB Coastal,44.9805,-66.7118,2020-10-14,288,German Bank,,,134.0,3,complete.returns,,4Xs,4Xq
481022,2020-09-14,258,German Bank,43.45883333,-66.3398,2020-10-05,279,German Bank,,,64.0,21,complete.returns,,4Xq,4Xq
531489,2020-08-17,230,German Bank,43.45705,-66.4307,2020-08-18,231,German Bank,,,99.0,1,complete.returns,,4Xq,4Xq
208065,2019-09-12,255,German Bank,43.27,-66.3662,2019-09-27,270,German Bank,,,,15,complete.returns,,4Xq,4Xq
208140,2019-09-12,255,German Bank,43.27,-66.3662,2019-09-27,270,German Bank,,,,15,complete.returns,,4Xq,4Xq
408257,2019-09-10,253,German Bank,43.27106667,-66.3585,2019-09-27,270,German Bank,,,,17,complete.returns,,4Xq,4Xq
419252,2016-06-15,167,German Bank,43.5015,-66.7742,2016-06-21,173,German Bank,,,,6,complete.returns,,4Xq,4Xq
419373,2016-06-15,167,German Bank,43.5015,-66.7742,2016-08-25,238,German Bank,,,,71,complete.returns,,4Xq,4Xq
419581,2016-06-16,168,Gannet Dry Ledge,43.6117,-66.935,2016-06-17,169,German Bank,,,,1,complete.returns,,4Xq,4Xq
420881,2016-07-04,186,German Bank,43.5083,-66.7148,2016-07-05,187,German Bank,,,,1,complete.returns,NW of German Bank,4Xq,4Xq
420894,2016-07-04,186,German Bank,43.5083,-66.7148,2016-07-05,187,German Bank,,,,1,complete.returns,NW of German Bank,4Xq,4Xq
420908,2016-07-04,186,German Bank,43.5083,-66.7148,2016-09-02,246,German Bank,,,,60,complete.returns,,4Xq,4Xq
420925,2016-07-04,186,German Bank,43.5083,-66.7148,2016-07-05,187,German Bank,,,,1,complete.returns,NW of German Bank,4Xq,4Xq
420927,2016-07-04,186,German Bank,43.5083,-66.7148,2016-07-05,187,German Bank,,,,1,complete.returns,NW of German Bank,4Xq,4Xq
420971,2016-07-04,186,German Bank,43.5083,-66.7148,2016-07-05,187,German Bank,,,,1,complete.returns,NW of German Bank,4Xq,4Xq
420973,2016-07-04,186,German Bank,43.5083,-66.7148,2016-07-05,187,German Bank,,,,1,complete.returns,NW of German Bank,4Xq,4Xq
421549,2016-07-04,186,German Bank,43.5,-66.7233,2016-08-29,242,German Bank,,,,56,complete.returns,,4Xq,4Xq
421726,2016-07-05,187,German Bank,43.545,-66.6783,2016-08-25,238,German Bank,,,,51,complete.returns,,4Xq,4Xq
421745,2016-07-05,187,German Bank,43.545,-66.6783,2016-08-22,235,German Bank,,,,48,complete.returns,,4Xq,4Xq
422345,2016-07-06,188,Gannet Dry Ledge,43.5067,-66.7723,2016-08-30,243,German Bank,,,,55,complete.returns,,4Xq,4Xq
422788,2016-08-01,214,German Bank,43.4042,-66.3963,2016-08-31,244,German Bank,,,,30,complete.returns,,4Xq,4Xq
422951,2016-08-01,214,German Bank,43.4042,-66.3963,2016-08-16,229,German Bank,,,,15,complete.returns,,4Xq,4Xq
423063,2016-08-02,215,German Bank,43.3678,-66.3952,2016-08-25,238,German Bank,,,,23,complete.returns,,4Xq,4Xq
423592,2016-08-03,216,German Bank,43.3908,-66.3952,2016-08-11,224,German Bank,,,,8,complete.returns,,4Xq,4Xq
423786,2016-08-03,216,German Bank,43.3908,-66.3952,2017-09-07,250,German Bank,,,,400,complete.returns,,4Xq,4Xq
424951,2016-08-07,220,German Bank,43.4618,-66.3385,2016-08-17,230,German Bank,,,,10,complete.returns,,4Xq,4Xq
424996,2016-08-07,220,German Bank,43.4618,-66.3385,2016-08-10,223,German Bank,,,,3,complete.returns,,4Xq,4Xq
426821,2016-08-02,215,Grand Manan Banks,44.1733,-67.105,2016-09-07,251,German Bank,,,,36,complete.returns,,5Yb,4Xq
431162,2016-08-10,223,German Bank,43.4248,-66.398,2016-08-22,235,German Bank,,,,12,complete.returns,,4Xq,4Xq
431354,2016-08-10,223,German Bank,43.4248,-66.398,2016-08-16,229,German Bank,,,,6,complete.returns,,4Xq,4Xq
431506,2016-08-11,224,German Bank,43.4623,-66.349,2016-08-25,238,German Bank,,,,14,complete.returns,,4Xq,4Xq
431509,2016-08-11,224,German Bank,43.4623,-66.349,2016-08-23,236,German Bank,,,,12,complete.returns,,4Xq,4Xq
431543,2016-08-11,224,German Bank,43.4623,-66.349,2016-08-23,236,German Bank,,,,12,complete.returns,,4Xq,4Xq
431545,2016-08-11,224,German Bank,43.4623,-66.349,2016-08-17,230,German Bank,,,,6,complete.returns,,4Xq,4Xq
431555,2016-08-11,224,German Bank,43.4623,-66.349,2016-08-23,236,German Bank,,,,12,complete.returns,,4Xq,4Xq
431635,2016-08-11,224,German Bank,43.4623,-66.349,2016-08-23,236,German Bank,,,,12,complete.returns,,4Xq,4Xq
431647,2016-08-11,224,German Bank,43.4623,-66.349,2016-08-15,228,German Bank,,,,4,complete.returns,,4Xq,4Xq
431662,2016-08-11,224,German Bank,43.4623,-66.349,2016-08-17,230,German Bank,,,,6,complete.returns,,4Xq,4Xq
431690,2016-08-11,224,German Bank,43.4623,-66.349,2016-08-25,238,German Bank,,,,14,complete.returns,,4Xq,4Xq
431699,2016-08-11,224,German Bank,43.4623,-66.349,2016-08-22,235,German Bank,,,,11,complete.returns,,4Xq,4Xq
431880,2016-08-11,224,German Bank,43.3127,-66.4268,2016-09-02,246,German Bank,,,,22,complete.returns,,4Xq,4Xq
435040,2016-08-11,224,German Bank,43.3127,-66.4268,2016-08-22,235,German Bank,,,,11,complete.returns,,4Xq,4Xq
435461,2016-08-11,224,German Bank,43.3305,-66.4655,2016-08-12,225,German Bank,,,,1,complete.returns,,4Xq,4Xq
435502,2016-08-11,224,German Bank,43.3305,-66.4655,2016-09-13,257,German Bank,,,,33,complete.returns,,4Xq,4Xq
437173,2016-08-11,224,German Bank,43.3362,-66.4197,2016-09-13,257,German Bank,,,,33,complete.returns,,4Xq,4Xq
437865,2016-08-12,225,German Bank,43.3017,-66.3945,2016-08-22,235,German Bank,,,,10,complete.returns,,4Xq,4Xq
440021,2016-08-07,220,German Bank,43.4618,-66.3385,2016-08-15,228,German Bank,,,,8,complete.returns,,4Xq,4Xq
440457,2016-08-07,220,German Bank,43.456,-66.3372,2016-08-17,230,German Bank,,,,10,complete.returns,,4Xq,4Xq
440591,2016-08-10,223,German Bank,43.352,-66.4175,2016-08-25,238,German Bank,,,,15,complete.returns,,4Xq,4Xq
440787,2016-08-10,223,German Bank,43.352,-66.4175,2016-08-23,236,German Bank,,,,13,complete.returns,,4Xq,4Xq
440888,2016-08-10,223,German Bank,43.352,-66.4175,2016-09-13,257,German Bank,,,,34,complete.returns,,4Xq,4Xq
440910,2016-08-10,223,German Bank,43.352,-66.4175,2016-08-12,225,German Bank,,,,2,complete.returns,,4Xq,4Xq
448003,2017-06-12,163,Gannet Dry Ledge,43.60833333,-66.9297,2017-07-27,208,German Bank,,,,45,complete.returns,,4Xq,4Xq
457506,2017-07-25,206,German Bank,43.43866667,-66.3812,2017-08-17,229,German Bank,,,,23,complete.returns,,4Xq,4Xq
457674,2017-07-25,206,German Bank,43.43866667,-66.3812,2017-07-27,208,German Bank,,,,2,complete.returns,,4Xq,4Xq
458234,2017-07-26,207,German Bank,43.3805,-66.362,2017-09-11,254,German Bank,,,,47,complete.returns,,4Xq,4Xq
493430,2021-10-25,298,German Bank,43.21255,-66.331333,2021-11-03,307,German Bank,,,143.0,9,complete.returns,,4Xq,4Xq
488738,2021-09-07,250,German Bank,43.2765,-66.37366667,2021-09-09,252,German Bank,,,67.0,2,complete.returns,,4Xq,4Xq
498968,2022-08-23,235,Scots Bay,45.12695,-65.0344,2022-10-11,284,German Bank,,,,49,complete.returns,,4Xr,4Xq
471228,2023-08-21,233,German Bank,43.26611111,-66.37361111,2023-08-24,236,German Bank,,,60.0,3,complete.returns,,4Xq,4Xq
577024,2023-08-30,242,German Bank,43.25305556,-66.345,2023-09-05,248,German Bank,,,116.0,6,complete.returns,,4Xq,4Xq
467003,2022-08-29,241,German Bank,43.28333333,-66.37416667,2023-09-05,248,German Bank,,,116.0,372,complete.returns,,4Xq,4Xq
577080,2023-08-30,242,German Bank,43.25305556,-66.345,2023-09-05,248,German Bank,,,116.0,6,complete.returns,,4Xq,4Xq
498467,2022-08-16,228,German Bank,43.34535,-66.44735,2023-09-05,248,German Bank,,,116.0,385,complete.returns,,4Xq,4Xq
577167,2023-08-31,243,German Bank,43.28888889,-66.42055556,2023-09-05,248,German Bank,,,116.0,5,complete.returns,,4Xq,4Xq
578643,2023-09-04,247,German Bank,43.25305556,-66.36638889,2023-09-06,249,German Bank,,,102.0,2,complete.returns,,4Xq,4Xq
532001,2023-09-04,247,German Bank,43.25,-66.35,2023-09-06,249,German Bank,,,102.0,2,complete.returns,,4Xq,4Xq
567542,2023-09-03,246,German Bank,43.27138889,-66.37361111,2023-09-06,249,German Bank,,,102.0,3,complete.returns,,4Xq,4Xq
578658,2023-09-04,247,German Bank,43.25305556,-66.36638889,2023-09-06,249,German Bank,,,102.0,2,complete.returns,,4Xq,4Xq
577160,2023-08-31,243,German Bank,43.28888889,-66.42055556,2023-09-06,249,German Bank,,,98.0,6,complete.returns,,4Xq,4Xq
577260,2023-08-31,243,German Bank,43.28888889,-66.42055556,2023-09-06,249,German Bank,,,98.0,6,complete.returns,,4Xq,4Xq
532020,2023-09-04,247,German Bank,43.25,-66.35,2023-09-06,249,German Bank,,,102.0,2,complete.returns,,4Xq,4Xq
567576,2023-09-03,246,German Bank,43.27138889,-66.37361111,2023-09-06,249,German Bank,,,102.0,3,complete.returns,,4Xq,4Xq
567454,2023-09-03,246,German Bank,43.27138889,-66.37361111,2023-09-06,249,German Bank,,,102.0,3,complete.returns,,4Xq,4Xq
532029,2023-09-04,247,German Bank,43.25,-66.35,2023-09-06,249,German Bank,,,102.0,2,complete.returns,,4Xq,4Xq
532110,2023-09-04,247,German Bank,43.25,-66.35,2023-09-06,249,German Bank,,,102.0,2,complete.returns,,4Xq,4Xq
567443,2023-09-03,246,German Bank,43.27138889,-66.37361111,2023-09-06,249,German Bank,,,102.0,3,complete.returns,,4Xq,4Xq
567494,2023-09-03,246,German Bank,43.27138889,-66.37361111,2023-09-06,249,German Bank,,,102.0,3,complete.returns,,4Xq,4Xq
567475,2023-09-03,246,German Bank,43.27138889,-66.37361111,2023-09-06,249,German Bank,,,102.0,3,complete.returns,,4Xq,4Xq
577724,2023-09-04,247,German Bank,43.25055556,-66.38055556,2023-09-06,249,German Bank,,,102.0,2,complete.returns,,4Xq,4Xq
528099,2023-09-05,248,German Bank,43.26666667,-66.36638889,2023-09-06,249,German Bank,,,102.0,1,complete.returns,,4Xq,4Xq
567624,2023-09-03,246,German Bank,43.27138889,-66.37361111,2023-09-06,249,German Bank,,,102.0,3,complete.returns,,4Xq,4Xq
567481,2023-09-03,246,German Bank,43.27138889,-66.37361111,2023-09-06,249,German Bank,,,102.0,3,complete.returns,,4Xq,4Xq
577411,2023-09-04,247,German Bank,43.25972222,-66.37611111,2023-09-06,249,German Bank,,,102.0,2,complete.returns,,4Xq,4Xq
528138,2023-09-05,248,German Bank,43.26666667,-66.36638889,2023-09-07,250,German Bank,,,110.0,2,complete.returns,,4Xq,4Xq
567369,2023-09-03,246,German Bank,43.27138889,-66.37361111,2023-09-07,250,German Bank,,,110.0,4,complete.returns,,4Xq,4Xq
577185,2023-08-31,243,German Bank,43.28888889,-66.42055556,2023-09-07,250,German Bank,,,110.0,7,complete.returns,,4Xq,4Xq
528133,2023-09-05,248,German Bank,43.26666667,-66.36638889,2023-09-07,250,German Bank,,,110.0,2,complete.returns,,4Xq,4Xq
567416,2023-09-03,246,German Bank,43.27138889,-66.37361111,2023-09-07,250,German Bank,,,110.0,4,complete.returns,,4Xq,4Xq
578599,2023-09-04,247,German Bank,43.25305556,-66.36638889,2023-09-07,250,German Bank,,,110.0,3,complete.returns,,4Xq,4Xq
532355,2023-09-11,254,German Bank,43.25,-66.4,2023-09-15,258,German Bank,,,96.0,4,complete.returns,,4Xq,4Xq
532421,2023-09-11,254,German Bank,43.25,-66.4,2023-09-15,258,German Bank,,,96.0,4,complete.returns,,4Xq,4Xq
528173,2023-09-06,249,German Bank,43.26472222,-66.35638889,2023-09-15,258,German Bank,,,96.0,9,complete.returns,,4Xq,4Xq
528274,2023-09-06,249,German Bank,43.26472222,-66.35638889,2023-09-15,258,German Bank,,,96.0,9,complete.returns,,4Xq,4Xq
532267,2023-09-11,254,German Bank,43.25,-66.4,2023-09-15,258,German Bank,,,96.0,4,complete.returns,,4Xq,4Xq
567598,2023-09-03,246,German Bank,43.27138889,-66.37361111,2023-09-15,258,German Bank,,,96.0,12,complete.returns,,4Xq,4Xq
567546,2023-09-03,246,German Bank,43.27138889,-66.37361111,2023-09-15,258,German Bank,,,96.0,12,complete.returns,,4Xq,4Xq
567628,2023-09-03,246,German Bank,43.27138889,-66.37361111,2023-09-15,258,German Bank,,,96.0,12,complete.returns,,4Xq,4Xq
528203,2023-09-06,249,German Bank,43.26472222,-66.35638889,2023-09-15,258,German Bank,,,96.0,9,complete.returns,,4Xq,4Xq
567533,2023-09-03,246,German Bank,43.27138889,-66.37361111,2023-09-15,258,German Bank,,,96.0,12,complete.returns,,4Xq,4Xq
510905,2022-09-01,244,German Bank,43.25,-66.35,2023-09-18,261,German Bank,,,121.0,382,complete.returns,,4Xq,4Xq
567420,2023-09-03,246,German Bank,43.27138889,-66.37361111,2023-09-18,261,German Bank,,,121.0,15,complete.returns,,4Xq,4Xq
578413,2023-09-14,257,German Bank,43.3075,-66.4,2023-09-18,261,German Bank,,,121.0,4,complete.returns,,4Xq,4Xq
532365,2023-09-11,254,German Bank,43.25,-66.4,2023-09-18,261,German Bank,,,121.0,7,complete.returns,,4Xq,4Xq
467543,2022-08-31,243,German Bank,43.277,-66.3662,2023-09-18,261,German Bank,,,121.0,383,complete.returns,,4Xq,4Xq
532385,2023-09-11,254,German Bank,43.25,-66.4,2023-09-18,261,German Bank,,,121.0,7,complete.returns,,4Xq,4Xq
577556,2023-09-04,247,German Bank,43.25055556,-66.38055556,2023-09-19,262,German Bank,,,108.0,15,complete.returns,,4Xq,4Xq
532375,2023-09-11,254,German Bank,43.25,-66.4,2023-09-19,262,German Bank,,,108.0,8,complete.returns,,4Xq,4Xq
577608,2023-09-04,247,German Bank,43.25055556,-66.38055556,2023-09-19,262,German Bank,,,108.0,15,complete.returns,,4Xq,4Xq
532427,2023-09-11,254,German Bank,43.25,-66.4,2023-09-19,262,German Bank,,,108.0,8,complete.returns,,4Xq,4Xq
574192,2023-09-12,255,German Bank,43.31,-66.2847,2023-09-19,262,German Bank,,,108.0,7,complete.returns,,4Xq,4Xq
528313,2023-09-06,249,German Bank,43.26472222,-66.35638889,2023-09-19,262,German Bank,,,108.0,13,complete.returns,,4Xq,4Xq
532392,2023-09-11,254,German Bank,43.25,-66.4,2023-09-19,262,German Bank,,,108.0,8,complete.returns,,4Xq,4Xq
578202,2023-09-14,257,German Bank,43.3075,-66.4,2023-09-19,262,German Bank,,,108.0,5,complete.returns,,4Xq,4Xq
573304,2023-09-14,257,German Bank,43.3075,-66.4,2023-09-19,262,German Bank,,,108.0,5,complete.returns,,4Xq,4Xq
564391,2023-08-29,241,Scots Bay,45.19805556,-64.85777778,2023-09-29,272,German Bank,,,82.0,31,complete.returns,,4Xr,4Xq
572780,2023-08-29,241,German Bank,43.28722222,-66.38833333,2023-08-30,242,German Bank,,,63.0,1,complete.returns,German Bank (Area 7),4Xq,4Xq
577051,2023-08-30,242,German Bank,43.25305556,-66.345,2023-09-01,244,German Bank,,,84.0,2,complete.returns,,4Xq,4Xq
577064,2023-08-30,242,German Bank,43.25305556,-66.345,2023-09-01,244,German Bank,,,84.0,2,complete.returns,,4Xq,4Xq
577204,2023-08-31,243,German Bank,43.28888889,-66.42055556,2023-09-05,248,German Bank,,,78.0,5,complete.returns,,4Xq,4Xq
577295,2023-08-31,243,German Bank,43.28888889,-66.42055556,2023-09-05,248,German Bank,,,37.0,5,complete.returns,,4Xq,4Xq
567373,2023-09-03,246,German Bank,43.27138889,-66.37361111,2023-09-06,249,German Bank,,,148.0,3,complete.returns,,4Xq,4Xq
567462,2023-09-03,246,German Bank,43.27138889,-66.37361111,2023-09-06,249,German Bank,,,148.0,3,complete.returns,,4Xq,4Xq
567466,2023-09-03,246,German Bank,43.27138889,-66.37361111,2023-09-06,249,German Bank,,,148.0,3,complete.returns,,4Xq,4Xq
567515,2023-09-03,246,German Bank,43.27138889,-66.37361111,2023-09-06,249,German Bank,,,148.0,3,complete.returns,,4Xq,4Xq
567641,2023-09-03,246,German Bank,43.27138889,-66.37361111,2023-09-06,249,German Bank,,,148.0,3,complete.returns,,4Xq,4Xq
567648,2023-09-03,246,German Bank,43.27138889,-66.37361111,2023-09-06,249,German Bank,,,148.0,3,complete.returns,,4Xq,4Xq
577351,2023-09-04,247,German Bank,43.25972222,-66.37611111,2023-09-06,249,German Bank,,,148.0,2,complete.returns,,4Xq,4Xq
577577,2023-09-04,247,German Bank,43.25055556,-66.38055556,2023-09-06,249,German Bank,,,148.0,2,complete.returns,,4Xq,4Xq
564787,2023-08-28,240,Scots Bay,45.18027778,-64.95611111,2023-09-07,250,German Bank,,,147.0,10,complete.returns,,4Xr,4Xq
567435,2023-09-03,246,German Bank,43.27138889,-66.37361111,2023-09-07,250,German Bank,,,94.0,4,complete.returns,,4Xq,4Xq
567650,2023-09-03,246,German Bank,43.27138889,-66.37361111,2023-09-07,250,German Bank,,,94.0,4,complete.returns,,4Xq,4Xq
577420,2023-09-04,247,German Bank,43.25972222,-66.37611111,2023-09-07,250,German Bank,,,94.0,3,complete.returns,,4Xq,4Xq
577602,2023-09-04,247,German Bank,43.25055556,-66.38055556,2023-09-07,250,German Bank,,,94.0,3,complete.returns,,4Xq,4Xq
532366,2023-09-11,254,German Bank,43.25,-66.4,2023-09-15,258,German Bank,,,171.0,4,complete.returns,,4Xq,4Xq
574037,2023-09-12,255,German Bank,43.26888889,-66.37583333,2023-09-15,258,German Bank,,,17.0,3,complete.returns,,4Xq,4Xq
574087,2023-09-12,255,German Bank,43.26888889,-66.37583333,2023-09-15,258,German Bank,,,65.0,3,complete.returns,,4Xq,4Xq
573913,2023-09-21,264,German Bank,43.3225,-66.38194444,2023-09-22,265,German Bank,,,67.0,1,complete.returns,,4Xq,4Xq
574420,2023-09-18,261,German Bank,43.26666667,-66.36666667,2023-09-22,265,German Bank,,,67.0,4,complete.returns,,4Xq,4Xq
529626,2023-10-05,278,German Bank,43.2353,-66.37277778,2023-10-06,279,German Bank,,,17.0,1,complete.returns,,4Xq,4Xq
502977,2022-08-24,236,German Bank,43.22238333,-66.35058333,2024-10-03,277,German Bank,,,,771,complete.returns,,4Xq,4Xq
532275,2023-09-11,254,German Bank,43.25,-66.4,2024-11-01,306,German Bank,,,,417,complete.returns,,4Xq,4Xq
569215,2023-08-29,241,Scots Bay,45.18972222,-64.92277778,2023-09-01,244,German Bank,,,,3,complete.returns,,4Xr,4Xq
569032,2023-08-29,241,Scots Bay,45.15777778,-65.03361111,2023-09-01,244,German Bank,,,,3,complete.returns,,4Xr,4Xq
564460,2023-08-29,241,Scots Bay,45.19805556,-64.85777778,2023-09-01,244,German Bank,,,,3,complete.returns,,4Xr,4Xq
564341,2023-08-29,241,Scots Bay,45.19805556,-64.85777778,2023-09-01,244,German Bank,,,,3,complete.returns,,4Xr,4Xq
564756,2023-08-28,240,Scots Bay,45.18027778,-64.95611111,2023-09-15,258,German Bank,,,,18,complete.returns,,4Xr,4Xq
574362,2023-09-18,261,German Bank,43.26666667,-66.36666667,2023-09-21,264,German Bank,,,,3,complete.returns,,4Xq,4Xq
528324,2023-09-06,249,German Bank,43.26472222,-66.35638889,2023-09-19,262,German Bank,,,,13,complete.returns,,4Xq,4Xq
532292,2023-09-11,254,German Bank,43.25,-66.4,2023-09-18,261,German Bank,,,,7,complete.returns,,4Xq,4Xq
567493,2023-09-03,246,German Bank,43.27138889,-66.37361111,2023-09-15,258,German Bank,,,,12,complete.returns,,4Xq,4Xq
567570,2023-09-03,246,German Bank,43.27138889,-66.37361111,2023-09-06,249,German Bank,,,,3,complete.returns,,4Xq,4Xq
500534,2022-08-09,221,Scots Bay,45.16556667,-64.94023333,2023-09-15,258,German Bank,,,,402,complete.returns,,4Xr,4Xq
564740,2023-08-28,240,Scots Bay,45.18027778,-64.95611111,2023-09-19,262,German Bank,,,,22,complete.returns,,4Xr,4Xq
567207,2023-08-29,241,Scots Bay,45.20138889,-64.88638889,2023-09-06,249,German Bank,,,,8,complete.returns,,4Xr,4Xq
532087,2023-09-04,247,German Bank,43.25,-66.35,2023-09-19,262,German Bank,,,,15,complete.returns,,4Xq,4Xq
500940,2022-08-10,222,Scots Bay,45.18843333,-64.88335,2023-09-06,249,German Bank,,,,392,complete.returns,,4Xr,4Xq
471823,2023-08-29,241,Scots Bay,45.21111111,-64.8225,2023-09-06,249,German Bank,,,,8,complete.returns,,4Xr,4Xq
577946,2023-09-06,249,Scots Bay,45.15833333,-65.01138889,2023-09-15,258,German Bank,,,,9,complete.returns,,4Xr,4Xq
514040,2021-10-04,277,German Bank,43.291,-66.45433333,2023-09-15,258,German Bank,,,,711,complete.returns,,4Xq,4Xq
577445,2023-09-04,247,German Bank,43.25972222,-66.37611111,2023-09-15,258,German Bank,,,,11,complete.returns,,4Xq,4Xq
569147,2023-08-29,241,Scots Bay,45.15777778,-65.03361111,2023-09-15,258,German Bank,,,,17,complete.returns,,4Xr,4Xq
567157,2023-08-29,241,Scots Bay,45.20138889,-64.88638889,2023-09-15,258,German Bank,,,,17,complete.returns,,4Xr,4Xq
569073,2023-08-29,241,Scots Bay,45.15777778,-65.03361111,2023-09-06,249,German Bank,,,,8,complete.returns,,4Xr,4Xq
471652,2023-08-28,240,Scots Bay,45.1633,-64.9931,2023-09-06,249,German Bank,,,,9,complete.returns,,4Xr,4Xq
567423,2023-09-03,246,German Bank,43.27138889,-66.37361111,2023-09-05,248,German Bank ,,,216.0,2,complete.returns,,4Xq,4Xq
577188,2023-08-31,243,German Bank,43.28888889,-66.42055556,2023-09-05,248,German Bank ,,,145.0,5,complete.returns,,4Xq,4Xq
569222,2023-08-29,241,Scots Bay,45.18972222,-64.92277778,2023-09-15,258,German Bank ,,,107.0,17,complete.returns,,4Xr,4Xq
564577,2023-08-29,241,Scots Bay,45.19805556,-64.85777778,2023-09-15,258,German Bank ,,,43.0,17,complete.returns,,4Xr,4Xq
471671,2023-08-28,240,Scots Bay,45.1633,-64.9931,2023-09-15,258,German Bank ,,,106.0,18,complete.returns,,4Xr,4Xq
564925,2023-08-28,240,Scots Bay,45.18027778,-64.95611111,2023-09-15,258,German Bank ,,,107.0,18,complete.returns,,4Xr,4Xq
564033,2023-08-28,240,Scots Bay,45.14111111,-65.05194444,2023-09-15,258,German Bank ,,,107.0,18,complete.returns,,4Xr,4Xq
572437,2023-08-27,239,Scots Bay,45.13527778,-65.06972222,2023-09-15,258,German Bank ,,,107.0,19,complete.returns,,4Xr,4Xq
567558,2023-09-03,246,German Bank,43.27138889,-66.37361111,2023-09-15,258,German Bank ,,,107.0,12,complete.returns,,4Xq,4Xq
567504,2023-09-03,246,German Bank,43.27138889,-66.37361111,2023-09-15,258,German Bank ,,,107.0,12,complete.returns,,4Xq,4Xq
532380,2023-09-11,254,German Bank,43.25,-66.4,2023-09-15,258,German Bank ,,,107.0,4,complete.returns,,4Xq,4Xq
528334,2023-09-06,249,German Bank,43.26472222,-66.35638889,2023-09-15,258,German Bank ,,,107.0,9,complete.returns,,4Xq,4Xq
567366,2023-09-03,246,German Bank,43.27138889,-66.37361111,2023-09-15,258,German Bank ,,,107.0,12,complete.returns,,4Xq,4Xq
567456,2023-09-03,246,German Bank,43.27138889,-66.37361111,2023-09-15,258,German Bank ,,,107.0,12,complete.returns,,4Xq,4Xq
532379,2023-09-11,254,German Bank,43.25,-66.4,2023-09-15,258,German Bank ,,,107.0,4,complete.returns,,4Xq,4Xq
528252,2023-09-06,249,German Bank,43.26472222,-66.35638889,2023-09-15,258,German Bank ,,,107.0,9,complete.returns,,4Xq,4Xq
532328,2023-09-11,254,German Bank,43.25,-66.4,2023-09-19,262,German Bank ,,,171.0,8,complete.returns,,4Xq,4Xq
573297,2023-09-14,257,German Bank,43.3075,-66.4,2023-09-19,262,German Bank ,,,171.0,5,complete.returns,,4Xq,4Xq
567517,2023-09-03,246,German Bank,43.27138889,-66.37361111,2023-09-19,262,German Bank ,,,171.0,16,complete.returns,,4Xq,4Xq
528223,2023-09-06,249,German Bank,43.26472222,-66.35638889,2023-09-19,262,German Bank ,,,171.0,13,complete.returns,,4Xq,4Xq
574256,2023-09-12,255,German Bank,43.31,-66.2847,2023-09-19,262,German Bank ,,,171.0,7,complete.returns,,4Xq,4Xq
528317,2023-09-06,249,German Bank,43.26472222,-66.35638889,2023-09-19,262,German Bank ,,,171.0,13,complete.returns,,4Xq,4Xq
532306,2023-09-11,254,German Bank,43.25,-66.4,2023-09-19,262,German Bank ,,,171.0,8,complete.returns,,4Xq,4Xq
574299,2023-09-12,255,German Bank,43.31,-66.2847,2023-09-19,262,German Bank ,,,171.0,7,complete.returns,,4Xq,4Xq
567425,2023-09-03,246,German Bank,43.27138889,-66.37361111,2023-09-19,262,German Bank ,,,171.0,16,complete.returns,,4Xq,4Xq
567564,2023-09-03,246,German Bank,43.27138889,-66.37361111,2023-09-19,262,German Bank ,,,47.0,16,complete.returns,,4Xq,4Xq
528373,2023-09-06,249,German Bank,43.26472222,-66.35638889,2023-09-19,262,German Bank ,,,47.0,13,complete.returns,,4Xq,4Xq
574585,2023-09-18,261,German Bank,43.26666667,-66.36666667,2023-09-21,264,German Bank ,,,121.0,3,complete.returns,,4Xq,4Xq
477328,2023-09-18,261,German Bank,43.28805556,-66.14,2023-09-21,264,German Bank ,,,121.0,3,complete.returns,,4Xq,4Xq
574191,2023-09-12,255,German Bank,43.31,-66.2847,2023-09-21,264,German Bank ,,,194.0,9,complete.returns,,4Xq,4Xq
567566,2023-09-03,246,German Bank,43.27138889,-66.37361111,2023-09-21,264,German Bank ,,,194.0,18,complete.returns,,4Xq,4Xq
532316,2023-09-11,254,German Bank,43.25,-66.4,2023-09-21,264,German Bank ,,,194.0,10,complete.returns,,4Xq,4Xq
574007,2023-09-12,255,German Bank,43.26888889,-66.37583333,2023-09-21,264,German Bank ,,,117.0,9,complete.returns,,4Xq,4Xq
528253,2023-09-06,249,German Bank,43.26472222,-66.35638889,2023-09-29,272,German Bank ,,,82.0,23,complete.returns,,4Xq,4Xq
510561,2022-08-29,241,German Bank,43.31666667,-66.36666667,2023-09-29,272,German Bank ,,,82.0,396,complete.returns,,4Xq,4Xq
564541,2023-08-29,241,Scots Bay,45.19805556,-64.85777778,2023-09-29,272,German Bank ,,,82.0,31,complete.returns,,4Xr,4Xq
564929,2023-08-28,240,Scots Bay,45.18027778,-64.95611111,2023-09-29,272,German Bank ,,,82.0,32,complete.returns,,4Xr,4Xq
532319,2023-09-11,254,German Bank,43.25,-66.4,2023-09-28,271,German Bank ,,,82.0,17,complete.returns,,4Xq,4Xq
569079,2023-08-29,241,Scots Bay,45.15777778,-65.03361111,2023-09-29,272,German Bank ,,,82.0,31,complete.returns,,4Xr,4Xq
528796,2023-09-12,255,German Bank,43.31916667,-66.16166667,2023-09-29,272,German Bank ,,,82.0,17,complete.returns,,4Xq,4Xq
573468,2023-09-17,260,German Bank,43.28388889,-66.39083333,2023-10-11,284,German Bank ,,,186.0,24,complete.returns,,4Xq,4Xq
564309,2023-08-29,241,Scots Bay,45.19805556,-64.85777778,2023-10-11,284,German Bank ,,,186.0,43,complete.returns,,4Xr,4Xq
532013,2023-09-04,247,German Bank,43.25,-66.35,2023-09-28,271,German Bank ,,,,24,complete.returns,,4Xq,4Xq
418251,2016-07-11,193,Grand Manan Banks,44.13,-67.1183,2016-11-08,313,Grand Manan,,,,120,complete.returns,,5Yb,4Xs
524812,2023-07-18,199,Grand Manan,44.60277778,-66.59166667,2023-07-20,201,Grand Manan,,,62.0,2,complete.returns,,4Xs,4Xs
593841,2023-06-22,173,Grand Manan Banks,44.29798333,-66.93935,2023-07-07,188,Grand Manan,,,125.0,15,complete.returns,,5Yb,4Xs
509990,2023-07-10,191,Grand Manan,44.63333333,-66.63333333,2023-07-11,192,Grand Manan,,,20.0,1,complete.returns,,4Xs,4Xs
556394,2023-06-28,179,Grand Manan,44.64388889,-66.65,2023-07-11,192,Grand Manan,,,20.0,13,complete.returns,,4Xs,4Xs
557233,2023-07-05,186,Grand Manan,44.59305556,-66.58416667,2023-07-19,200,Grand Manan,,,95.0,14,complete.returns,AREA 1 GRAND MANAN,4Xs,4Xs
501859,2023-06-26,177,Grand Manan,44.60116667,-66.59533333,2023-07-20,201,Grand Manan,,,46.0,24,complete.returns,AREA 1 GRAND MANAN,4Xs,4Xs
529022,2023-10-01,274,Grand Manan,44.63277778,-66.63972222,2023-10-02,275,Grand Manan,,,42.0,1,complete.returns,,4Xs,4Xs
521966,2023-08-28,240,Trinity,44.05,-66.46666667,2024-06-12,164,Grand Manan,,,,289,complete.returns,,4Xr,4Xs
529460,2023-10-04,277,Long Island,44.36222222,-66.32055556,2024-06-13,165,Grand Manan,,,,253,complete.returns,,4Xr,4Xs
529179,2023-10-01,274,Grand Manan,44.63277778,-66.63972222,2024-06-26,178,Grand Manan,,,,269,complete.returns,,4Xs,4Xs
487227,2022-10-12,285,Grand Manan,44.75,-66.71666667,2022-10-17,290,Grand Manan ,,,103.0,5,complete.returns,,4Xs,4Xs
469700,2021-07-18,199,Scots Bay,45.29146667,-64.92868333,2021-10-14,287,Grand Manan Banks,,,80.0,88,complete.returns,,4Xr,5Yb
584951,2021-07-06,187,Grand Manan Banks,44.26341667,-66.99936667,2021-10-24,297,Grand Manan Banks,,,137.0,110,complete.returns,,5Yb,5Yb
426494,2016-07-26,208,Grand Manan Banks,44.1407,-67.1493,2016-08-31,244,Grand Manan Banks,,,,36,complete.returns,,5Yb,5Yb
593181,2023-06-20,171,Grand Manan Banks,44.2814,-66.96776667,2023-06-21,172,Grand Manan Banks,,,10.0,1,complete.returns,,5Yb,5Yb
575759,2023-10-09,282,Grand Manan Banks,44.1547222,-67.10972222,2023-10-16,289,Grand Manan Banks,,,91.0,7,complete.returns,,5Yb,5Yb
449455,2018-06-27,178,Grand Manan Banks,44.44633333,-66.6723,2019-01-08,8,Grand Manan Mumps Weir,,,,195,complete.returns,,4Xs,
450645,2018-07-02,183,Grand Manan,44.61216667,-66.6405,2019-01-08,8,Grand Manan Mumps Weir,,,,190,complete.returns,,4Xs,
423308,2016-08-02,215,German Bank,43.3678,-66.3952,2016-08-04,217,Gully 4Xq,,,,2,complete.returns,,4Xq,
459573,2019-08-06,218,Scots Bay,45.18925,-65.0085,2019-08-19,231,Leroy Island Shore (4WX),,,,13,complete.returns,,4Xr,
431444,2016-08-10,223,German Bank,43.4248,-66.398,2016-09-14,258,Long Island,,,,35,complete.returns,,4Xq,4Xr
433596,2016-08-17,230,Grand Manan Banks,44.258,-66.9992,2016-10-04,278,Long Island,,,,48,complete.returns,,5Yb,4Xr
453163,2017-07-27,208,German Bank,43.43233333,-66.4178,2018-06-01,152,Long Island,,,,309,complete.returns,,4Xq,4Xr
459473,2019-08-06,218,Scots Bay,45.06175,-65.1709,2019-08-19,231,Long Island,,,,13,complete.returns,,4Xr,4Xr
521299,2023-08-23,235,German Bank,43.38333333,-66.16666667,2023-10-13,286,Long Island,,,97.0,51,complete.returns,,4Xq,4Xr
500271,2022-08-07,219,Scots Bay,45.15536667,-65.10636667,2022-08-11,223,Long Island Shore,,,25.0,4,complete.returns,,4Xr,
513256,2021-07-01,182,Trinity,43.88933333,-66.48716667,2021-07-05,186,Long Island Shore,,,100.0,4,complete.returns,,4Xq,
206567,2020-07-16,198,Trinity,44.07733,-66.435,2020-08-17,230,Long Island Shore,,,84.0,32,complete.returns,,4Xr,
206575,2020-07-16,198,Trinity,44.07733,-66.435,2020-08-18,231,Long Island Shore,,,84.0,33,complete.returns,,4Xr,
480898,2020-08-24,237,Scots Bay,45.18795,-65.0152,2020-09-08,252,Lurcher,,,159.0,15,complete.returns,,4Xr,4Xq
204908,2020-06-07,159,Grand Manan Banks,44.27216667,-67.0127,2020-07-17,199,Lurcher,,,37.0,40,complete.returns,,5Yb,4Xq
521399,2023-08-23,235,German Bank,43.38333333,-66.16666667,2024-06-07,159,Lurcher,,,,289,complete.returns,,4Xq,4Xq
515215,2021-07-18,199,Scots Bay,45.29666667,-64.85283333,2021-08-04,216,McDormand Patch,,,46.0,17,complete.returns,,4Xr,
511675,2021-06-20,171,Scots Bay,45.117,-65.1205,2021-08-04,216,McDormand Patch,,,46.0,45,complete.returns,,4Xr,
207368,2020-07-17,199,Trinity,44.06417,-66.4312,2020-07-22,204,McDormand Patch,,,71.0,5,complete.returns,,4Xr,
34493,2019-07-08,189,Scots Bay,45.14918333,-64.9086,2019-09-06,249,McDormand Patch,,,,60,complete.returns,McDormant Patch,4Xr,
414521,2019-08-28,240,Trinity,44.13136667,-66.4824,2019-09-06,249,McDormand Patch,,,,9,complete.returns,McDormant Patch,4Xr,
445793,2018-08-12,224,Long Island,44.57166667,-66.094,2019-09-06,249,McDormand Patch,,,,390,complete.returns,McDormant Patch,4Xr,
455333,2019-07-21,202,Scots Bay,45.1977,-64.9887,2019-08-01,213,McDormand Patch,,,,11,complete.returns,McDormant Patch,4Xr,
455750,2019-07-21,202,Scots Bay,44.977,-65.4,2019-09-06,249,McDormand Patch,,,,47,complete.returns,McDormant Patch,4Xr,
460329,2019-07-24,205,Lurcher,43.84401667,-66.5076,2019-09-06,249,McDormand Patch,,,,44,complete.returns,McDormant Patch,4Xq,
442788,2018-06-26,177,Grand Manan Banks,44.44633333,-66.6723,2018-08-10,222,Mill Cove Back Bay,,,,45,complete.returns,,4Xs,
449347,2018-06-27,178,Grand Manan Banks,44.44633333,-66.6723,2018-08-13,225,Mill Cove Back Bay,,,,47,complete.returns,,4Xs,
460200,2019-07-24,205,Lurcher,43.84401667,-66.5076,2020-03-06,66,"Mill Cove, Campobello ",,,,226,complete.returns,,4Xq,
449786,2018-07-02,183,Grand Manan,44.61216667,-66.6405,2018-08-07,219,Money Cove Weir,,,,36,complete.returns,,4Xs,
450446,2018-07-02,183,Grand Manan,44.61216667,-66.6405,2018-07-29,210,Money Cove Weir,,,,27,complete.returns,,4Xs,
450689,2018-07-02,183,Grand Manan,44.61216667,-66.6405,2018-08-06,218,Money Cove Weir,,,,35,complete.returns,,4Xs,
512567,2021-08-09,221,Long Island,44.3225,-66.38416667,2021-08-10,222,Moore's Ledge,,,48.0,1,complete.returns,,4Xr,
512503,2021-08-09,221,Long Island,44.3225,-66.38416667,2021-08-10,222,Moore's Ledge,,,48.0,1,complete.returns,,4Xr,
40619,2020-06-08,160,Gannet Dry Ledge,43.64667,-66.865,2020-09-04,248,Moore's Ledge,,,34.0,88,complete.returns,,4Xq,
512543,2021-08-09,221,Long Island,44.3225,-66.38416667,2021-08-10,222,Moore's Ledge & Prong,,,31.0,1,complete.returns,,4Xr,
442133,2018-06-26,177,Grand Manan Banks,44.44633333,-66.6723,2018-08-18,230,Mumps weir Shutoff,,,,53,complete.returns,,4Xs,
513483,2021-07-01,182,Trinity,43.88933333,-66.48716667,2021-08-16,228,North West Ledge,,,98.0,46,complete.returns,,4Xq,
206562,2020-07-16,198,Trinity,44.07733,-66.435,2020-09-03,247,North West Ledge,,,114.0,49,complete.returns,,4Xr,
437718,2016-08-12,225,German Bank,43.3017,-66.3945,2016-10-03,277,North West Ledge,,,,52,complete.returns,,4Xq,
440150,2016-08-07,220,German Bank,43.456,-66.3372,2016-10-04,278,North West Ledge,,,,58,complete.returns,,4Xq,
556552,2023-07-03,184,Scots Bay,45.27555556,-64.9625,2023-10-19,292,North West Ledge,,,125.0,108,complete.returns,,4Xr,
529254,2023-10-02,275,Grand Manan,44.67416667,-66.65333333,2023-10-19,292,North West Ledge,,,125.0,17,complete.returns,,4Xs,
439384,2017-07-25,206,Grand Manan Banks,44.25366667,-67.0403,2017-09-26,269,Northeast Bank,,,,63,complete.returns,,5Yb,
439468,2017-07-25,206,Grand Manan Banks,44.25366667,-67.0403,2017-09-25,268,Northeast Bank,,,,62,complete.returns,,5Yb,
439523,2017-07-25,206,Grand Manan Banks,44.25366667,-67.0403,2017-09-19,262,Northeast Bank,,,,56,complete.returns,,5Yb,
439546,2017-07-25,206,Grand Manan Banks,44.25366667,-67.0403,2017-09-18,261,Northeast Bank,,,,55,complete.returns,,5Yb,
439872,2017-07-25,206,Grand Manan Banks,44.25366667,-67.0403,2017-09-26,269,Northeast Bank,,,,63,complete.returns,,5Yb,
444640,2017-07-25,206,Grand Manan Banks,44.25366667,-67.0403,2017-09-18,261,Northeast Bank,,,,55,complete.returns,,5Yb,
584493,2021-07-05,186,Grand Manan Banks,44.2862,-66.97301667,2021-08-13,225,Northeast Bank,,,42.0,39,complete.returns,,5Yb,
580027,2021-06-14,165,Gannet Dry Ledge,43.62055,-66.97898333,2021-10-05,278,Northeast Bank,,,43.0,113,complete.returns,,4Xq,
41118,2020-06-10,162,Lurcher,43.76833333,-66.8817,2020-10-21,295,Northeast Bank,,,29.0,133,complete.returns,,4Xq,
204235,2019-06-12,163,Grand Manan Banks,44.392,-66.7198,2019-06-18,169,Northeast Bank,,,,6,complete.returns,,4Xs,
417050,2016-07-11,193,Grand Manan Banks,44.13,-67.1183,2016-08-18,231,Northeast Bank,,,,38,complete.returns,,5Yb,
417442,2016-07-12,194,Grand Manan Banks,44.1042,-67.1233,2016-08-17,230,Northeast Bank,,,,36,complete.returns,,5Yb,
417451,2016-07-12,194,Grand Manan Banks,44.1042,-67.1233,2016-08-24,237,Northeast Bank,,,,43,complete.returns,,5Yb,
417464,2016-07-12,194,Grand Manan Banks,44.1042,-67.1233,2016-08-29,242,Northeast Bank,,,,48,complete.returns,,5Yb,
417512,2016-07-11,193,Grand Manan Banks,44.13,-67.1183,2016-08-17,230,Northeast Bank,,,,37,complete.returns,,5Yb,
417617,2016-07-11,193,Grand Manan Banks,44.13,-67.1183,2016-08-17,230,Northeast Bank,,,,37,complete.returns,,5Yb,
417874,2016-07-11,193,Grand Manan Banks,44.13,-67.1183,2016-08-31,244,Northeast Bank,,,,51,complete.returns,,5Yb,
417887,2016-07-11,193,Grand Manan Banks,44.13,-67.1183,2016-09-07,251,Northeast Bank,,,,58,complete.returns,,5Yb,
418119,2016-07-11,193,Grand Manan Banks,44.13,-67.1183,2016-09-09,253,Northeast Bank,,,,60,complete.returns,,5Yb,
418175,2016-07-11,193,Grand Manan Banks,44.13,-67.1183,2016-09-01,245,Northeast Bank,,,,52,complete.returns,,5Yb,
418828,2016-07-12,194,Grand Manan Banks,44.1042,-67.1233,2016-09-06,250,Northeast Bank,,,,56,complete.returns,,5Yb,
418844,2016-07-12,194,Grand Manan Banks,44.1042,-67.1233,2016-08-16,229,Northeast Bank,,,,35,complete.returns,,5Yb,
422173,2016-07-05,187,German Bank,43.4483,-66.7167,2016-09-30,274,Northeast Bank,,,,87,complete.returns,,4Xq,
422812,2016-08-01,214,German Bank,43.4042,-66.3963,2016-10-14,288,Northeast Bank,,,,74,complete.returns,,4Xq,
425061,2016-07-12,194,Grand Manan Banks,44.1042,-67.1233,2016-08-24,237,Northeast Bank,,,,43,complete.returns,,5Yb,
425064,2016-07-12,194,Grand Manan Banks,44.1042,-67.1233,2016-09-01,245,Northeast Bank,,,,51,complete.returns,,5Yb,
425765,2016-07-25,207,Grand Manan Banks,44.1367,-67.1485,2016-09-07,251,Northeast Bank,,,,44,complete.returns,,5Yb,
425809,2016-07-25,207,Grand Manan Banks,44.1367,-67.1485,2016-08-22,235,Northeast Bank,,,,28,complete.returns,,5Yb,
426125,2016-07-26,208,Grand Manan Banks,44.1407,-67.1493,2016-08-17,230,Northeast Bank,,,,22,complete.returns,,5Yb,
426195,2016-07-26,208,Grand Manan Banks,44.1407,-67.1493,2016-09-07,251,Northeast Bank,,,,43,complete.returns,,5Yb,
426234,2016-07-26,208,Grand Manan Banks,44.1407,-67.1493,2016-09-02,246,Northeast Bank,,,,38,complete.returns,,5Yb,
426486,2016-07-26,208,Grand Manan Banks,44.1407,-67.1493,2016-09-08,252,Northeast Bank,,,,44,complete.returns,,5Yb,
426633,2016-07-26,208,Grand Manan Banks,44.1407,-67.1493,2016-09-09,253,Northeast Bank,,,,45,complete.returns,,5Yb,
426936,2016-08-02,215,Grand Manan Banks,44.1733,-67.105,2016-08-19,232,Northeast Bank,,,,17,complete.returns,,5Yb,
427393,2016-08-02,215,Grand Manan Banks,44.1733,-67.105,2016-08-17,230,Northeast Bank,,,,15,complete.returns,,5Yb,
427496,2016-08-02,215,Grand Manan Banks,44.1733,-67.105,2016-09-06,250,Northeast Bank,,,,35,complete.returns,,5Yb,
427727,2016-08-03,216,Grand Manan Banks,44.125,-67.121,2016-08-25,238,Northeast Bank,,,,22,complete.returns,,5Yb,
427813,2016-08-03,216,Grand Manan Banks,44.125,-67.121,2016-08-25,238,Northeast Bank,,,,22,complete.returns,,5Yb,
427820,2016-08-03,216,Grand Manan Banks,44.125,-67.121,2016-08-19,232,Northeast Bank,,,,16,complete.returns,,5Yb,
428167,2016-08-03,216,Grand Manan Banks,44.125,-67.121,2016-08-19,232,Northeast Bank,,,,16,complete.returns,,5Yb,
428374,2016-08-04,217,Grand Manan Banks,44.0895,-67.1285,2016-08-23,236,Northeast Bank,,,,19,complete.returns,,5Yb,
428401,2016-08-04,217,Grand Manan Banks,44.0895,-67.1285,2016-09-06,250,Northeast Bank,,,,33,complete.returns,,5Yb,
428528,2016-08-04,217,Grand Manan Banks,44.0895,-67.1285,2016-09-06,250,Northeast Bank,,,,33,complete.returns,,5Yb,
428586,2016-08-04,217,Grand Manan Banks,44.0895,-67.1285,2016-08-11,224,Northeast Bank,,,,7,complete.returns,,5Yb,
428673,2016-08-04,217,Grand Manan Banks,44.0895,-67.1285,2016-09-06,250,Northeast Bank,,,,33,complete.returns,,5Yb,
430078,2016-08-15,228,Grand Manan Banks,44.2657,-67.0152,2016-08-30,243,Northeast Bank,,,,15,complete.returns,,5Yb,
430121,2016-08-15,228,Grand Manan Banks,44.2657,-67.0152,2016-09-08,252,Northeast Bank,,,,24,complete.returns,,5Yb,
430142,2016-08-15,228,Grand Manan Banks,44.2657,-67.0152,2016-08-17,230,Northeast Bank,,,,2,complete.returns,,5Yb,
430283,2016-08-15,228,Grand Manan Banks,44.2657,-67.0152,2016-08-17,230,Northeast Bank,,,,2,complete.returns,,5Yb,
430295,2016-08-15,228,Grand Manan Banks,44.2657,-67.0152,2016-08-17,230,Northeast Bank,,,,2,complete.returns,,5Yb,
430464,2016-08-15,228,Grand Manan Banks,44.2657,-67.0152,2016-08-17,230,Northeast Bank,,,,2,complete.returns,,5Yb,
430522,2016-08-15,228,Grand Manan Banks,44.2657,-67.0152,2016-08-17,230,Northeast Bank,,,,2,complete.returns,,5Yb,
430705,2016-08-15,228,Grand Manan Banks,44.2657,-67.0152,2016-08-17,230,Northeast Bank,,,,2,complete.returns,,5Yb,
430859,2016-08-15,228,Grand Manan Banks,44.2657,-67.0152,2016-08-17,230,Northeast Bank,,,,2,complete.returns,,5Yb,
430868,2016-08-15,228,Grand Manan Banks,44.2657,-67.0152,2016-08-19,232,Northeast Bank,,,,4,complete.returns,,5Yb,
433341,2016-08-16,229,Grand Manan Banks,44.265,-67.1142,2016-09-09,253,Northeast Bank,,,,24,complete.returns,,5Yb,
436142,2016-09-01,245,Grand Manan Banks,44.2843,-67.0095,2016-09-02,246,Northeast Bank,,,,1,complete.returns,,5Yb,
436331,2016-09-01,245,Grand Manan Banks,44.2843,-67.0095,2016-09-06,250,Northeast Bank,,,,5,complete.returns,,5Yb,
439800,2017-07-25,206,Grand Manan Banks,44.25366667,-67.0403,2017-09-26,269,Northeast Bank,,,,63,complete.returns,,5Yb,
444649,2017-07-25,206,Grand Manan Banks,44.25366667,-67.0403,2017-09-19,262,Northeast Bank,,,,56,complete.returns,,5Yb,
457452,2017-07-25,206,German Bank,43.43866667,-66.3812,2017-09-12,255,Northeast Bank,,,,49,complete.returns,,4Xq,
444659,2017-07-25,206,Grand Manan Banks,44.25366667,-67.0403,2017-09-19,262,Northeast Bank,,,,56,complete.returns,,5Yb,
439808,2017-07-25,206,Grand Manan Banks,44.25366667,-67.0403,2017-09-26,269,Northeast Bank,,,,63,complete.returns,,5Yb,
593116,2023-06-20,171,Grand Manan Banks,44.2814,-66.96776667,2023-09-01,244,Northeast Bank,,,66.0,73,complete.returns,,5Yb,
501835,2023-06-25,176,Grand Manan Banks,44.256,-67.01266667,2023-09-01,244,Northeast Bank,,,66.0,68,complete.returns,,5Yb,
572251,2023-08-27,239,Scots Bay,45.13527778,-65.06972222,2023-08-31,243,Northeast Bank,,,26.0,4,complete.returns,,4Xr,
564061,2023-08-28,240,Scots Bay,45.14111111,-65.05194444,2023-08-31,243,Northeast Bank,,,26.0,3,complete.returns,,4Xr,
473086,2022-09-07,250,Scots Bay,45.19678333,-64.88591667,2023-08-31,243,Northeast Bank,,,26.0,358,complete.returns,,4Xr,
567119,2023-08-29,241,Scots Bay,45.20138889,-64.88638889,2023-08-31,243,Northeast Bank,,,26.0,2,complete.returns,,4Xr,
512790,2021-08-10,222,Long Island,44.3525,-66.3735,2024-09-17,261,Other,,,,1134,complete.returns,,4Xr,
507308,2022-06-29,180,German Bank,43.616667,-66.6,2022-07-07,188,Patch,,,37.6,8,complete.returns,,4Xq,
485775,2021-06-13,164,Gannet Dry Ledge,43.62583333,-67.00316667,2021-07-14,195,Prong,,,92.0,31,complete.returns,,4Xq,4Xs
484725,2021-07-13,194,SW Grounds,43.0655,-65.959,2021-08-09,221,Prong,,,95.0,27,complete.returns,,4Xo,4Xs
44186,2019-06-05,156,Grand Manan Banks,44.2885,-66.9765,2019-06-17,168,Prong,,,,12,complete.returns,,5Yb,4Xs
44217,2019-06-05,156,Grand Manan Banks,44.2885,-66.9765,2019-06-20,171,Prong,,,,15,complete.returns,,5Yb,4Xs
44882,2019-06-12,163,Grand Manan Banks,44.392,-66.7198,2019-06-17,168,Prong,,,,5,complete.returns,,4Xs,4Xs
44979,2019-06-12,163,Grand Manan Banks,44.392,-66.7198,2019-06-18,169,Prong,,,,6,complete.returns,,4Xs,4Xs
204236,2019-06-12,163,Grand Manan Banks,44.392,-66.7198,2019-06-20,171,Prong,,,,8,complete.returns,,4Xs,4Xs
426370,2016-07-26,208,Grand Manan Banks,44.1407,-67.1493,2016-11-16,321,Prong,,,,113,complete.returns,,5Yb,4Xs
426501,2016-07-26,208,Grand Manan Banks,44.1407,-67.1493,2016-09-20,264,Prong,,,,56,complete.returns,,5Yb,4Xs
426600,2016-07-26,208,Grand Manan Banks,44.1407,-67.1493,2016-09-20,264,Prong,,,,56,complete.returns,,5Yb,4Xs
426682,2016-07-26,208,Grand Manan Banks,44.1407,-67.1493,2016-09-20,264,Prong,,,,56,complete.returns,,5Yb,4Xs
428420,2016-08-04,217,Grand Manan Banks,44.0895,-67.1285,2016-09-16,260,Prong,,,,43,complete.returns,,5Yb,4Xs
433477,2016-08-17,230,Grand Manan Banks,44.258,-66.9992,2016-09-15,259,Prong,,,,29,complete.returns,,5Yb,4Xs
438411,2019-06-04,155,Grand Manan Banks,44.291,-66.973,2019-06-06,157,Prong,,,,2,complete.returns,,5Yb,4Xs
438662,2019-06-04,155,Grand Manan Banks,44.291,-66.973,2019-06-06,157,Prong,,,,2,complete.returns,,5Yb,4Xs
438666,2019-06-04,155,Grand Manan Banks,44.291,-66.973,2019-06-20,171,Prong,,,,16,complete.returns,,5Yb,4Xs
438687,2019-06-04,155,Grand Manan Banks,44.291,-66.973,2019-06-06,157,Prong,,,,2,complete.returns,,5Yb,4Xs
438742,2019-06-04,155,Grand Manan Banks,44.291,-66.973,2019-06-06,157,Prong,,,,2,complete.returns,,5Yb,4Xs
438877,2019-06-04,155,Grand Manan Banks,44.291,-66.973,2019-06-06,157,Prong,,,,2,complete.returns,,5Yb,4Xs
438889,2019-06-04,155,Grand Manan Banks,44.291,-66.973,2019-06-06,157,Prong,,,,2,complete.returns,,5Yb,4Xs
438897,2019-06-04,155,Grand Manan Banks,44.291,-66.973,2019-06-06,157,Prong,,,,2,complete.returns,,5Yb,4Xs
438969,2019-06-04,155,Grand Manan Banks,44.291,-66.973,2019-06-06,157,Prong,,,,2,complete.returns,,5Yb,4Xs
443903,2019-06-04,155,Grand Manan Banks,44.291,-66.973,2019-06-06,157,Prong,,,,2,complete.returns,,5Yb,4Xs
443922,2019-06-04,155,Grand Manan Banks,44.291,-66.973,2019-06-06,157,Prong,,,,2,complete.returns,,5Yb,4Xs
443926,2019-06-04,155,Grand Manan Banks,44.291,-66.973,2019-06-19,170,Prong,,,,15,complete.returns,,5Yb,4Xs
443946,2019-06-04,155,Grand Manan Banks,44.291,-66.973,2019-06-06,157,Prong,,,,2,complete.returns,,5Yb,4Xs
443983,2019-06-04,155,Grand Manan Banks,44.291,-66.973,2019-06-21,172,Prong,,,,17,complete.returns,,5Yb,4Xs
445100,2018-07-03,184,Grand Manan,44.64683333,-66.6555,2019-06-20,171,Prong,,,,352,complete.returns,,4Xs,4Xs
585308,2022-06-07,158,Grand Manan Banks,44.26686667,-67.02238333,2022-07-21,202,Sandy Cove,,,122.5,44,complete.returns,,5Yb,4Xs
517337,2021-09-21,264,German Bank,43.265,-66.381,2022-08-22,234,Sandy Cove,,,117.0,335,complete.returns,,4Xq,4Xs
41265,2020-06-10,162,Lurcher,43.76833333,-66.8817,2020-07-29,211,Sandy Cove,,,92.0,49,complete.returns,,4Xq,4Xs
206160,2020-06-08,160,Grand Manan Banks,44.28066667,-66.9967,2020-07-28,210,Sandy Cove,,,88.0,50,complete.returns,,5Yb,4Xs
207933,2020-07-17,199,Trinity,44.13183,-66.4868,2020-07-28,210,Sandy Cove,,,88.0,11,complete.returns,,4Xr,4Xs
206632,2020-07-16,198,Trinity,44.07733,-66.435,2020-07-28,210,Sandy Cove,,,88.0,12,complete.returns,,4Xr,4Xs
204869,2020-06-07,159,Grand Manan Banks,44.27216667,-67.0127,2020-07-28,210,Sandy Cove,,,88.0,51,complete.returns,,5Yb,4Xs
416466,2019-08-05,217,Scots Bay,45.16448,-65.0497,2019-09-17,260,Sandy Cove NS,,,,43,complete.returns,,4Xr,
416636,2019-08-19,231,Scots Bay,45.202,-64.98,2019-09-06,249,Sandy Cove NS,,,,18,complete.returns,,4Xr,
446597,2019-06-19,170,Gannet Dry Ledge,43.63685,-66.9181,2019-07-11,192,Sandy Cove NS,,,,22,complete.returns,,4Xq,
452393,2019-07-04,185,Grand Manan Banks,44.28208333,-66.9652,2019-07-10,191,Sandy Cove NS,,,,6,complete.returns,,5Yb,
455068,2019-07-21,202,Scots Bay,45.1882,-65.0188,2019-08-20,232,Sandy Cove NS,,,,30,complete.returns,,4Xr,
455602,2019-07-21,202,Scots Bay,44.977,-65.4,2019-08-20,232,Sandy Cove NS,,,,30,complete.returns,,4Xr,
455976,2019-07-23,204,Lurcher,43.91701667,-66.5047,2019-08-20,232,Sandy Cove NS,,,,28,complete.returns,,4Xq,
456401,2019-07-26,207,Lurcher,43.8427,-66.5043,2019-08-28,240,Sandy Cove NS,,,,33,complete.returns,,4Xq,
459313,2019-08-05,217,Scots Bay,45.23232,-64.904,2019-09-06,249,Sandy Cove NS,,,,32,complete.returns,,4Xr,
459364,2019-08-05,217,Scots Bay,45.23232,-64.904,2019-08-29,241,Sandy Cove NS,,,,24,complete.returns,,4Xr,
459394,2019-08-05,217,Scots Bay,45.23232,-64.904,2019-08-28,240,Sandy Cove NS,,,,23,complete.returns,,4Xr,
460003,2019-07-23,204,Lurcher,43.91701667,-66.5047,2019-09-06,249,Sandy Cove NS,,,,45,complete.returns,,4Xq,
460094,2019-07-23,204,Lurcher,43.91701667,-66.5047,2019-08-20,232,Sandy Cove NS,,,,28,complete.returns,,4Xq,
460183,2019-07-24,205,Lurcher,43.84401667,-66.5076,2019-09-17,260,Sandy Cove NS,,,,55,complete.returns,,4Xq,
490487,2021-06-21,172,German Bank,43.48316667,-66.8665,2022-07-11,192,Scots Bay,,,182.0,385,complete.returns,,4Xq,4Xs
41089,2020-06-10,162,Lurcher,43.76833333,-66.8817,2020-08-24,237,Scots Bay,,,126.0,75,complete.returns,,4Xq,4Xs
416008,2019-08-05,217,Scots Bay,45.2091,-64.8406,2019-08-06,218,Scots Bay,,,,1,complete.returns,,4Xr,4Xs
416418,2019-08-05,217,Scots Bay,45.16448,-65.0497,2020-08-25,238,Scots Bay,,,72.0,386,complete.returns,,4Xr,4Xs
419912,2016-06-17,169,Gannet Dry Ledge,43.6007,-66.9387,2017-01-20,20,Scots Bay,,,,217,complete.returns,,4Xq,4Xs
448912,2017-06-14,165,Lurcher,43.70683333,-66.8457,2017-07-31,212,Scots Bay,,,,47,complete.returns,,4Xq,4Xs
455076,2019-07-21,202,Scots Bay,45.1882,-65.0188,2019-07-22,203,Scots Bay,,,,1,complete.returns,,4Xr,4Xs
455079,2019-07-21,202,Scots Bay,45.1882,-65.0188,2019-07-22,203,Scots Bay,,,,1,complete.returns,,4Xr,4Xs
455080,2019-07-21,202,Scots Bay,45.1882,-65.0188,2019-07-22,203,Scots Bay,,,,1,complete.returns,,4Xr,4Xs
455143,2019-07-21,202,Scots Bay,45.1882,-65.0188,2019-07-22,203,Scots Bay,,,,1,complete.returns,,4Xr,4Xs
455147,2019-07-21,202,Scots Bay,45.1882,-65.0188,2019-07-22,203,Scots Bay,,,,1,complete.returns,,4Xr,4Xs
455260,2019-07-21,202,Scots Bay,45.1977,-64.9887,2019-07-22,203,Scots Bay,,,,1,complete.returns,,4Xr,4Xs
455308,2019-07-21,202,Scots Bay,45.1977,-64.9887,2019-07-22,203,Scots Bay,,,,1,complete.returns,,4Xr,4Xs
455322,2019-07-21,202,Scots Bay,45.1977,-64.9887,2019-07-22,203,Scots Bay,,,,1,complete.returns,,4Xr,4Xs
455336,2019-07-21,202,Scots Bay,45.1977,-64.9887,2019-07-22,203,Scots Bay,,,,1,complete.returns,,4Xr,4Xs
455352,2019-07-21,202,Scots Bay,45.1977,-64.9887,2019-07-22,203,Scots Bay,,,,1,complete.returns,,4Xr,4Xs
455358,2019-07-21,202,Scots Bay,45.1977,-64.9887,2019-07-22,203,Scots Bay,,,,1,complete.returns,,4Xr,4Xs
455361,2019-07-21,202,Scots Bay,45.1977,-64.9887,2019-07-22,203,Scots Bay,,,,1,complete.returns,,4Xr,4Xs
455365,2019-07-21,202,Scots Bay,45.1977,-64.9887,2019-07-22,203,Scots Bay,,,,1,complete.returns,,4Xr,4Xs
455390,2019-07-21,202,Scots Bay,45.1977,-64.9887,2019-07-22,203,Scots Bay,,,,1,complete.returns,,4Xr,4Xs
455392,2019-07-21,202,Scots Bay,45.1977,-64.9887,2019-07-22,203,Scots Bay,,,,1,complete.returns,,4Xr,4Xs
455493,2019-07-21,202,Scots Bay,45.1977,-64.9887,2019-07-22,203,Scots Bay,,,,1,complete.returns,,4Xr,4Xs
455499,2019-07-21,202,Scots Bay,45.1977,-64.9887,2019-07-22,203,Scots Bay,,,,1,complete.returns,,4Xr,4Xs
455500,2019-07-21,202,Scots Bay,45.1977,-64.9887,2019-07-22,203,Scots Bay,,,,1,complete.returns,,4Xr,4Xs
456509,2019-07-28,209,Trinity,44.1137,-66.4637,2019-09-16,259,Scots Bay,,,,50,complete.returns,,4Xr,4Xs
459268,2019-08-05,217,Scots Bay,45.23232,-64.904,2019-08-20,232,Scots Bay,,,,15,complete.returns,,4Xr,4Xs
460131,2019-07-23,204,Lurcher,43.91701667,-66.5047,2019-09-03,246,Scots Bay,,,,42,complete.returns,,4Xq,4Xs
461321,2018-09-03,246,Scots Bay,45.178,-64.9832,2018-09-04,247,Scots Bay,,,,1,complete.returns,,4Xr,4Xs
461337,2018-09-03,246,Scots Bay,45.178,-64.9832,2018-09-04,247,Scots Bay,,,,1,complete.returns,,4Xr,4Xs
462600,2021-08-02,214,Scots Bay,45.1503,-64.98566667,2021-08-18,230,Scots Bay,,,16.0,16,complete.returns,Scots Bay (Area 8),4Xr,4Xs
462648,2021-08-02,214,Scots Bay,45.1503,-64.98566667,2021-08-03,215,Scots Bay,,,88.0,1,complete.returns,Scots Bay (Area 8),4Xr,4Xs
463346,2021-08-17,229,Scots Bay,45.13168333,-65.07638333,2021-08-19,231,Scots Bay,,,79.0,2,complete.returns,Scots Bay (Area 8),4Xr,4Xs
463463,2021-08-18,230,Scots Bay,45.1419,-65.03458333,2021-08-19,231,Scots Bay,,,134.0,1,complete.returns,Scots Bay (Area 8),4Xr,4Xs
469727,2021-07-18,199,Scots Bay,45.29146667,-64.92868333,2021-07-20,201,Scots Bay,,,142.0,2,complete.returns,Scots Bay (Area 8),4Xr,4Xs
469743,2021-07-18,199,Scots Bay,45.29146667,-64.92868333,2021-07-19,200,Scots Bay,,,110.0,1,complete.returns,Scots Bay (Area 8),4Xr,4Xs
469867,2021-07-18,199,Scots Bay,45.30021667,-64.864,2021-07-21,202,Scots Bay,,,43.0,3,complete.returns,Scots Bay (Area 8),4Xr,4Xs
470090,2022-07-26,207,Scots Bay,45.21168333,-64.852,2022-07-29,210,Scots Bay,,,99.0,3,complete.returns,,4Xr,4Xs
480874,2020-08-24,237,Scots Bay,45.18795,-65.0152,2020-08-25,238,Scots Bay,,,72.0,1,complete.returns,,4Xr,4Xs
486889,2021-08-02,214,Scots Bay,45.158,-64.97916667,2021-08-03,215,Scots Bay,,,55.0,1,complete.returns,Scots Bay (Area 8),4Xr,4Xs
486911,2021-08-02,214,Scots Bay,45.158,-64.97916667,2021-08-03,215,Scots Bay,,,55.0,1,complete.returns,Scots Bay (Area 8),4Xr,4Xs
494355,2021-08-17,229,Scots Bay,45.13783333,-65.061,2021-08-19,231,Scots Bay,,,87.0,2,complete.returns,Scots Bay (Area 8),4Xr,4Xs
494392,2021-08-17,229,Scots Bay,45.13783333,-65.061,2021-08-19,231,Scots Bay,,,134.0,2,complete.returns,Scots Bay (Area 8),4Xr,4Xs
494405,2021-08-17,229,Scots Bay,45.13783333,-65.061,2021-08-19,231,Scots Bay,,,87.0,2,complete.returns,Scots Bay (Area 8),4Xr,4Xs
494476,2021-08-17,229,Scots Bay,45.154,-64.99533333,2021-08-19,231,Scots Bay,,,79.0,2,complete.returns,Scots Bay (Area 8),4Xr,4Xs
495455,2022-08-07,219,Scots Bay,45.15131667,-65.03181667,2022-08-09,221,Scots Bay,,,116.0,2,complete.returns,,4Xr,4Xs
495458,2022-08-07,219,Scots Bay,45.15131667,-65.03181667,2022-08-09,221,Scots Bay,,,116.0,2,complete.returns,,4Xr,4Xs
495462,2022-08-07,219,Scots Bay,45.15131667,-65.03181667,2022-08-09,221,Scots Bay,,,116.0,2,complete.returns,,4Xr,4Xs
495471,2022-08-07,219,Scots Bay,45.15131667,-65.03181667,2022-08-09,221,Scots Bay,,,116.0,2,complete.returns,,4Xr,4Xs
495479,2022-08-07,219,Scots Bay,45.15131667,-65.03181667,2022-08-09,221,Scots Bay,,,116.0,2,complete.returns,,4Xr,4Xs
495488,2022-08-07,219,Scots Bay,45.15131667,-65.03181667,2022-08-09,221,Scots Bay,,,116.0,2,complete.returns,,4Xr,4Xs
495489,2022-08-07,219,Scots Bay,45.15131667,-65.03181667,2022-08-09,221,Scots Bay,,,116.0,2,complete.returns,,4Xr,4Xs
495498,2022-08-07,219,Scots Bay,45.15131667,-65.03181667,2022-08-09,221,Scots Bay,,,116.0,2,complete.returns,,4Xr,4Xs
495506,2022-08-07,219,Scots Bay,45.15131667,-65.03181667,2022-08-09,221,Scots Bay,,,116.0,2,complete.returns,,4Xr,4Xs
495517,2022-08-07,219,Scots Bay,45.15131667,-65.03181667,2022-08-09,221,Scots Bay,,,116.0,2,complete.returns,,4Xr,4Xs
495553,2022-08-07,219,Scots Bay,45.15131667,-65.03181667,2022-08-09,221,Scots Bay,,,116.0,2,complete.returns,,4Xr,4Xs
495555,2022-08-07,219,Scots Bay,45.15131667,-65.03181667,2022-08-09,221,Scots Bay,,,116.0,2,complete.returns,,4Xr,4Xs
495565,2022-08-07,219,Scots Bay,45.15131667,-65.03181667,2022-08-09,221,Scots Bay,,,116.0,2,complete.returns,,4Xr,4Xs
495566,2022-08-07,219,Scots Bay,45.15131667,-65.03181667,2022-08-09,221,Scots Bay,,,116.0,2,complete.returns,,4Xr,4Xs
495600,2022-08-07,219,Scots Bay,45.15131667,-65.03181667,2022-08-09,221,Scots Bay,,,116.0,2,complete.returns,,4Xr,4Xs
495666,2022-08-07,219,Scots Bay,45.1864,-64.92838333,2022-08-10,222,Scots Bay,,,98.0,3,complete.returns,,4Xr,4Xs
495848,2022-08-07,219,Scots Bay,45.1864,-64.92838333,2022-08-10,222,Scots Bay,,,98.0,3,complete.returns,,4Xr,4Xs
495962,2022-08-07,219,Scots Bay,45.16176667,-65.00546667,2022-08-10,222,Scots Bay,,,98.0,3,complete.returns,,4Xr,4Xs
495990,2022-08-07,219,Scots Bay,45.16176667,-65.00546667,2022-08-10,222,Scots Bay,,,98.0,3,complete.returns,,4Xr,4Xs
495993,2022-08-07,219,Scots Bay,45.16176667,-65.00546667,2022-08-10,222,Scots Bay,,,98.0,3,complete.returns,,4Xr,4Xs
499156,2022-07-27,208,Scots Bay,45.18333333,-64.91666667,2022-07-28,209,Scots Bay,,,55.0,1,complete.returns,,4Xr,4Xs
499203,2022-07-27,208,Scots Bay,45.18333333,-64.91666667,2022-08-09,221,Scots Bay,,,116.0,13,complete.returns,,4Xr,4Xs
500041,2022-08-07,219,Scots Bay,45.16176667,-65.00546667,2022-08-10,222,Scots Bay,,,98.0,3,complete.returns,,4Xr,4Xs
500047,2022-08-07,219,Scots Bay,45.16176667,-65.00546667,2022-08-10,222,Scots Bay,,,98.0,3,complete.returns,,4Xr,4Xs
500052,2022-08-07,219,Scots Bay,45.16176667,-65.00546667,2022-08-10,222,Scots Bay,,,98.0,3,complete.returns,,4Xr,4Xs
500063,2022-08-07,219,Scots Bay,45.16176667,-65.00546667,2022-08-10,222,Scots Bay,,,98.0,3,complete.returns,,4Xr,4Xs
500073,2022-08-07,219,Scots Bay,45.16176667,-65.00546667,2022-08-10,222,Scots Bay,,,98.0,3,complete.returns,,4Xr,4Xs
500103,2022-08-07,219,Scots Bay,45.16176667,-65.00546667,2022-08-10,222,Scots Bay,,,98.0,3,complete.returns,,4Xr,4Xs
500131,2022-08-07,219,Scots Bay,45.16176667,-65.00546667,2022-08-10,222,Scots Bay,,,98.0,3,complete.returns,,4Xr,4Xs
500195,2022-08-07,219,Scots Bay,45.15536667,-65.10636667,2022-08-10,222,Scots Bay,,,98.0,3,complete.returns,,4Xr,4Xs
500225,2022-08-07,219,Scots Bay,45.15536667,-65.10636667,2022-08-17,229,Scots Bay,,,115.0,10,complete.returns,,4Xr,4Xs
500256,2022-08-07,219,Scots Bay,45.15536667,-65.10636667,2022-08-10,222,Scots Bay,,,98.0,3,complete.returns,,4Xr,4Xs
500296,2022-08-07,219,Scots Bay,45.15536667,-65.10636667,2022-08-09,221,Scots Bay,,,116.0,2,complete.returns,,4Xr,4Xs
506117,2022-08-09,221,Scots Bay,45.15576667,-65.01695,2022-08-10,222,Scots Bay,,,98.0,1,complete.returns,,4Xr,4Xs
515196,2021-07-18,199,Scots Bay,45.28916667,-64.95966667,2021-07-19,200,Scots Bay,,,154.0,1,complete.returns,Scots Bay (Area 8),4Xr,4Xs
515504,2021-07-18,199,Scots Bay,45.29666667,-64.85283333,2021-07-20,201,Scots Bay,,,72.0,2,complete.returns,Scots Bay (Area 8),4Xr,4Xs
518513,2022-08-08,220,Scots Bay,45.1905,-64.899167,2022-08-10,222,Scots Bay,,,98.0,2,complete.returns,,4Xr,4Xs
518517,2022-08-08,220,Scots Bay,45.1905,-64.899167,2022-08-10,222,Scots Bay,,,98.0,2,complete.returns,,4Xr,4Xs
518626,2022-08-08,220,Scots Bay,45.1905,-64.899167,2022-08-10,222,Scots Bay,,,98.0,2,complete.returns,,4Xr,4Xs
518630,2022-08-08,220,Scots Bay,45.1905,-64.899167,2022-08-10,222,Scots Bay,,,98.0,2,complete.returns,,4Xr,4Xs
518735,2022-08-08,220,Scots Bay,45.1905,-64.899167,2022-08-10,222,Scots Bay,,,98.0,2,complete.returns,,4Xr,4Xs
518748,2022-08-08,220,Scots Bay,45.1905,-64.899167,2022-08-10,222,Scots Bay,,,98.0,2,complete.returns,,4Xr,4Xs
518780,2022-08-08,220,Scots Bay,45.1905,-64.899167,2022-08-10,222,Scots Bay,,,98.0,2,complete.returns,,4Xr,4Xs
531273,2020-06-14,166,Scots Bay,45.26863,-64.9492,2020-06-15,167,Scots Bay,,,131.0,1,complete.returns,,4Xr,4Xs
531382,2020-08-10,223,Scots Bay,45.09808,-65.0482,2020-08-13,226,Scots Bay,,,68.0,3,complete.returns,,4Xr,4Xs
550037,2020-08-10,223,Scots Bay,45.11367,-65.016,2020-08-12,225,Scots Bay,,,71.0,2,complete.returns,,4Xr,4Xs
581083,2021-06-06,157,Scots Bay,45.275,-64.961111,2021-06-08,159,Scots Bay,,,151.1,2,complete.returns,Scots Bay (Area 8),4Xr,4Xs
585852,2022-08-07,219,Scots Bay,45.146,-65.0465,2022-08-09,221,Scots Bay,,,116.0,2,complete.returns,,4Xr,4Xs
585856,2022-08-07,219,Scots Bay,45.146,-65.0465,2022-08-09,221,Scots Bay,,,116.0,2,complete.returns,,4Xr,4Xs
585858,2022-08-07,219,Scots Bay,45.146,-65.0465,2022-08-09,221,Scots Bay,,,116.0,2,complete.returns,,4Xr,4Xs
585860,2022-08-07,219,Scots Bay,45.146,-65.0465,2022-08-09,221,Scots Bay,,,116.0,2,complete.returns,,4Xr,4Xs
585864,2022-08-07,219,Scots Bay,45.146,-65.0465,2022-08-09,221,Scots Bay,,,116.0,2,complete.returns,,4Xr,4Xs
585876,2022-08-07,219,Scots Bay,45.146,-65.0465,2022-08-09,221,Scots Bay,,,116.0,2,complete.returns,,4Xr,4Xs
585885,2022-08-07,219,Scots Bay,45.146,-65.0465,2022-08-09,221,Scots Bay,,,116.0,2,complete.returns,,4Xr,4Xs
585894,2022-08-07,219,Scots Bay,45.146,-65.0465,2022-08-09,221,Scots Bay,,,116.0,2,complete.returns,,4Xr,4Xs
585900,2022-08-07,219,Scots Bay,45.146,-65.0465,2022-08-09,221,Scots Bay,,,116.0,2,complete.returns,,4Xr,4Xs
585910,2022-08-07,219,Scots Bay,45.146,-65.0465,2022-08-09,221,Scots Bay,,,116.0,2,complete.returns,,4Xr,4Xs
585912,2022-08-07,219,Scots Bay,45.146,-65.0465,2022-08-09,221,Scots Bay,,,116.0,2,complete.returns,,4Xr,4Xs
585919,2022-08-07,219,Scots Bay,45.146,-65.0465,2022-08-10,222,Scots Bay,,,98.0,3,complete.returns,,4Xr,4Xs
585920,2022-08-07,219,Scots Bay,45.146,-65.0465,2022-08-09,221,Scots Bay,,,116.0,2,complete.returns,,4Xr,4Xs
585938,2022-08-07,219,Scots Bay,45.146,-65.0465,2022-08-09,221,Scots Bay,,,116.0,2,complete.returns,,4Xr,4Xs
585942,2022-08-07,219,Scots Bay,45.146,-65.0465,2022-08-09,221,Scots Bay,,,116.0,2,complete.returns,,4Xr,4Xs
585945,2022-08-07,219,Scots Bay,45.146,-65.0465,2022-08-09,221,Scots Bay,,,116.0,2,complete.returns,,4Xr,4Xs
585964,2022-08-07,219,Scots Bay,45.146,-65.0465,2022-08-09,221,Scots Bay,,,116.0,2,complete.returns,,4Xr,4Xs
585967,2022-08-07,219,Scots Bay,45.146,-65.0465,2022-08-09,221,Scots Bay,,,116.0,2,complete.returns,,4Xr,4Xs
585970,2022-08-07,219,Scots Bay,45.146,-65.0465,2022-08-09,221,Scots Bay,,,116.0,2,complete.returns,,4Xr,4Xs
589502,2021-08-02,214,Scots Bay,45.11375,-65.08136667,2021-08-03,215,Scots Bay,,,55.0,1,complete.returns,Scots Bay (Area 8),4Xr,4Xs
589507,2021-08-02,214,Scots Bay,45.11375,-65.08136667,2021-08-03,215,Scots Bay,,,55.0,1,complete.returns,Scots Bay (Area 8),4Xr,4Xs
589533,2021-08-02,214,Scots Bay,45.11375,-65.08136667,2021-08-03,215,Scots Bay,,,53.0,1,complete.returns,Scots Bay (Area 8),4Xr,4Xs
589571,2021-08-02,214,Scots Bay,45.11375,-65.08136667,2021-08-03,215,Scots Bay,,,88.0,1,complete.returns,Scots Bay (Area 8),4Xr,4Xs
589646,2021-08-02,214,Scots Bay,45.11375,-65.08136667,2021-08-03,215,Scots Bay,,,35.0,1,complete.returns,Scots Bay (Area 8),4Xr,4Xs
589805,2021-08-02,214,Scots Bay,45.1238,-65.06623333,2021-08-03,215,Scots Bay,,,35.0,1,complete.returns,Scots Bay (Area 8),4Xr,4Xs
589890,2021-08-02,214,Scots Bay,45.1238,-65.06623333,2021-08-03,215,Scots Bay,,,88.0,1,complete.returns,Scots Bay (Area 8),4Xr,4Xs
590150,2021-08-16,228,Scots Bay,45.15155,-65.01928333,2021-08-19,231,Scots Bay,,,79.0,3,complete.returns,Scots Bay (Area 8),4Xr,4Xs
590200,2021-08-16,228,Scots Bay,45.15155,-65.01928333,2021-08-17,229,Scots Bay,,,109.0,1,complete.returns,Scots Bay (Area 8),4Xr,4Xs
590536,2021-08-17,229,Scots Bay,45.149,-65.0011,2021-08-19,231,Scots Bay,,,47.0,2,complete.returns,Scots Bay (Area 8),4Xr,4Xs
590687,2021-08-17,229,Scots Bay,45.149,-65.0011,2021-08-19,231,Scots Bay,,,79.0,2,complete.returns,Scots Bay (Area 8),4Xr,4Xs
512376,2021-08-04,216,Scots Bay,45.10066667,-65.07766667,2022-07-28,209,Scots Bay,,,185.0,358,complete.returns,Scots Bay (Area 8),4Xr,4Xs
499124,2022-07-27,208,Scots Bay,45.18333333,-64.91666667,2022-07-29,210,Scots Bay,,,69.0,2,complete.returns,Scots Bay (Area 8),4Xr,4Xs
470031,2022-07-26,207,Scots Bay,45.21168333,-64.852,2022-07-29,210,Scots Bay,,,69.0,3,complete.returns,Scots Bay (Area 8),4Xr,4Xs
470267,2022-07-28,209,Scots Bay,45.1982,-64.91198333,2022-08-08,220,Scots Bay,,,45.0,11,complete.returns,Scots Bay (Area 8),4Xr,4Xs
585903,2022-08-07,219,Scots Bay,45.146,-65.0465,2022-08-09,221,Scots Bay,,,74.0,2,complete.returns,Scots Bay (Area 8),4Xr,4Xs
495558,2022-08-07,219,Scots Bay,45.15131667,-65.03181667,2022-08-09,221,Scots Bay,,,74.0,2,complete.returns,Scots Bay (Area 8),4Xr,4Xs
518776,2022-08-08,220,Scots Bay,45.1905,-64.899167,2022-08-10,222,Scots Bay,,,74.0,2,complete.returns,Scots Bay (Area 8),4Xr,4Xs
495883,2022-08-07,219,Scots Bay,45.1864,-64.92838333,2022-08-10,222,Scots Bay,,,111.0,3,complete.returns,Scots Bay (Area 8),4Xr,4Xs
518726,2022-08-08,220,Scots Bay,45.1905,-64.899167,2022-08-10,222,Scots Bay,,,74.0,2,complete.returns,Scots Bay (Area 8),4Xr,4Xs
500213,2022-08-07,219,Scots Bay,45.15536667,-65.10636667,2022-08-10,222,Scots Bay,,,74.0,3,complete.returns,Scots Bay (Area 8),4Xr,4Xs
518533,2022-08-08,220,Scots Bay,45.1905,-64.899167,2022-08-10,222,Scots Bay,,,74.0,2,complete.returns,Scots Bay (Area 8),4Xr,4Xs
495876,2022-08-07,219,Scots Bay,45.1864,-64.92838333,2022-08-10,222,Scots Bay,,,74.0,3,complete.returns,Scots Bay (Area 8),4Xr,4Xs
500115,2022-08-07,219,Scots Bay,45.16176667,-65.00546667,2022-08-10,222,Scots Bay,,,74.0,3,complete.returns,Scots Bay (Area 8),4Xr,4Xs
518800,2022-08-08,220,Scots Bay,45.1905,-64.899167,2022-08-10,222,Scots Bay,,,74.0,2,complete.returns,Scots Bay (Area 8),4Xr,4Xs
585944,2022-08-07,219,Scots Bay,45.146,-65.0465,2022-08-10,222,Scots Bay,,,111.0,3,complete.returns,Scots Bay (Area 8),4Xr,4Xs
518644,2022-08-08,220,Scots Bay,45.1905,-64.899167,2022-08-10,222,Scots Bay,,,111.0,2,complete.returns,Scots Bay (Area 8),4Xr,4Xs
495548,2022-08-07,219,Scots Bay,45.15131667,-65.03181667,2022-08-10,222,Scots Bay,,,111.0,3,complete.returns,Scots Bay (Area 8),4Xr,4Xs
500297,2022-08-07,219,Scots Bay,45.15536667,-65.10636667,2022-08-10,222,Scots Bay,,,111.0,3,complete.returns,Scots Bay (Area 8),4Xr,4Xs
495701,2022-08-07,219,Scots Bay,45.1864,-64.92838333,2022-08-10,222,Scots Bay,,,74.0,3,complete.returns,Scots Bay (Area 8),4Xr,4Xs
495858,2022-08-07,219,Scots Bay,45.1864,-64.92838333,2022-08-10,222,Scots Bay,,,74.0,3,complete.returns,Scots Bay (Area 8),4Xr,4Xs
495625,2022-08-07,219,Scots Bay,45.1864,-64.92838333,2022-08-10,222,Scots Bay,,,74.0,3,complete.returns,Scots Bay (Area 8),4Xr,4Xs
495659,2022-08-07,219,Scots Bay,45.1864,-64.92838333,2022-08-10,222,Scots Bay,,,74.0,3,complete.returns,Scots Bay (Area 8),4Xr,4Xs
518601,2022-08-08,220,Scots Bay,45.1905,-64.899167,2022-08-10,222,Scots Bay,,,74.0,2,complete.returns,Scots Bay (Area 8),4Xr,4Xs
500249,2022-08-07,219,Scots Bay,45.15536667,-65.10636667,2022-08-11,223,Scots Bay,,,162.0,4,complete.returns,Scots Bay (Area 8),4Xr,4Xs
518791,2022-08-08,220,Scots Bay,45.1905,-64.899167,2022-08-11,223,Scots Bay,,,73.0,3,complete.returns,Scots Bay (Area 8),4Xr,4Xs
500352,2022-08-09,221,Scots Bay,45.16556667,-64.94023333,2022-08-11,223,Scots Bay,,,162.0,2,complete.returns,Scots Bay (Area 8),4Xr,4Xs
500396,2022-08-09,221,Scots Bay,45.16556667,-64.94023333,2022-08-11,223,Scots Bay,,,73.0,2,complete.returns,Scots Bay (Area 8),4Xr,4Xs
500486,2022-08-09,221,Scots Bay,45.16556667,-64.94023333,2022-08-11,223,Scots Bay,,,73.0,2,complete.returns,Scots Bay (Area 8),4Xr,4Xs
495866,2022-08-07,219,Scots Bay,45.1864,-64.92838333,2022-08-11,223,Scots Bay,,,33.0,4,complete.returns,Scots Bay (Area 8),4Xr,4Xs
500598,2022-08-09,221,Scots Bay,45.16556667,-64.94023333,2022-08-11,223,Scots Bay,,,73.0,2,complete.returns,Scots Bay (Area 8),4Xr,4Xs
522389,2022-08-10,222,Scots Bay,45.14163333,-65.03943333,2022-08-11,223,Scots Bay,,,73.0,1,complete.returns,Scots Bay (Area 8),4Xr,4Xs
522380,2022-08-10,222,Scots Bay,45.14163333,-65.03943333,2022-08-11,223,Scots Bay,,,73.0,1,complete.returns,Scots Bay (Area 8),4Xr,4Xs
500049,2022-08-07,219,Scots Bay,45.16176667,-65.00546667,2022-08-11,223,Scots Bay,,,162.0,4,complete.returns,Scots Bay (Area 8),4Xr,4Xs
522291,2022-08-10,222,Scots Bay,45.14163333,-65.03943333,2022-08-11,223,Scots Bay,,,162.0,1,complete.returns,Scots Bay (Area 8),4Xr,4Xs
522223,2022-08-10,222,Scots Bay,45.14163333,-65.03943333,2022-08-23,235,Scots Bay,,,40.0,13,complete.returns,Scots Bay (Area 8),4Xr,4Xs
498868,2022-08-23,235,Scots Bay,45.12695,-65.0344,2022-09-06,249,Scots Bay,,,,14,complete.returns,Scots Bay (Area 8),4Xr,4Xs
475834,2022-09-06,249,Scots Bay,45.17516667,-64.98425,2022-09-07,250,Scots Bay,,,98.0,1,complete.returns,Scots Bay (Area 8),4Xr,4Xs
502044,2022-08-22,234,Scots Bay,45.12246667,-65.05455,2022-09-08,251,Scots Bay,,,20.0,17,complete.returns,Scots Bay (Area 8),4Xr,4Xs
522397,2022-08-10,222,Scots Bay,45.14163333,-65.03943333,2022-08-17,229,Scots Bay,,,113.0,7,complete.returns,,4Xr,4Xs
500270,2022-08-07,219,Scots Bay,45.15536667,-65.10636667,2022-08-17,229,Scots Bay,,,113.0,10,complete.returns,,4Xr,4Xs
499078,2022-07-27,208,Scots Bay,45.18333333,-64.91666667,2022-08-17,229,Scots Bay,,,113.0,21,complete.returns,,4Xr,4Xs
495992,2022-08-07,219,Scots Bay,45.16176667,-65.00546667,2022-08-17,229,Scots Bay,,,113.0,10,complete.returns,,4Xr,4Xs
522563,2022-08-11,223,Scots Bay,45.1933,-64.88655,2022-08-17,229,Scots Bay,,,113.0,6,complete.returns,,4Xr,4Xs
585683,2022-06-13,164,Grand Manan Banks,44.28618333,-67.00335,2022-07-12,193,Scots Bay,,,150.0,29,complete.returns,,5Yb,4Xs
469756,2021-07-18,199,Scots Bay,45.29146667,-64.92868333,2022-08-02,214,Scots Bay,,,149.4,380,complete.returns,,4Xr,4Xs
495520,2022-08-07,219,Scots Bay,45.15131667,-65.03181667,2022-08-09,221,Scots Bay,,,139.5,2,complete.returns,,4Xr,4Xs
495463,2022-08-07,219,Scots Bay,45.15131667,-65.03181667,2022-08-09,221,Scots Bay,,,139.5,2,complete.returns,,4Xr,4Xs
516366,2021-10-07,280,Grand Manan Banks,44.277167,-67.017833,2022-08-10,222,Scots Bay,,,49.5,307,complete.returns,,5Yb,4Xs
585883,2022-08-07,219,Scots Bay,45.146,-65.0465,2022-08-10,222,Scots Bay,,,49.5,3,complete.returns,,4Xr,4Xs
506114,2022-08-09,221,Scots Bay,45.15576667,-65.01695,2022-08-10,222,Scots Bay,,,49.5,1,complete.returns,,4Xr,4Xs
500223,2022-08-07,219,Scots Bay,45.15536667,-65.10636667,2022-08-11,223,Scots Bay,,,124.6,4,complete.returns,,4Xr,4Xs
500253,2022-08-07,219,Scots Bay,45.15536667,-65.10636667,2022-08-11,223,Scots Bay,,,124.6,4,complete.returns,,4Xr,4Xs
500952,2022-08-10,222,Scots Bay,45.18843333,-64.88335,2022-08-12,224,Scots Bay,,,139.0,2,complete.returns,,4Xr,4Xs
522501,2022-08-11,223,Scots Bay,45.1933,-64.88655,2022-08-12,224,Scots Bay,,,139.0,1,complete.returns,,4Xr,4Xs
500184,2022-08-07,219,Scots Bay,45.15536667,-65.10636667,2022-08-10,222,Scots Bay,,,49.0,3,complete.returns,,4Xr,4Xs
500252,2022-08-07,219,Scots Bay,45.15536667,-65.10636667,2022-08-10,222,Scots Bay,,,49.0,3,complete.returns,,4Xr,4Xs
500301,2022-08-07,219,Scots Bay,45.15536667,-65.10636667,2022-08-10,222,Scots Bay,,,49.0,3,complete.returns,,4Xr,4Xs
495675,2022-08-07,219,Scots Bay,45.1864,-64.92838333,2022-08-10,222,Scots Bay,,,124.0,3,complete.returns,,4Xr,4Xs
500226,2022-08-07,219,Scots Bay,45.15536667,-65.10636667,2022-08-10,222,Scots Bay,,,124.0,3,complete.returns,,4Xr,4Xs
500056,2022-08-07,219,Scots Bay,45.16176667,-65.00546667,2022-08-10,222,Scots Bay,,,124.0,3,complete.returns,,4Xr,4Xs
500283,2022-08-07,219,Scots Bay,45.15536667,-65.10636667,2022-08-10,222,Scots Bay,,,124.0,3,complete.returns,,4Xr,4Xs
495496,2022-08-07,219,Scots Bay,45.15131667,-65.03181667,2022-08-10,222,Scots Bay,,,124.0,3,complete.returns,,4Xr,4Xs
506149,2022-08-09,221,Scots Bay,45.15576667,-65.01695,2022-08-10,222,Scots Bay,,,49.0,1,complete.returns,,4Xr,4Xs
500245,2022-08-07,219,Scots Bay,45.15536667,-65.10636667,2022-08-12,224,Scots Bay,,,149.0,5,complete.returns,,4Xr,4Xs
500658,2022-08-09,221,Scots Bay,45.16556667,-64.94023333,2022-08-12,224,Scots Bay,,,149.0,3,complete.returns,,4Xr,4Xs
522025,2022-08-11,223,Scots Bay,45.1933,-64.88655,2022-08-12,224,Scots Bay,,,149.0,1,complete.returns,,4Xr,4Xs
500961,2022-08-10,222,Scots Bay,45.18843333,-64.88335,2022-08-12,224,Scots Bay,,,149.0,2,complete.returns,,4Xr,4Xs
495826,2022-08-07,219,Scots Bay,45.1864,-64.92838333,2022-08-12,224,Scots Bay,,,149.0,5,complete.returns,,4Xr,4Xs
498899,2022-08-23,235,Scots Bay,45.12695,-65.0344,2022-08-24,236,Scots Bay,,,111.0,1,complete.returns,,4Xr,4Xs
498866,2022-08-23,235,Scots Bay,45.12695,-65.0344,2022-08-24,236,Scots Bay,,,111.0,1,complete.returns,,4Xr,4Xs
498732,2022-08-22,234,Scots Bay,45.1461,-64.99368333,2022-08-24,236,Scots Bay,,,111.0,2,complete.returns,,4Xr,4Xs
498935,2022-08-23,235,Scots Bay,45.12695,-65.0344,2022-08-24,236,Scots Bay,,,111.0,1,complete.returns,,4Xr,4Xs
498795,2022-08-23,235,Scots Bay,45.1461,-64.99368333,2022-08-24,236,Scots Bay,,,111.0,1,complete.returns,,4Xr,4Xs
480599,2020-08-11,224,Scots Bay,45.13012,-64.9917,2022-08-24,236,Scots Bay,,,57.0,743,complete.returns,,4Xr,4Xs
498778,2022-08-23,235,Scots Bay,45.1461,-64.99368333,2022-08-24,236,Scots Bay,,,57.0,1,complete.returns,,4Xr,4Xs
498747,2022-08-22,234,Scots Bay,45.1461,-64.99368333,2022-08-24,236,Scots Bay,,,57.0,2,complete.returns,,4Xr,4Xs
500558,2022-08-09,221,Scots Bay,45.16556667,-64.94023333,2022-08-24,236,Scots Bay,,,111.0,15,complete.returns,,4Xr,4Xs
498828,2022-08-23,235,Scots Bay,45.1461,-64.99368333,2022-08-24,236,Scots Bay,,,111.0,1,complete.returns,,4Xr,4Xs
491020,2022-06-12,163,Grand Manan Banks,44.27366667,-67.00333333,2022-08-24,236,Scots Bay,,,105.0,73,complete.returns,,5Yb,4Xs
495779,2022-08-07,219,Scots Bay,45.1864,-64.92838333,2022-08-24,236,Scots Bay,,,105.0,17,complete.returns,,4Xr,4Xs
498911,2022-08-23,235,Scots Bay,45.12695,-65.0344,2022-08-25,237,Scots Bay,,,145.0,2,complete.returns,,4Xr,4Xs
522029,2022-08-11,223,Scots Bay,45.1933,-64.88655,2022-08-12,224,Scots Bay,,,149.0,1,complete.returns,,4Xr,4Xs
500392,2022-08-09,221,Scots Bay,45.16556667,-64.94023333,2022-08-12,224,Scots Bay,,,149.0,3,complete.returns,,4Xr,4Xs
500695,2022-08-10,222,Scots Bay,45.15665,-64.97125,2022-08-12,224,Scots Bay,,,149.0,2,complete.returns,,4Xr,4Xs
500458,2022-08-09,221,Scots Bay,45.16556667,-64.94023333,2022-08-12,224,Scots Bay,,,149.0,3,complete.returns,,4Xr,4Xs
498082,2022-08-10,222,Scots Bay,45.18843333,-64.88335,2022-08-12,224,Scots Bay,,,149.0,2,complete.returns,,4Xr,4Xs
502129,2022-08-24,236,Scots Bay,45.16295,-64.94386667,2022-09-06,249,Scots Bay,,,106.0,13,complete.returns,,4Xr,4Xs
502148,2022-08-24,236,Scots Bay,45.16295,-64.94386667,2022-09-06,249,Scots Bay,,,106.0,13,complete.returns,,4Xr,4Xs
502095,2022-08-24,236,Scots Bay,45.16295,-64.94386667,2022-09-06,249,Scots Bay,,,106.0,13,complete.returns,,4Xr,4Xs
502111,2022-08-24,236,Scots Bay,45.16295,-64.94386667,2022-09-06,249,Scots Bay,,,106.0,13,complete.returns,,4Xr,4Xs
502190,2022-08-24,236,Scots Bay,45.16295,-64.94386667,2022-09-06,249,Scots Bay,,,106.0,13,complete.returns,,4Xr,4Xs
484666,2021-07-13,194,SW Grounds,43.0655,-65.959,2022-09-06,249,Scots Bay,,,106.0,420,complete.returns,,4Xo,4Xs
594164,2022-08-24,236,Scots Bay,45.14533333,-65.0025,2022-09-06,249,Scots Bay,,,106.0,13,complete.returns,,4Xr,4Xs
522021,2022-08-11,223,Scots Bay,45.1933,-64.88655,2022-09-06,249,Scots Bay,,,106.0,26,complete.returns,,4Xr,4Xs
498963,2022-08-23,235,Scots Bay,45.12695,-65.0344,2022-09-06,249,Scots Bay,,,106.0,14,complete.returns,,4Xr,4Xs
498814,2022-08-23,235,Scots Bay,45.1461,-64.99368333,2022-09-06,249,Scots Bay,,,106.0,14,complete.returns,,4Xr,4Xs
594007,2022-08-24,236,Scots Bay,45.14533333,-65.0025,2022-09-06,249,Scots Bay,,,113.0,13,complete.returns,,4Xr,4Xs
502247,2022-08-24,236,Scots Bay,45.16295,-64.94386667,2022-09-06,249,Scots Bay,,,113.0,13,complete.returns,,4Xr,4Xs
594185,2022-08-24,236,Scots Bay,45.14533333,-65.0025,2022-09-06,249,Scots Bay,,,113.0,13,complete.returns,,4Xr,4Xs
502094,2022-08-24,236,Scots Bay,45.16295,-64.94386667,2022-09-06,249,Scots Bay,,,113.0,13,complete.returns,,4Xr,4Xs
502292,2022-08-24,236,Scots Bay,45.16295,-64.94386667,2022-09-08,251,Scots Bay,,,68.0,15,complete.returns,,4Xr,4Xs
475812,2022-09-06,249,Scots Bay,45.17516667,-64.98425,2022-09-08,251,Scots Bay,,,68.0,2,complete.returns,,4Xr,4Xs
475807,2022-09-06,249,Scots Bay,45.17516667,-64.98425,2022-09-08,251,Scots Bay,,,68.0,2,complete.returns,,4Xr,4Xs
498352,2022-08-16,228,German Bank,43.34535,-66.44735,2022-09-02,245,Scots Bay,,,68.0,17,complete.returns,,4Xq,4Xs
500217,2022-08-07,219,Scots Bay,45.15536667,-65.10636667,2022-09-07,250,Scots Bay,,,172.0,31,complete.returns,,4Xr,4Xs
502085,2022-08-24,236,Scots Bay,45.16295,-64.94386667,2022-09-19,262,Scots Bay,,,203.0,26,complete.returns,,4Xr,4Xs
475710,2022-09-06,249,Scots Bay,45.17516667,-64.98425,2022-09-19,262,Scots Bay,,,126.0,13,complete.returns,,4Xr,4Xs
506218,2022-08-09,221,Scots Bay,45.15576667,-65.01695,2022-09-19,262,Scots Bay,,,126.0,41,complete.returns,,4Xr,4Xs
475939,2022-09-07,250,Scots Bay,45.19678333,-64.88591667,2022-09-19,262,Scots Bay,,,203.0,12,complete.returns,,4Xr,4Xs
475984,2022-09-07,250,Scots Bay,45.19678333,-64.88591667,2022-09-19,262,Scots Bay,,,126.0,12,complete.returns,,4Xr,4Xs
499155,2022-07-27,208,Scots Bay,45.18333333,-64.91666667,2022-09-18,261,Scots Bay,,,126.0,53,complete.returns,,4Xr,4Xs
495691,2022-08-07,219,Scots Bay,45.1864,-64.92838333,2022-08-10,222,Scots Bay,,,,3,complete.returns,,4Xr,4Xs
495670,2022-08-07,219,Scots Bay,45.1864,-64.92838333,2022-08-10,222,Scots Bay,,,,3,complete.returns,,4Xr,4Xs
495703,2022-08-07,219,Scots Bay,45.1864,-64.92838333,2022-08-10,222,Scots Bay,,,,3,complete.returns,,4Xr,4Xs
500048,2022-08-07,219,Scots Bay,45.16176667,-65.00546667,2022-08-10,222,Scots Bay,,,,3,complete.returns,,4Xr,4Xs
518505,2022-08-08,220,Scots Bay,45.1905,-64.899167,2022-08-10,222,Scots Bay,,,,2,complete.returns,,4Xr,4Xs
518667,2022-08-08,220,Scots Bay,45.1905,-64.899167,2022-08-11,223,Scots Bay,,,,3,complete.returns,,4Xr,4Xs
495560,2022-08-07,219,Scots Bay,45.15131667,-65.03181667,2022-08-09,221,Scots Bay,,,,2,complete.returns,,4Xr,4Xs
585855,2022-08-07,219,Scots Bay,45.146,-65.0465,2022-08-09,221,Scots Bay,,,,2,complete.returns,,4Xr,4Xs
580175,2021-06-14,165,Gannet Dry Ledge,43.62055,-66.97898333,2021-08-31,243,Scots Bay,,,146.0,78,complete.returns,Scots Bay (Area 8),4Xq,4Xs
581226,2021-06-06,157,Scots Bay,45.280556,-64.924722,2021-06-10,161,Scots Bay,,,67.0,4,complete.returns,,4Xr,4Xs
511454,2021-06-17,168,Gannet Dry Ledge,43.59533333,-66.79283333,2021-08-02,214,Scots Bay,,,68.0,46,complete.returns,,4Xq,4Xs
511729,2021-06-20,171,Scots Bay,45.117,-65.1205,2021-08-03,215,Scots Bay,,,67.0,44,complete.returns,,4Xr,4Xs
589877,2021-08-02,214,Scots Bay,45.1238,-65.06623333,2021-08-03,215,Scots Bay,,,86.0,1,complete.returns,,4Xr,4Xs
589836,2021-08-02,214,Scots Bay,45.1238,-65.06623333,2021-08-03,215,Scots Bay,,,86.0,1,complete.returns,,4Xr,4Xs
463444,2021-08-18,230,Scots Bay,45.1419,-65.03458333,2021-08-19,231,Scots Bay,,,36.0,1,complete.returns,,4Xr,4Xs
463270,2021-08-17,229,Scots Bay,45.13168333,-65.07638333,2021-08-19,231,Scots Bay,,,36.0,2,complete.returns,,4Xr,4Xs
590663,2021-08-17,229,Scots Bay,45.149,-65.0011,2021-08-19,231,Scots Bay,,,36.0,2,complete.returns,,4Xr,4Xs
590170,2021-08-16,228,Scots Bay,45.15155,-65.01928333,2021-08-18,230,Scots Bay,,,65.0,2,complete.returns,,4Xr,4Xs
494445,2021-08-17,229,Scots Bay,45.154,-64.99533333,2021-08-23,235,Scots Bay,,,110.0,6,complete.returns,,4Xr,4Xs
494379,2021-08-17,229,Scots Bay,45.13783333,-65.061,2021-08-23,235,Scots Bay,,,110.0,6,complete.returns,,4Xr,4Xs
480665,2020-08-11,224,Scots Bay,45.13012,-64.9917,2021-08-23,235,Scots Bay,,,110.0,377,complete.returns,,4Xr,4Xs
511323,2021-06-16,167,Gannet Dry Ledge,43.5625,-66.847,2021-08-25,237,Scots Bay,,,76.0,70,complete.returns,,4Xq,4Xs
464212,2021-06-17,168,Gannet Dry Ledge,43.58328333,-66.78353333,2021-08-25,237,Scots Bay,,,76.0,69,complete.returns,,4Xq,4Xs
511121,2021-06-13,164,Gannet Dry Ledge,43.62583333,-67.00316667,2021-08-23,235,Scots Bay,,,110.0,71,complete.returns,,4Xq,4Xs
494378,2021-08-17,229,Scots Bay,45.13783333,-65.061,2021-08-25,237,Scots Bay,,,102.0,8,complete.returns,,4Xr,4Xs
494446,2021-08-17,229,Scots Bay,45.154,-64.99533333,2021-08-27,239,Scots Bay,,,64.0,10,complete.returns,,4Xr,4Xs
590330,2021-08-17,229,Scots Bay,45.13388333,-65.0691,2021-08-27,239,Scots Bay,,,64.0,10,complete.returns,,4Xr,4Xs
485856,2021-06-13,164,Gannet Dry Ledge,43.62583333,-67.00316667,2021-08-27,239,Scots Bay,,,64.0,75,complete.returns,,4Xq,4Xs
494768,2021-08-19,231,Scots Bay,45.14416667,-65.03316667,2021-08-27,239,Scots Bay,,,64.0,8,complete.returns,,4Xr,4Xs
494720,2021-08-19,231,Scots Bay,45.14416667,-65.03316667,2021-08-27,239,Scots Bay,,,64.0,8,complete.returns,,4Xr,4Xs
463875,2021-08-30,242,Scots Bay,45.12588333,-65.0624,2021-09-01,244,Scots Bay,,,64.0,2,complete.returns,,4Xr,4Xs
488244,2021-08-31,243,Scots Bay,45.12833333,-65.0535,2021-09-01,244,Scots Bay,,,27.0,1,complete.returns,,4Xr,4Xs
510055,2021-08-30,242,Scots Bay,45.13871667,-65.03208333,2021-09-01,244,Scots Bay,,,27.0,2,complete.returns,,4Xr,4Xs
587582,2021-08-30,242,Scots Bay,45.13751667,-65.02555,2021-09-01,244,Scots Bay,,,27.0,2,complete.returns,,4Xr,4Xs
587290,2021-08-30,242,Scots Bay,45.13481667,-65.04305,2021-09-01,244,Scots Bay,,,27.0,2,complete.returns,,4Xr,4Xs
488070,2021-08-30,242,Scots Bay,45.13433333,-65.03716667,2021-09-01,244,Scots Bay,,,27.0,2,complete.returns,,4Xr,4Xs
494962,2021-08-30,242,Scots Bay,45.13666667,-65.036,2021-09-01,244,Scots Bay,,,27.0,2,complete.returns,,4Xr,4Xs
488138,2021-08-30,242,Scots Bay,45.13433333,-65.03716667,2021-09-01,244,Scots Bay,,,27.0,2,complete.returns,,4Xr,4Xs
587637,2021-08-30,242,Scots Bay,45.13816667,-65.03646667,2021-09-01,244,Scots Bay,,,80.0,2,complete.returns,,4Xr,4Xs
488052,2021-08-30,242,Scots Bay,45.13433333,-65.03716667,2021-09-01,244,Scots Bay,,,80.0,2,complete.returns,,4Xr,4Xs
463831,2021-08-30,242,Scots Bay,45.12588333,-65.0624,2021-09-01,244,Scots Bay,,,80.0,2,complete.returns,,4Xr,4Xs
587744,2021-08-30,242,Scots Bay,45.13816667,-65.03646667,2021-09-01,244,Scots Bay,,,80.0,2,complete.returns,,4Xr,4Xs
463935,2021-08-31,243,Scots Bay,45.13268333,-65.04171667,2021-09-01,244,Scots Bay,,,80.0,1,complete.returns,,4Xr,4Xs
488101,2021-08-30,242,Scots Bay,45.13433333,-65.03716667,2021-09-01,244,Scots Bay,,,80.0,2,complete.returns,,4Xr,4Xs
463807,2021-08-30,242,Scots Bay,45.12588333,-65.0624,2021-09-01,244,Scots Bay,,,80.0,2,complete.returns,,4Xr,4Xs
463789,2021-08-30,242,Scots Bay,45.12588333,-65.0624,2021-09-01,244,Scots Bay,,,80.0,2,complete.returns,,4Xr,4Xs
488203,2021-08-31,243,Scots Bay,45.12833333,-65.0535,2021-09-01,244,Scots Bay,,,80.0,1,complete.returns,,4Xr,4Xs
510072,2021-08-30,242,Scots Bay,45.13871667,-65.03208333,2021-09-01,244,Scots Bay,,,80.0,2,complete.returns,,4Xr,4Xs
488081,2021-08-30,242,Scots Bay,45.13433333,-65.03716667,2021-09-01,244,Scots Bay,,,80.0,2,complete.returns,,4Xr,4Xs
527118,2020-08-24,237,Scots Bay,45.19192,-65.0066,2021-09-01,244,Scots Bay,,,80.0,373,complete.returns,,4Xr,4Xs
587730,2021-08-30,242,Scots Bay,45.13816667,-65.03646667,2021-09-01,244,Scots Bay,,,80.0,2,complete.returns,,4Xr,4Xs
463783,2021-08-30,242,Scots Bay,45.12588333,-65.0624,2021-09-01,244,Scots Bay,,,80.0,2,complete.returns,,4Xr,4Xs
587583,2021-08-30,242,Scots Bay,45.13751667,-65.02555,2021-09-01,244,Scots Bay,,,80.0,2,complete.returns,,4Xr,4Xs
587360,2021-08-30,242,Scots Bay,45.13481667,-65.04305,2021-09-01,244,Scots Bay,,,80.0,2,complete.returns,,4Xr,4Xs
488248,2021-08-31,243,Scots Bay,45.12833333,-65.0535,2021-09-01,244,Scots Bay,,,80.0,1,complete.returns,,4Xr,4Xs
587334,2021-08-30,242,Scots Bay,45.13481667,-65.04305,2021-09-01,244,Scots Bay,,,80.0,2,complete.returns,,4Xr,4Xs
463776,2021-08-30,242,Scots Bay,45.12588333,-65.0624,2021-09-01,244,Scots Bay,,,100.0,2,complete.returns,,4Xr,4Xs
581803,2021-06-13,164,Gannet Dry Ledge,43.630833,-66.996111,2021-09-14,257,Scots Bay,,,130.0,93,complete.returns,,4Xq,4Xs
490522,2021-06-21,172,German Bank,43.48316667,-66.8665,2021-09-14,257,Scots Bay,,,130.0,85,complete.returns,,4Xq,4Xs
580083,2021-06-14,165,Gannet Dry Ledge,43.62055,-66.97898333,2021-07-19,200,Scots Bay,,,57.0,35,complete.returns,,4Xq,4Xs
515202,2021-07-18,199,Scots Bay,45.29666667,-64.85283333,2021-07-20,201,Scots Bay,,,82.0,2,complete.returns,,4Xr,4Xs
469701,2021-07-18,199,Scots Bay,45.29146667,-64.92868333,2021-07-20,201,Scots Bay,,,82.0,2,complete.returns,,4Xr,4Xs
469891,2021-07-18,199,Scots Bay,45.30021667,-64.864,2021-07-20,201,Scots Bay,,,82.0,2,complete.returns,,4Xr,4Xs
589826,2021-08-02,214,Scots Bay,45.1238,-65.06623333,2021-08-03,215,Scots Bay,,,27.0,1,complete.returns,,4Xr,4Xs
589875,2021-08-02,214,Scots Bay,45.1238,-65.06623333,2021-08-03,215,Scots Bay,,,27.0,1,complete.returns,,4Xr,4Xs
589884,2021-08-02,214,Scots Bay,45.1238,-65.06623333,2021-08-03,215,Scots Bay,,,16.0,1,complete.returns,,4Xr,4Xs
589705,2021-08-02,214,Scots Bay,45.1238,-65.06623333,2021-08-03,215,Scots Bay,,,16.0,1,complete.returns,,4Xr,4Xs
589736,2021-08-02,214,Scots Bay,45.1238,-65.06623333,2021-08-03,215,Scots Bay,,,16.0,1,complete.returns,,4Xr,4Xs
512120,2021-08-03,215,Scots Bay,45.14133333,-65.006,2021-08-04,216,Scots Bay,,,28.0,1,complete.returns,,4Xr,4Xs
462879,2021-08-03,215,Scots Bay,45.13086667,-65.04676667,2021-08-04,216,Scots Bay,,,28.0,1,complete.returns,,4Xr,4Xs
462835,2021-08-03,215,Scots Bay,45.13086667,-65.04676667,2021-08-04,216,Scots Bay,,,28.0,1,complete.returns,,4Xr,4Xs
486910,2021-08-02,214,Scots Bay,45.158,-64.97916667,2021-08-04,216,Scots Bay,,,28.0,2,complete.returns,,4Xr,4Xs
589935,2021-08-03,215,Scots Bay,45.15521667,-64.99706667,2021-08-04,216,Scots Bay,,,28.0,1,complete.returns,,4Xr,4Xs
589949,2021-08-03,215,Scots Bay,45.15521667,-64.99706667,2021-08-04,216,Scots Bay,,,28.0,1,complete.returns,,4Xr,4Xs
462740,2021-08-02,214,Scots Bay,45.12413333,-65.04928333,2021-08-04,216,Scots Bay,,,28.0,2,complete.returns,,4Xr,4Xs
462553,2021-08-02,214,Scots Bay,45.1503,-64.98566667,2021-08-04,216,Scots Bay,,,28.0,2,complete.returns,,4Xr,4Xs
484789,2021-07-13,194,SW Grounds,43.0655,-65.959,2021-08-17,229,Scots Bay,,,61.0,35,complete.returns,,4Xo,4Xs
590321,2021-08-17,229,Scots Bay,45.13388333,-65.0691,2021-08-18,230,Scots Bay,,,50.0,1,complete.returns,,4Xr,4Xs
494402,2021-08-17,229,Scots Bay,45.13783333,-65.061,2021-08-18,230,Scots Bay,,,42.0,1,complete.returns,,4Xr,4Xs
494299,2021-08-16,228,Scots Bay,45.12916667,-65.08583333,2021-08-18,230,Scots Bay,,,50.0,2,complete.returns,,4Xr,4Xs
494285,2021-08-16,228,Scots Bay,45.12916667,-65.08583333,2021-08-19,231,Scots Bay,,,42.0,3,complete.returns,,4Xr,4Xs
464224,2021-06-17,168,Gannet Dry Ledge,43.58328333,-66.78353333,2021-08-19,231,Scots Bay,,,42.0,63,complete.returns,,4Xq,4Xs
590156,2021-08-16,228,Scots Bay,45.15155,-65.01928333,2021-08-19,231,Scots Bay,,,42.0,3,complete.returns,,4Xr,4Xs
587293,2021-08-30,242,Scots Bay,45.13481667,-65.04305,2021-08-31,243,Scots Bay,,,70.0,1,complete.returns,,4Xr,4Xs
463797,2021-08-30,242,Scots Bay,45.12588333,-65.0624,2021-09-01,244,Scots Bay,,,72.0,2,complete.returns,,4Xr,4Xs
488145,2021-08-30,242,Scots Bay,45.13433333,-65.03716667,2021-09-02,245,Scots Bay,,,103.0,3,complete.returns,,4Xr,4Xs
463335,2021-08-17,229,Scots Bay,45.13168333,-65.07638333,2021-09-16,259,Scots Bay,,,115.0,30,complete.returns,,4Xr,4Xs
550158,2020-08-10,223,Scots Bay,45.11367,-65.016,2020-08-11,224,Scots Bay,,,,1,complete.returns,Scots Bay (Area 8),4Xr,4Xs
550166,2020-08-10,223,Scots Bay,45.11367,-65.016,2020-08-11,224,Scots Bay,,,,1,complete.returns,Scots Bay (Area 8),4Xr,4Xs
480600,2020-08-11,224,Scots Bay,45.13012,-64.9917,2020-08-12,225,Scots Bay,,,,1,complete.returns,Scots Bay (Area 8),4Xr,4Xs
550173,2020-08-10,223,Scots Bay,45.11367,-65.016,2020-08-12,225,Scots Bay,,,,2,complete.returns,Scots Bay (Area 8),4Xr,4Xs
531383,2020-08-10,223,Scots Bay,45.09808,-65.0482,2020-08-12,225,Scots Bay,,,,2,complete.returns,Scots Bay (Area 8),4Xr,4Xs
531356,2020-08-10,223,Scots Bay,45.09808,-65.0482,2020-08-12,225,Scots Bay,,,,2,complete.returns,Scots Bay (Area 8),4Xr,4Xs
480442,2020-08-10,223,Scots Bay,45.10402,-65.0277,2020-08-12,225,Scots Bay,,,,2,complete.returns,Scots Bay (Area 8),4Xr,4Xs
480616,2020-08-11,224,Scots Bay,45.13012,-64.9917,2020-08-25,238,Scots Bay,,,,14,complete.returns,Scots Bay (Area 8),4Xr,4Xs
480705,2020-08-24,237,Scots Bay,45.18795,-65.0152,2020-08-25,238,Scots Bay,,,135.0,1,complete.returns,,4Xr,4Xs
480757,2020-08-24,237,Scots Bay,45.18795,-65.0152,2020-08-25,238,Scots Bay,,,135.0,1,complete.returns,,4Xr,4Xs
480712,2020-08-24,237,Scots Bay,45.18795,-65.0152,2020-08-25,238,Scots Bay,,,135.0,1,complete.returns,,4Xr,4Xs
480894,2020-08-24,237,Scots Bay,45.18795,-65.0152,2020-08-25,238,Scots Bay,,,135.0,1,complete.returns,,4Xr,4Xs
550123,2020-08-10,223,Scots Bay,45.11367,-65.016,2020-08-24,237,Scots Bay,,,223.0,14,complete.returns,,4Xr,4Xs
480396,2020-08-10,223,Scots Bay,45.10402,-65.0277,2020-08-24,237,Scots Bay,,,223.0,14,complete.returns,,4Xr,4Xs
204921,2020-06-07,159,Grand Manan Banks,44.27216667,-67.0127,2020-08-12,225,Scots Bay,,,86.0,66,complete.returns,,5Yb,4Xs
550167,2020-08-10,223,Scots Bay,45.11367,-65.016,2020-08-11,224,Scots Bay,,,80.0,1,complete.returns,,4Xr,4Xs
480623,2020-08-11,224,Scots Bay,45.13012,-64.9917,2020-08-12,225,Scots Bay,,,86.0,1,complete.returns,,4Xr,4Xs
480667,2020-08-11,224,Scots Bay,45.13012,-64.9917,2020-08-12,225,Scots Bay,,,86.0,1,complete.returns,,4Xr,4Xs
550014,2020-08-10,223,Scots Bay,45.11367,-65.016,2020-08-12,225,Scots Bay,,,86.0,2,complete.returns,,4Xr,4Xs
550036,2020-08-10,223,Scots Bay,45.11367,-65.016,2020-08-11,224,Scots Bay,,,80.0,1,complete.returns,,4Xr,4Xs
550194,2020-08-10,223,Scots Bay,45.11367,-65.016,2020-08-11,224,Scots Bay,,,80.0,1,complete.returns,,4Xr,4Xs
480952,2020-09-07,251,Scots Bay,45.23028,-64.7356,2020-09-21,265,Scots Bay,,,,14,complete.returns,,4Xr,4Xs
40597,2020-06-08,160,Gannet Dry Ledge,43.64667,-66.865,2020-08-24,237,Scots Bay,,,223.0,77,complete.returns,,4Xq,4Xs
480864,2020-08-24,237,Scots Bay,45.18795,-65.0152,2020-08-25,238,Scots Bay,,,66.0,1,complete.returns,,4Xr,4Xs
34171,2019-06-19,170,Gannet Dry Ledge,43.57593333,-66.8387,2019-08-05,217,Scots Bay,,,,47,complete.returns,,4Xq,4Xs
34340,2019-06-24,175,Scots Bay,45.29605,-64.8439,2019-07-08,189,Scots Bay,,,,14,complete.returns,,4Xr,4Xs
34429,2019-07-08,189,Scots Bay,45.14918333,-64.9086,2019-07-21,202,Scots Bay,,,,13,complete.returns,,4Xr,4Xs
34586,2019-07-09,190,Scots Bay,45.13606667,-64.9398,2019-08-19,231,Scots Bay,,,,41,complete.returns,,4Xr,4Xs
34613,2019-07-09,190,Scots Bay,45.13606667,-64.9398,2019-07-22,203,Scots Bay,,,,13,complete.returns,,4Xr,4Xs
414703,2019-09-02,245,Scots Bay,45.16045,-64.9516,2019-09-04,247,Scots Bay,,,,2,complete.returns,,4Xr,4Xs
414708,2019-09-02,245,Scots Bay,45.16045,-64.9516,2019-09-03,246,Scots Bay,,,,1,complete.returns,,4Xr,4Xs
414738,2019-09-02,245,Scots Bay,45.16045,-64.9516,2019-09-16,259,Scots Bay,,,,14,complete.returns,,4Xr,4Xs
414789,2019-09-02,245,Scots Bay,45.16045,-64.9516,2019-09-04,247,Scots Bay,,,,2,complete.returns,,4Xr,4Xs
414867,2019-09-02,245,Scots Bay,45.13745,-64.9817,2019-09-04,247,Scots Bay,,,,2,complete.returns,,4Xr,4Xs
416345,2019-08-05,217,Scots Bay,45.2091,-64.8406,2019-08-06,218,Scots Bay,,,,1,complete.returns,,4Xr,4Xs
416352,2019-08-05,217,Scots Bay,45.2091,-64.8406,2019-08-06,218,Scots Bay,,,,1,complete.returns,,4Xr,4Xs
416653,2019-08-19,231,Scots Bay,45.202,-64.98,2019-08-21,233,Scots Bay,,,,2,complete.returns,,4Xr,4Xs
416691,2019-08-19,231,Scots Bay,45.202,-64.98,2019-08-21,233,Scots Bay,,,,2,complete.returns,,4Xr,4Xs
418584,2016-07-11,193,Grand Manan Banks,44.13,-67.1183,2016-07-19,201,Scots Bay,,,,8,complete.returns,,5Yb,4Xs
419770,2016-06-17,169,Gannet Dry Ledge,43.6007,-66.9387,2016-07-19,201,Scots Bay,,,,32,complete.returns,,4Xq,4Xs
420714,2016-06-28,180,Gannet Dry Ledge,43.605,-66.9362,2016-07-31,213,Scots Bay,,,,33,complete.returns,,4Xq,4Xs
421170,2016-07-04,186,German Bank,43.5,-66.7233,2016-08-15,228,Scots Bay,,,,42,complete.returns,,4Xq,4Xs
421619,2016-07-05,187,German Bank,43.545,-66.6783,2016-08-16,229,Scots Bay,,,,42,complete.returns,,4Xq,4Xs
431604,2016-08-11,224,German Bank,43.4623,-66.349,2016-08-16,229,Scots Bay,,,,5,complete.returns,,4Xq,4Xs
432950,2018-08-13,225,Long Island,44.50583333,-66.1025,2019-09-03,246,Scots Bay,,,,386,complete.returns,,4Xr,4Xs
438680,2019-06-04,155,Grand Manan Banks,44.291,-66.973,2019-06-24,175,Scots Bay,,,,20,complete.returns,,5Yb,4Xs
440261,2016-08-07,220,German Bank,43.456,-66.3372,2016-08-16,229,Scots Bay,,,,9,complete.returns,,4Xq,4Xs
441801,2018-08-13,225,Long Island,44.51016667,-66.096,2019-08-05,217,Scots Bay,,,,357,complete.returns,,4Xr,4Xs
448029,2017-06-12,163,Gannet Dry Ledge,43.60833333,-66.9297,2017-08-14,226,Scots Bay,,,,63,complete.returns,,4Xq,4Xs
448030,2017-06-12,163,Gannet Dry Ledge,43.60833333,-66.9297,2017-08-27,239,Scots Bay,,,,76,complete.returns,,4Xq,4Xs
448505,2017-06-13,164,Gannet Dry Ledge,43.625,-66.9308,2017-08-13,225,Scots Bay,,,,61,complete.returns,,4Xq,4Xs
448906,2017-06-14,165,Lurcher,43.70683333,-66.8457,2017-07-29,210,Scots Bay,,,,45,complete.returns,,4Xq,4Xs
452549,2019-07-04,185,Grand Manan Banks,44.28208333,-66.9652,2019-09-02,245,Scots Bay,,,,60,complete.returns,,5Yb,4Xs
452940,2019-07-07,188,Scots Bay,45.22008333,-64.836,2019-08-19,231,Scots Bay,,,,43,complete.returns,,4Xr,4Xs
455086,2019-07-21,202,Scots Bay,45.1882,-65.0188,2019-07-22,203,Scots Bay,,,,1,complete.returns,,4Xr,4Xs
455133,2019-07-21,202,Scots Bay,45.1882,-65.0188,2019-07-22,203,Scots Bay,,,,1,complete.returns,,4Xr,4Xs
455193,2019-07-21,202,Scots Bay,45.1882,-65.0188,2019-07-22,203,Scots Bay,,,,1,complete.returns,,4Xr,4Xs
455355,2019-07-21,202,Scots Bay,45.1977,-64.9887,2019-07-22,203,Scots Bay,,,,1,complete.returns,,4Xr,4Xs
455887,2019-07-23,204,Lurcher,43.91701667,-66.5047,2019-09-16,259,Scots Bay,,,,55,complete.returns,,4Xq,4Xs
455889,2019-07-23,204,Lurcher,43.91701667,-66.5047,2019-09-03,246,Scots Bay,,,,42,complete.returns,,4Xq,4Xs
459121,2019-07-07,188,Scots Bay,45.11374167,-65.0137,2019-07-22,203,Scots Bay,,,,15,complete.returns,,4Xr,4Xs
459703,2019-08-19,231,Scots Bay,45.04741667,-65.2312,2019-08-21,233,Scots Bay,,,,2,complete.returns,,4Xr,4Xs
459975,2019-09-02,245,Scots Bay,45.15295,-64.9417,2019-09-03,246,Scots Bay,,,,1,complete.returns,,4Xr,4Xs
459985,2019-09-02,245,Scots Bay,45.15295,-64.9417,2019-09-04,247,Scots Bay,,,,2,complete.returns,,4Xr,4Xs
461393,2018-09-03,246,Scots Bay,45.178,-64.9832,2018-09-04,247,Scots Bay,,,,1,complete.returns,,4Xr,4Xs
550159,2020-08-10,223,Scots Bay,45.11367,-65.016,2020-08-11,224,Scots Bay,,,,1,complete.returns,,4Xr,4Xs
488050,2021-08-30,242,Scots Bay,45.13433333,-65.03716667,2021-09-01,244,Scots Bay,,,51.0,2,complete.returns,,4Xr,4Xs
488122,2021-08-30,242,Scots Bay,45.13433333,-65.03716667,2021-09-01,244,Scots Bay,,,51.0,2,complete.returns,,4Xr,4Xs
488142,2021-08-30,242,Scots Bay,45.13433333,-65.03716667,2021-09-01,244,Scots Bay,,,78.0,2,complete.returns,,4Xr,4Xs
494926,2021-08-30,242,Scots Bay,45.13666667,-65.036,2021-09-01,244,Scots Bay,,,51.0,2,complete.returns,,4Xr,4Xs
494947,2021-08-30,242,Scots Bay,45.13666667,-65.036,2021-09-01,244,Scots Bay,,,78.0,2,complete.returns,,4Xr,4Xs
453405,2017-07-27,208,German Bank,43.43233333,-66.4178,2023-04-19,109,Scots Bay,,,,2092,complete.returns,,4Xq,4Xs
577836,2023-09-06,249,Scots Bay,45.15833333,-65.01138889,2023-09-11,254,Scots Bay,,,,5,complete.returns,,4Xr,4Xs
497303,2023-06-12,163,Trinity,44.1,-66.48333333,2023-07-03,184,Scots Bay,,,63.0,21,complete.returns,,4Xr,4Xs
497202,2023-06-12,163,Trinity,44.1,-66.48333333,2023-07-03,184,Scots Bay,,,63.0,21,complete.returns,,4Xr,4Xs
500644,2022-08-09,221,Scots Bay,45.16556667,-64.94023333,2023-08-29,241,Scots Bay,,,69.0,385,complete.returns,,4Xr,4Xs
564113,2023-08-28,240,Scots Bay,45.14111111,-65.05194444,2023-08-29,241,Scots Bay,,,69.0,1,complete.returns,,4Xr,4Xs
572422,2023-08-27,239,Scots Bay,45.13527778,-65.06972222,2023-08-29,241,Scots Bay,,,69.0,2,complete.returns,,4Xr,4Xs
572298,2023-08-27,239,Scots Bay,45.13527778,-65.06972222,2023-08-29,241,Scots Bay,,,69.0,2,complete.returns,,4Xr,4Xs
564084,2023-08-28,240,Scots Bay,45.14111111,-65.05194444,2023-08-29,241,Scots Bay,,,69.0,1,complete.returns,,4Xr,4Xs
502038,2022-08-22,234,Scots Bay,45.12246667,-65.05455,2023-09-08,251,Scots Bay,,,119.0,382,complete.returns,,4Xr,4Xs
567078,2023-08-29,241,Scots Bay,45.20138889,-64.88638889,2023-09-08,251,Scots Bay,,,119.0,10,complete.returns,,4Xr,4Xs
471622,2023-08-28,240,Scots Bay,45.1925,-64.8775,2023-09-08,251,Scots Bay,,,119.0,11,complete.returns,,4Xr,4Xs
471763,2023-08-29,241,Scots Bay,45.21111111,-64.8225,2023-09-08,251,Scots Bay,,,119.0,10,complete.returns,,4Xr,4Xs
471817,2023-08-29,241,Scots Bay,45.21111111,-64.8225,2023-09-08,251,Scots Bay,,,119.0,10,complete.returns,,4Xr,4Xs
567228,2023-08-29,241,Scots Bay,45.20138889,-64.88638889,2023-09-08,251,Scots Bay,,,119.0,10,complete.returns,,4Xr,4Xs
564912,2023-08-28,240,Scots Bay,45.18027778,-64.95611111,2023-09-08,251,Scots Bay,,,119.0,11,complete.returns,,4Xr,4Xs
564820,2023-08-28,240,Scots Bay,45.18027778,-64.95611111,2023-09-08,251,Scots Bay,,,119.0,11,complete.returns,,4Xr,4Xs
564499,2023-08-29,241,Scots Bay,45.19805556,-64.85777778,2023-09-08,251,Scots Bay,,,119.0,10,complete.returns,,4Xr,4Xs
564525,2023-08-29,241,Scots Bay,45.19805556,-64.85777778,2023-09-08,251,Scots Bay,,,119.0,10,complete.returns,,4Xr,4Xs
567237,2023-08-29,241,Scots Bay,45.20138889,-64.88638889,2023-09-08,251,Scots Bay,,,119.0,10,complete.returns,,4Xr,4Xs
567203,2023-08-29,241,Scots Bay,45.20138889,-64.88638889,2023-09-08,251,Scots Bay,,,119.0,10,complete.returns,,4Xr,4Xs
564954,2023-08-28,240,Scots Bay,45.18027778,-64.95611111,2023-09-08,251,Scots Bay,,,119.0,11,complete.returns,,4Xr,4Xs
567113,2023-08-29,241,Scots Bay,45.20138889,-64.88638889,2023-09-08,251,Scots Bay,,,119.0,10,complete.returns,,4Xr,4Xs
471890,2023-08-29,241,Scots Bay,45.21111111,-64.8225,2023-09-08,251,Scots Bay,,,119.0,10,complete.returns,,4Xr,4Xs
572459,2023-08-27,239,Scots Bay,45.13527778,-65.06972222,2023-09-08,251,Scots Bay,,,119.0,12,complete.returns,,4Xr,4Xs
471797,2023-08-29,241,Scots Bay,45.21111111,-64.8225,2023-09-08,251,Scots Bay,,,119.0,10,complete.returns,,4Xr,4Xs
471910,2023-08-29,241,Scots Bay,45.21111111,-64.8225,2023-09-08,251,Scots Bay,,,119.0,10,complete.returns,,4Xr,4Xs
564874,2023-08-28,240,Scots Bay,45.18027778,-64.95611111,2023-09-08,251,Scots Bay,,,119.0,11,complete.returns,,4Xr,4Xs
569124,2023-08-29,241,Scots Bay,45.15777778,-65.03361111,2023-09-08,251,Scots Bay,,,119.0,10,complete.returns,,4Xr,4Xs
564657,2023-08-28,240,Scots Bay,45.18027778,-64.95611111,2023-09-08,251,Scots Bay,,,119.0,11,complete.returns,,4Xr,4Xs
567151,2023-08-29,241,Scots Bay,45.20138889,-64.88638889,2023-09-08,251,Scots Bay,,,119.0,10,complete.returns,,4Xr,4Xs
564811,2023-08-28,240,Scots Bay,45.18027778,-64.95611111,2023-09-08,251,Scots Bay,,,119.0,11,complete.returns,,4Xr,4Xs
564514,2023-08-29,241,Scots Bay,45.19805556,-64.85777778,2023-09-08,251,Scots Bay,,,119.0,10,complete.returns,,4Xr,4Xs
564603,2023-08-29,241,Scots Bay,45.19805556,-64.85777778,2023-09-08,251,Scots Bay,,,119.0,10,complete.returns,,4Xr,4Xs
471489,2023-08-28,240,Scots Bay,45.1925,-64.8775,2023-09-08,251,Scots Bay,,,119.0,11,complete.returns,,4Xr,4Xs
564777,2023-08-28,240,Scots Bay,45.18027778,-64.95611111,2023-09-08,251,Scots Bay,,,119.0,11,complete.returns,,4Xr,4Xs
471716,2023-08-28,240,Scots Bay,45.1633,-64.9931,2023-09-08,251,Scots Bay,,,119.0,11,complete.returns,,4Xr,4Xs
564798,2023-08-28,240,Scots Bay,45.18027778,-64.95611111,2023-09-08,251,Scots Bay,,,119.0,11,complete.returns,,4Xr,4Xs
564667,2023-08-28,240,Scots Bay,45.18027778,-64.95611111,2023-09-08,251,Scots Bay,,,119.0,11,complete.returns,,4Xr,4Xs
567215,2023-08-29,241,Scots Bay,45.20138889,-64.88638889,2023-09-08,251,Scots Bay,,,119.0,10,complete.returns,,4Xr,4Xs
567240,2023-08-29,241,Scots Bay,45.20138889,-64.88638889,2023-09-08,251,Scots Bay,,,119.0,10,complete.returns,,4Xr,4Xs
569157,2023-08-29,241,Scots Bay,45.15777778,-65.03361111,2023-09-08,251,Scots Bay,,,119.0,10,complete.returns,,4Xr,4Xs
564759,2023-08-28,240,Scots Bay,45.18027778,-64.95611111,2023-09-08,251,Scots Bay,,,119.0,11,complete.returns,,4Xr,4Xs
567174,2023-08-29,241,Scots Bay,45.20138889,-64.88638889,2023-09-08,251,Scots Bay,,,119.0,10,complete.returns,,4Xr,4Xs
567173,2023-08-29,241,Scots Bay,45.20138889,-64.88638889,2023-09-08,251,Scots Bay,,,119.0,10,complete.returns,,4Xr,4Xs
502154,2022-08-24,236,Scots Bay,45.16295,-64.94386667,2023-09-08,251,Scots Bay,,,119.0,380,complete.returns,,4Xr,4Xs
567255,2023-08-29,241,Scots Bay,45.20138889,-64.88638889,2023-09-08,251,Scots Bay,,,119.0,10,complete.returns,,4Xr,4Xs
471756,2023-08-29,241,Scots Bay,45.21111111,-64.8225,2023-09-08,251,Scots Bay,,,119.0,10,complete.returns,,4Xr,4Xs
572285,2023-08-27,239,Scots Bay,45.13527778,-65.06972222,2023-09-08,251,Scots Bay,,,119.0,12,complete.returns,,4Xr,4Xs
471903,2023-08-29,241,Scots Bay,45.21111111,-64.8225,2023-09-08,251,Scots Bay,,,119.0,10,complete.returns,,4Xr,4Xs
564888,2023-08-28,240,Scots Bay,45.18027778,-64.95611111,2023-09-08,251,Scots Bay,,,119.0,11,complete.returns,,4Xr,4Xs
564725,2023-08-28,240,Scots Bay,45.18027778,-64.95611111,2023-09-08,251,Scots Bay,,,119.0,11,complete.returns,,4Xr,4Xs
471645,2023-08-28,240,Scots Bay,45.1633,-64.9931,2023-09-08,251,Scots Bay,,,119.0,11,complete.returns,,4Xr,4Xs
471626,2023-08-28,240,Scots Bay,45.1925,-64.8775,2023-09-08,251,Scots Bay,,,119.0,11,complete.returns,,4Xr,4Xs
569529,2023-08-30,242,Long Island,44.295,-66.42,2023-09-08,251,Scots Bay,,,119.0,9,complete.returns,,4Xr,4Xs
471787,2023-08-29,241,Scots Bay,45.21111111,-64.8225,2023-09-08,251,Scots Bay,,,119.0,10,complete.returns,,4Xr,4Xs
471490,2023-08-28,240,Scots Bay,45.1925,-64.8775,2023-09-08,251,Scots Bay,,,119.0,11,complete.returns,,4Xr,4Xs
564172,2023-08-28,240,Scots Bay,45.14111111,-65.05194444,2023-09-08,251,Scots Bay,,,119.0,11,complete.returns,,4Xr,4Xs
567155,2023-08-29,241,Scots Bay,45.20138889,-64.88638889,2023-09-08,251,Scots Bay,,,119.0,10,complete.returns,,4Xr,4Xs
564721,2023-08-28,240,Scots Bay,45.18027778,-64.95611111,2023-09-08,251,Scots Bay,,,119.0,11,complete.returns,,4Xr,4Xs
567080,2023-08-29,241,Scots Bay,45.20138889,-64.88638889,2023-09-08,251,Scots Bay,,,119.0,10,complete.returns,,4Xr,4Xs
577847,2023-09-06,249,Scots Bay,45.15833333,-65.01138889,2023-09-12,255,Scots Bay,,,94.0,6,complete.returns,,4Xr,4Xs
567024,2023-08-29,241,Scots Bay,45.20138889,-64.88638889,2023-09-12,255,Scots Bay,,,94.0,14,complete.returns,,4Xr,4Xs
567202,2023-08-29,241,Scots Bay,45.20138889,-64.88638889,2023-09-12,255,Scots Bay,,,94.0,14,complete.returns,,4Xr,4Xs
471494,2023-08-28,240,Scots Bay,45.1925,-64.8775,2023-09-12,255,Scots Bay,,,94.0,15,complete.returns,,4Xr,4Xs
564723,2023-08-28,240,Scots Bay,45.18027778,-64.95611111,2023-09-12,255,Scots Bay,,,94.0,15,complete.returns,,4Xr,4Xs
564853,2023-08-28,240,Scots Bay,45.18027778,-64.95611111,2023-09-12,255,Scots Bay,,,94.0,15,complete.returns,,4Xr,4Xs
577931,2023-09-06,249,Scots Bay,45.15833333,-65.01138889,2023-09-12,255,Scots Bay,,,94.0,6,complete.returns,,4Xr,4Xs
577763,2023-09-06,249,Scots Bay,45.15833333,-65.01138889,2023-09-12,255,Scots Bay,,,94.0,6,complete.returns,,4Xr,4Xs
471824,2023-08-29,241,Scots Bay,45.21111111,-64.8225,2023-09-12,255,Scots Bay,,,94.0,14,complete.returns,,4Xr,4Xs
569617,2023-08-30,242,Long Island,44.295,-66.42,2023-09-12,255,Scots Bay,,,94.0,13,complete.returns,,4Xr,4Xs
569582,2023-08-30,242,Long Island,44.295,-66.42,2023-09-12,255,Scots Bay,,,94.0,13,complete.returns,,4Xr,4Xs
578846,2023-09-07,250,Scots Bay,45.11333333,-65.09944444,2023-09-12,255,Scots Bay,,,94.0,5,complete.returns,,4Xr,4Xs
471773,2023-08-29,241,Scots Bay,45.21111111,-64.8225,2023-09-12,255,Scots Bay,,,94.0,14,complete.returns,,4Xr,4Xs
564749,2023-08-28,240,Scots Bay,45.18027778,-64.95611111,2023-09-12,255,Scots Bay,,,94.0,15,complete.returns,,4Xr,4Xs
578951,2023-09-07,250,Scots Bay,45.11333333,-65.09944444,2023-09-12,255,Scots Bay,,,94.0,5,complete.returns,,4Xr,4Xs
578962,2023-09-07,250,Scots Bay,45.11333333,-65.09944444,2023-09-12,255,Scots Bay,,,94.0,5,complete.returns,,4Xr,4Xs
578970,2023-09-07,250,Scots Bay,45.11333333,-65.09944444,2023-09-12,255,Scots Bay,,,94.0,5,complete.returns,,4Xr,4Xs
564754,2023-08-28,240,Scots Bay,45.18027778,-64.95611111,2023-09-12,255,Scots Bay,,,94.0,15,complete.returns,,4Xr,4Xs
578875,2023-09-07,250,Scots Bay,45.11333333,-65.09944444,2023-09-12,255,Scots Bay,,,94.0,5,complete.returns,,4Xr,4Xs
577853,2023-09-06,249,Scots Bay,45.15833333,-65.01138889,2023-09-12,255,Scots Bay,,,94.0,6,complete.returns,,4Xr,4Xs
564782,2023-08-28,240,Scots Bay,45.18027778,-64.95611111,2023-09-12,255,Scots Bay,,,94.0,15,complete.returns,,4Xr,4Xs
577934,2023-09-06,249,Scots Bay,45.15833333,-65.01138889,2023-09-12,255,Scots Bay,,,94.0,6,complete.returns,,4Xr,4Xs
578805,2023-09-07,250,Scots Bay,45.11333333,-65.09944444,2023-09-12,255,Scots Bay,,,94.0,5,complete.returns,,4Xr,4Xs
577754,2023-09-06,249,Scots Bay,45.15833333,-65.01138889,2023-09-12,255,Scots Bay,,,94.0,6,complete.returns,,4Xr,4Xs
502060,2022-08-24,236,Scots Bay,45.16295,-64.94386667,2023-09-12,255,Scots Bay,,,94.0,384,complete.returns,,4Xr,4Xs
569841,2023-09-12,255,Long Island,44.29472222,-66.34027778,2023-09-26,269,Scots Bay,,,110.0,14,complete.returns,,4Xr,4Xs
567852,2023-09-10,253,Scots Bay,45.13833333,-65.0175,2023-09-26,269,Scots Bay,,,110.0,16,complete.returns,,4Xr,4Xs
567811,2023-09-10,253,Scots Bay,45.13833333,-65.0175,2023-09-26,269,Scots Bay,,,110.0,16,complete.returns,,4Xr,4Xs
567978,2023-09-10,253,Scots Bay,45.13833333,-65.0175,2023-09-26,269,Scots Bay,,,110.0,16,complete.returns,,4Xr,4Xs
567827,2023-09-10,253,Scots Bay,45.13833333,-65.0175,2023-09-26,269,Scots Bay,,,110.0,16,complete.returns,,4Xr,4Xs
564900,2023-08-28,240,Scots Bay,45.18027778,-64.95611111,2023-09-26,269,Scots Bay,,,110.0,29,complete.returns,,4Xr,4Xs
528685,2023-09-11,254,Scots Bay,45.14333333,-65.03972222,2023-09-26,269,Scots Bay,,,110.0,15,complete.returns,,4Xr,4Xs
528662,2023-09-11,254,Scots Bay,45.14333333,-65.03972222,2023-09-26,269,Scots Bay,,,110.0,15,complete.returns,,4Xr,4Xs
567921,2023-09-10,253,Scots Bay,45.13833333,-65.0175,2023-09-26,269,Scots Bay,,,110.0,16,complete.returns,,4Xr,4Xs
567742,2023-09-10,253,Scots Bay,45.13833333,-65.0175,2023-09-26,269,Scots Bay,,,110.0,16,complete.returns,,4Xr,4Xs
528600,2023-09-11,254,Scots Bay,45.14333333,-65.03972222,2023-09-26,269,Scots Bay,,,110.0,15,complete.returns,,4Xr,4Xs
564455,2023-08-29,241,Scots Bay,45.19805556,-64.85777778,2023-09-26,269,Scots Bay,,,110.0,28,complete.returns,,4Xr,4Xs
567141,2023-08-29,241,Scots Bay,45.20138889,-64.88638889,2023-09-07,250,Scots Bay,,,129.0,9,complete.returns,,4Xr,4Xs
567191,2023-08-29,241,Scots Bay,45.20138889,-64.88638889,2023-09-07,250,Scots Bay,,,129.0,9,complete.returns,,4Xr,4Xs
564321,2023-08-29,241,Scots Bay,45.19805556,-64.85777778,2023-09-10,253,Scots Bay,,,129.0,12,complete.returns,,4Xr,4Xs
498755,2022-08-22,234,Scots Bay,45.1461,-64.99368333,2023-09-07,250,Scots Bay,,,129.0,381,complete.returns,,4Xr,4Xs
567187,2023-08-29,241,Scots Bay,45.20138889,-64.88638889,2023-09-07,250,Scots Bay,,,129.0,9,complete.returns,,4Xr,4Xs
564948,2023-08-28,240,Scots Bay,45.18027778,-64.95611111,2023-09-07,250,Scots Bay,,,129.0,10,complete.returns,,4Xr,4Xs
564390,2023-08-29,241,Scots Bay,45.19805556,-64.85777778,2023-09-07,250,Scots Bay,,,129.0,9,complete.returns,,4Xr,4Xs
567283,2023-08-29,241,Scots Bay,45.20138889,-64.88638889,2023-09-07,250,Scots Bay,,,129.0,9,complete.returns,,4Xr,4Xs
567195,2023-08-29,241,Scots Bay,45.20138889,-64.88638889,2023-09-07,250,Scots Bay,,,129.0,9,complete.returns,,4Xr,4Xs
564552,2023-08-29,241,Scots Bay,45.19805556,-64.85777778,2023-09-07,250,Scots Bay,,,129.0,9,complete.returns,,4Xr,4Xs
564006,2023-08-28,240,Scots Bay,45.14111111,-65.05194444,2023-09-07,250,Scots Bay,,,129.0,10,complete.returns,,4Xr,4Xs
567124,2023-08-29,241,Scots Bay,45.20138889,-64.88638889,2023-09-07,250,Scots Bay,,,129.0,9,complete.returns,,4Xr,4Xs
471801,2023-08-29,241,Scots Bay,45.21111111,-64.8225,2023-09-07,250,Scots Bay,,,129.0,9,complete.returns,,4Xr,4Xs
569083,2023-08-29,241,Scots Bay,45.15777778,-65.03361111,2023-09-07,250,Scots Bay,,,129.0,9,complete.returns,,4Xr,4Xs
471782,2023-08-29,241,Scots Bay,45.21111111,-64.8225,2023-09-07,250,Scots Bay,,,129.0,9,complete.returns,,4Xr,4Xs
471864,2023-08-29,241,Scots Bay,45.21111111,-64.8225,2023-09-07,250,Scots Bay,,,129.0,9,complete.returns,,4Xr,4Xs
564001,2023-08-28,240,Scots Bay,45.14111111,-65.05194444,2023-09-07,250,Scots Bay,,,129.0,10,complete.returns,,4Xr,4Xs
564177,2023-08-28,240,Scots Bay,45.14111111,-65.05194444,2023-09-07,250,Scots Bay,,,129.0,10,complete.returns,,4Xr,4Xs
471882,2023-08-29,241,Scots Bay,45.21111111,-64.8225,2023-09-07,250,Scots Bay,,,129.0,9,complete.returns,,4Xr,4Xs
567276,2023-08-29,241,Scots Bay,45.20138889,-64.88638889,2023-09-07,250,Scots Bay,,,129.0,9,complete.returns,,4Xr,4Xs
567190,2023-08-29,241,Scots Bay,45.20138889,-64.88638889,2023-09-07,250,Scots Bay,,,129.0,9,complete.returns,,4Xr,4Xs
471828,2023-08-29,241,Scots Bay,45.21111111,-64.8225,2023-09-07,250,Scots Bay,,,129.0,9,complete.returns,,4Xr,4Xs
564522,2023-08-29,241,Scots Bay,45.19805556,-64.85777778,2023-09-07,250,Scots Bay,,,129.0,9,complete.returns,,4Xr,4Xs
567159,2023-08-29,241,Scots Bay,45.20138889,-64.88638889,2023-09-07,250,Scots Bay,,,129.0,9,complete.returns,,4Xr,4Xs
564576,2023-08-29,241,Scots Bay,45.19805556,-64.85777778,2023-09-07,250,Scots Bay,,,129.0,9,complete.returns,,4Xr,4Xs
564150,2023-08-28,240,Scots Bay,45.14111111,-65.05194444,2023-09-07,250,Scots Bay,,,129.0,10,complete.returns,,4Xr,4Xs
564538,2023-08-29,241,Scots Bay,45.19805556,-64.85777778,2023-09-07,250,Scots Bay,,,129.0,9,complete.returns,,4Xr,4Xs
564414,2023-08-29,241,Scots Bay,45.19805556,-64.85777778,2023-09-07,250,Scots Bay,,,129.0,9,complete.returns,,4Xr,4Xs
567092,2023-08-29,241,Scots Bay,45.20138889,-64.88638889,2023-09-07,250,Scots Bay,,,129.0,9,complete.returns,,4Xr,4Xs
471740,2023-08-29,241,Scots Bay,45.21111111,-64.8225,2023-09-07,250,Scots Bay,,,129.0,9,complete.returns,,4Xr,4Xs
471820,2023-08-29,241,Scots Bay,45.21111111,-64.8225,2023-09-07,250,Scots Bay,,,129.0,9,complete.returns,,4Xr,4Xs
471816,2023-08-29,241,Scots Bay,45.21111111,-64.8225,2023-09-07,250,Scots Bay,,,129.0,9,complete.returns,,4Xr,4Xs
567225,2023-08-29,241,Scots Bay,45.20138889,-64.88638889,2023-09-07,250,Scots Bay,,,129.0,9,complete.returns,,4Xr,4Xs
564846,2023-08-28,240,Scots Bay,45.18027778,-64.95611111,2023-09-07,250,Scots Bay,,,129.0,10,complete.returns,,4Xr,4Xs
471641,2023-08-28,240,Scots Bay,45.1633,-64.9931,2023-09-07,250,Scots Bay,,,129.0,10,complete.returns,,4Xr,4Xs
471766,2023-08-29,241,Scots Bay,45.21111111,-64.8225,2023-09-07,250,Scots Bay,,,129.0,9,complete.returns,,4Xr,4Xs
564193,2023-08-28,240,Scots Bay,45.14111111,-65.05194444,2023-09-07,250,Scots Bay,,,129.0,10,complete.returns,,4Xr,4Xs
567273,2023-08-29,241,Scots Bay,45.20138889,-64.88638889,2023-09-07,250,Scots Bay,,,129.0,9,complete.returns,,4Xr,4Xs
564636,2023-08-29,241,Scots Bay,45.19805556,-64.85777778,2023-09-07,250,Scots Bay,,,129.0,9,complete.returns,,4Xr,4Xs
564304,2023-08-29,241,Scots Bay,45.19805556,-64.85777778,2023-09-07,250,Scots Bay,,,129.0,9,complete.returns,,4Xr,4Xs
564769,2023-08-28,240,Scots Bay,45.18027778,-64.95611111,2023-09-07,250,Scots Bay,,,129.0,10,complete.returns,,4Xr,4Xs
564307,2023-08-29,241,Scots Bay,45.19805556,-64.85777778,2023-09-07,250,Scots Bay,,,129.0,9,complete.returns,,4Xr,4Xs
569115,2023-08-29,241,Scots Bay,45.15777778,-65.03361111,2023-09-07,250,Scots Bay,,,129.0,9,complete.returns,,4Xr,4Xs
564412,2023-08-29,241,Scots Bay,45.19805556,-64.85777778,2023-09-07,250,Scots Bay,,,129.0,9,complete.returns,,4Xr,4Xs
564015,2023-08-28,240,Scots Bay,45.14111111,-65.05194444,2023-09-07,250,Scots Bay,,,129.0,10,complete.returns,,4Xr,4Xs
567241,2023-08-29,241,Scots Bay,45.20138889,-64.88638889,2023-09-07,250,Scots Bay,,,129.0,9,complete.returns,,4Xr,4Xs
569212,2023-08-29,241,Scots Bay,45.18972222,-64.92277778,2023-09-07,250,Scots Bay,,,129.0,9,complete.returns,,4Xr,4Xs
564712,2023-08-28,240,Scots Bay,45.18027778,-64.95611111,2023-09-07,250,Scots Bay,,,129.0,10,complete.returns,,4Xr,4Xs
572481,2023-08-27,239,Scots Bay,45.13527778,-65.06972222,2023-09-07,250,Scots Bay,,,129.0,11,complete.returns,,4Xr,4Xs
564708,2023-08-28,240,Scots Bay,45.18027778,-64.95611111,2023-09-07,250,Scots Bay,,,129.0,10,complete.returns,,4Xr,4Xs
567193,2023-08-29,241,Scots Bay,45.20138889,-64.88638889,2023-09-07,250,Scots Bay,,,129.0,9,complete.returns,,4Xr,4Xs
564901,2023-08-28,240,Scots Bay,45.18027778,-64.95611111,2023-09-07,250,Scots Bay,,,129.0,10,complete.returns,,4Xr,4Xs
567249,2023-08-29,241,Scots Bay,45.20138889,-64.88638889,2023-09-07,250,Scots Bay,,,129.0,9,complete.returns,,4Xr,4Xs
564930,2023-08-28,240,Scots Bay,45.18027778,-64.95611111,2023-09-07,250,Scots Bay,,,129.0,10,complete.returns,,4Xr,4Xs
564841,2023-08-28,240,Scots Bay,45.18027778,-64.95611111,2023-09-07,250,Scots Bay,,,129.0,10,complete.returns,,4Xr,4Xs
564970,2023-08-28,240,Scots Bay,45.18027778,-64.95611111,2023-09-07,250,Scots Bay,,,129.0,10,complete.returns,,4Xr,4Xs
567025,2023-08-29,241,Scots Bay,45.20138889,-64.88638889,2023-09-07,250,Scots Bay,,,129.0,9,complete.returns,,4Xr,4Xs
564343,2023-08-29,241,Scots Bay,45.19805556,-64.85777778,2023-09-07,250,Scots Bay,,,129.0,9,complete.returns,,4Xr,4Xs
502285,2022-08-24,236,Scots Bay,45.16295,-64.94386667,2023-09-07,250,Scots Bay,,,129.0,379,complete.returns,,4Xr,4Xs
569550,2023-08-30,242,Long Island,44.295,-66.42,2023-09-12,255,Scots Bay,,,165.0,13,complete.returns,,4Xr,4Xs
569645,2023-08-30,242,Long Island,44.295,-66.42,2023-09-12,255,Scots Bay,,,165.0,13,complete.returns,,4Xr,4Xs
530118,2023-09-07,250,Scots Bay,45.11111111,-65.10277778,2023-09-12,255,Scots Bay,,,165.0,5,complete.returns,,4Xr,4Xs
567112,2023-08-29,241,Scots Bay,45.20138889,-64.88638889,2023-09-12,255,Scots Bay,,,165.0,14,complete.returns,,4Xr,4Xs
578804,2023-09-07,250,Scots Bay,45.11333333,-65.09944444,2023-09-12,255,Scots Bay,,,165.0,5,complete.returns,,4Xr,4Xs
569594,2023-08-30,242,Long Island,44.295,-66.42,2023-09-12,255,Scots Bay,,,165.0,13,complete.returns,,4Xr,4Xs
471788,2023-08-29,241,Scots Bay,45.21111111,-64.8225,2023-09-12,255,Scots Bay,,,165.0,14,complete.returns,,4Xr,4Xs
569480,2023-08-30,242,Long Island,44.295,-66.42,2023-09-12,255,Scots Bay,,,165.0,13,complete.returns,,4Xr,4Xs
577896,2023-09-06,249,Scots Bay,45.15833333,-65.01138889,2023-09-12,255,Scots Bay,,,165.0,6,complete.returns,,4Xr,4Xs
578996,2023-09-07,250,Scots Bay,45.11333333,-65.09944444,2023-09-12,255,Scots Bay,,,165.0,5,complete.returns,,4Xr,4Xs
567149,2023-08-29,241,Scots Bay,45.20138889,-64.88638889,2023-09-12,255,Scots Bay,,,165.0,14,complete.returns,,4Xr,4Xs
577765,2023-09-06,249,Scots Bay,45.15833333,-65.01138889,2023-09-12,255,Scots Bay,,,165.0,6,complete.returns,,4Xr,4Xs
530062,2023-09-07,250,Scots Bay,45.11111111,-65.10277778,2023-09-12,255,Scots Bay,,,165.0,5,complete.returns,,4Xr,4Xs
530003,2023-09-07,250,Scots Bay,45.11111111,-65.10277778,2023-09-12,255,Scots Bay,,,165.0,5,complete.returns,,4Xr,4Xs
577889,2023-09-06,249,Scots Bay,45.15833333,-65.01138889,2023-09-12,255,Scots Bay,,,165.0,6,complete.returns,,4Xr,4Xs
567264,2023-08-29,241,Scots Bay,45.20138889,-64.88638889,2023-09-12,255,Scots Bay,,,165.0,14,complete.returns,,4Xr,4Xs
569632,2023-08-30,242,Long Island,44.295,-66.42,2023-09-12,255,Scots Bay,,,165.0,13,complete.returns,,4Xr,4Xs
497255,2023-06-12,163,Trinity,44.1,-66.48333333,2023-09-12,255,Scots Bay,,,165.0,92,complete.returns,,4Xr,4Xs
530032,2023-09-07,250,Scots Bay,45.11111111,-65.10277778,2023-09-12,255,Scots Bay,,,165.0,5,complete.returns,,4Xr,4Xs
567580,2023-09-03,246,German Bank,43.27138889,-66.37361111,2023-09-15,258,Scots Bay,,,165.0,12,complete.returns,,4Xq,4Xs
564517,2023-08-29,241,Scots Bay,45.19805556,-64.85777778,2023-09-17,260,Scots Bay,,,106.0,19,complete.returns,,4Xr,4Xs
502232,2022-08-24,236,Scots Bay,45.16295,-64.94386667,2023-08-29,241,Scots Bay,,,102.0,370,complete.returns,,4Xr,4Xs
502078,2022-08-24,236,Scots Bay,45.16295,-64.94386667,2023-09-12,255,Scots Bay,,,11.0,384,complete.returns,,4Xr,4Xs
577857,2023-09-06,249,Scots Bay,45.15833333,-65.01138889,2023-09-12,255,Scots Bay,,,11.0,6,complete.returns,,4Xr,4Xs
577764,2023-09-06,249,Scots Bay,45.15833333,-65.01138889,2023-09-12,255,Scots Bay,,,11.0,6,complete.returns,,4Xr,4Xs
578869,2023-09-07,250,Scots Bay,45.11333333,-65.09944444,2023-09-12,255,Scots Bay,,,11.0,5,complete.returns,,4Xr,4Xs
569611,2023-08-30,242,Long Island,44.295,-66.42,2023-09-12,255,Scots Bay,,,11.0,13,complete.returns,,4Xr,4Xs
577933,2023-09-06,249,Scots Bay,45.15833333,-65.01138889,2023-09-12,255,Scots Bay,,,11.0,6,complete.returns,,4Xr,4Xs
495472,2022-08-07,219,Scots Bay,45.15131667,-65.03181667,2023-09-12,255,Scots Bay,,,11.0,401,complete.returns,,4Xr,4Xs
578964,2023-09-07,250,Scots Bay,45.11333333,-65.09944444,2023-09-12,255,Scots Bay,,,11.0,5,complete.returns,,4Xr,4Xs
572434,2023-08-27,239,Scots Bay,45.13527778,-65.06972222,2023-08-29,241,Scots Bay,,,102.0,2,complete.returns,,4Xr,4Xs
564167,2023-08-28,240,Scots Bay,45.14111111,-65.05194444,2023-08-29,241,Scots Bay,,,102.0,1,complete.returns,,4Xr,4Xs
567738,2023-09-10,253,Scots Bay,45.13833333,-65.0175,2023-09-26,269,Scots Bay,,,136.0,16,complete.returns,,4Xr,4Xs
567863,2023-09-10,253,Scots Bay,45.13833333,-65.0175,2023-09-26,269,Scots Bay,,,136.0,16,complete.returns,,4Xr,4Xs
567883,2023-09-10,253,Scots Bay,45.13833333,-65.0175,2023-09-25,268,Scots Bay,,,126.0,15,complete.returns,,4Xr,4Xs
567819,2023-09-10,253,Scots Bay,45.13833333,-65.0175,2023-09-25,268,Scots Bay,,,126.0,15,complete.returns,,4Xr,4Xs
591121,2023-06-07,158,Scots Bay,45.28333333,-64.83333333,2023-06-08,159,Scots Bay,,,45.0,1,complete.returns,,4Xr,4Xs
563867,2023-08-20,232,Scots Bay,45.12166667,-65.05638889,2023-08-29,241,Scots Bay,,,34.0,9,complete.returns,Scots Bay (Area 8),4Xr,4Xs
564044,2023-08-28,240,Scots Bay,45.14111111,-65.05194444,2023-08-29,241,Scots Bay,,,34.0,1,complete.returns,Scots Bay (Area 8),4Xr,4Xs
564208,2023-08-28,240,Scots Bay,45.14111111,-65.05194444,2023-08-29,241,Scots Bay,,,34.0,1,complete.returns,Scots Bay (Area 8),4Xr,4Xs
572488,2023-08-27,239,Scots Bay,45.13527778,-65.06972222,2023-08-29,241,Scots Bay,,,34.0,2,complete.returns,Scots Bay (Area 8),4Xr,4Xs
564004,2023-08-28,240,Scots Bay,45.14111111,-65.05194444,2023-08-29,241,Scots Bay,,,17.0,1,complete.returns,Scots Bay (Area 8),4Xr,4Xs
572293,2023-08-27,239,Scots Bay,45.13527778,-65.06972222,2023-08-29,241,Scots Bay,,,17.0,2,complete.returns,Scots Bay (Area 8),4Xr,4Xs
471488,2023-08-28,240,Scots Bay,45.1925,-64.8775,2023-08-30,242,Scots Bay,,,74.0,2,complete.returns,Scots Bay (Area 8),4Xr,4Xs
471497,2023-08-28,240,Scots Bay,45.1925,-64.8775,2023-08-30,242,Scots Bay,,,74.0,2,complete.returns,Scots Bay (Area 8),4Xr,4Xs
471555,2023-08-28,240,Scots Bay,45.1925,-64.8775,2023-08-30,242,Scots Bay,,,74.0,2,complete.returns,Scots Bay (Area 8),4Xr,4Xs
471570,2023-08-28,240,Scots Bay,45.1925,-64.8775,2023-08-30,242,Scots Bay,,,74.0,2,complete.returns,Scots Bay (Area 8),4Xr,4Xs
471600,2023-08-28,240,Scots Bay,45.1925,-64.8775,2023-08-30,242,Scots Bay,,,74.0,2,complete.returns,Scots Bay (Area 8),4Xr,4Xs
471601,2023-08-28,240,Scots Bay,45.1925,-64.8775,2023-08-30,242,Scots Bay,,,74.0,2,complete.returns,Scots Bay (Area 8),4Xr,4Xs
471608,2023-08-28,240,Scots Bay,45.1925,-64.8775,2023-08-30,242,Scots Bay,,,74.0,2,complete.returns,Scots Bay (Area 8),4Xr,4Xs
471619,2023-08-28,240,Scots Bay,45.1925,-64.8775,2023-08-30,242,Scots Bay,,,74.0,2,complete.returns,Scots Bay (Area 8),4Xr,4Xs
471682,2023-08-28,240,Scots Bay,45.1633,-64.9931,2023-08-30,242,Scots Bay,,,74.0,2,complete.returns,Scots Bay (Area 8),4Xr,4Xs
564012,2023-08-28,240,Scots Bay,45.14111111,-65.05194444,2023-08-30,242,Scots Bay,,,74.0,2,complete.returns,Scots Bay (Area 8),4Xr,4Xs
564016,2023-08-28,240,Scots Bay,45.14111111,-65.05194444,2023-08-30,242,Scots Bay,,,74.0,2,complete.returns,Scots Bay (Area 8),4Xr,4Xs
564043,2023-08-28,240,Scots Bay,45.14111111,-65.05194444,2023-08-30,242,Scots Bay,,,74.0,2,complete.returns,Scots Bay (Area 8),4Xr,4Xs
564047,2023-08-28,240,Scots Bay,45.14111111,-65.05194444,2023-08-30,242,Scots Bay,,,74.0,2,complete.returns,Scots Bay (Area 8),4Xr,4Xs
564052,2023-08-28,240,Scots Bay,45.14111111,-65.05194444,2023-08-30,242,Scots Bay,,,74.0,2,complete.returns,Scots Bay (Area 8),4Xr,4Xs
564083,2023-08-28,240,Scots Bay,45.14111111,-65.05194444,2023-08-30,242,Scots Bay,,,74.0,2,complete.returns,Scots Bay (Area 8),4Xr,4Xs
564111,2023-08-28,240,Scots Bay,45.14111111,-65.05194444,2023-08-30,242,Scots Bay,,,74.0,2,complete.returns,Scots Bay (Area 8),4Xr,4Xs
564331,2023-08-29,241,Scots Bay,45.19805556,-64.85777778,2023-08-30,242,Scots Bay,,,74.0,1,complete.returns,Scots Bay (Area 8),4Xr,4Xs
564335,2023-08-29,241,Scots Bay,45.19805556,-64.85777778,2023-08-30,242,Scots Bay,,,74.0,1,complete.returns,Scots Bay (Area 8),4Xr,4Xs
564348,2023-08-29,241,Scots Bay,45.19805556,-64.85777778,2023-08-30,242,Scots Bay,,,74.0,1,complete.returns,Scots Bay (Area 8),4Xr,4Xs
564373,2023-08-29,241,Scots Bay,45.19805556,-64.85777778,2023-08-30,242,Scots Bay,,,74.0,1,complete.returns,Scots Bay (Area 8),4Xr,4Xs
564374,2023-08-29,241,Scots Bay,45.19805556,-64.85777778,2023-08-30,242,Scots Bay,,,74.0,1,complete.returns,Scots Bay (Area 8),4Xr,4Xs
564379,2023-08-29,241,Scots Bay,45.19805556,-64.85777778,2023-08-30,242,Scots Bay,,,74.0,1,complete.returns,Scots Bay (Area 8),4Xr,4Xs
564384,2023-08-29,241,Scots Bay,45.19805556,-64.85777778,2023-08-30,242,Scots Bay,,,74.0,1,complete.returns,Scots Bay (Area 8),4Xr,4Xs
564407,2023-08-29,241,Scots Bay,45.19805556,-64.85777778,2023-08-30,242,Scots Bay,,,74.0,1,complete.returns,Scots Bay (Area 8),4Xr,4Xs
564408,2023-08-29,241,Scots Bay,45.19805556,-64.85777778,2023-08-30,242,Scots Bay,,,74.0,1,complete.returns,Scots Bay (Area 8),4Xr,4Xs
564410,2023-08-29,241,Scots Bay,45.19805556,-64.85777778,2023-08-30,242,Scots Bay,,,74.0,1,complete.returns,Scots Bay (Area 8),4Xr,4Xs
564441,2023-08-29,241,Scots Bay,45.19805556,-64.85777778,2023-08-30,242,Scots Bay,,,74.0,1,complete.returns,Scots Bay (Area 8),4Xr,4Xs
564451,2023-08-29,241,Scots Bay,45.19805556,-64.85777778,2023-08-30,242,Scots Bay,,,74.0,1,complete.returns,Scots Bay (Area 8),4Xr,4Xs
564458,2023-08-29,241,Scots Bay,45.19805556,-64.85777778,2023-08-30,242,Scots Bay,,,74.0,1,complete.returns,Scots Bay (Area 8),4Xr,4Xs
564474,2023-08-29,241,Scots Bay,45.19805556,-64.85777778,2023-08-30,242,Scots Bay,,,74.0,1,complete.returns,Scots Bay (Area 8),4Xr,4Xs
564478,2023-08-29,241,Scots Bay,45.19805556,-64.85777778,2023-08-30,242,Scots Bay,,,74.0,1,complete.returns,Scots Bay (Area 8),4Xr,4Xs
564481,2023-08-29,241,Scots Bay,45.19805556,-64.85777778,2023-08-30,242,Scots Bay,,,74.0,1,complete.returns,Scots Bay (Area 8),4Xr,4Xs
564494,2023-08-29,241,Scots Bay,45.19805556,-64.85777778,2023-08-30,242,Scots Bay,,,74.0,1,complete.returns,Scots Bay (Area 8),4Xr,4Xs
564500,2023-08-29,241,Scots Bay,45.19805556,-64.85777778,2023-08-30,242,Scots Bay,,,74.0,1,complete.returns,Scots Bay (Area 8),4Xr,4Xs
564513,2023-08-29,241,Scots Bay,45.19805556,-64.85777778,2023-08-30,242,Scots Bay,,,74.0,1,complete.returns,Scots Bay (Area 8),4Xr,4Xs
564550,2023-08-29,241,Scots Bay,45.19805556,-64.85777778,2023-08-30,242,Scots Bay,,,74.0,1,complete.returns,Scots Bay (Area 8),4Xr,4Xs
564553,2023-08-29,241,Scots Bay,45.19805556,-64.85777778,2023-08-30,242,Scots Bay,,,74.0,1,complete.returns,Scots Bay (Area 8),4Xr,4Xs
564555,2023-08-29,241,Scots Bay,45.19805556,-64.85777778,2023-08-30,242,Scots Bay,,,74.0,1,complete.returns,Scots Bay (Area 8),4Xr,4Xs
564571,2023-08-29,241,Scots Bay,45.19805556,-64.85777778,2023-08-30,242,Scots Bay,,,74.0,1,complete.returns,Scots Bay (Area 8),4Xr,4Xs
564575,2023-08-29,241,Scots Bay,45.19805556,-64.85777778,2023-08-30,242,Scots Bay,,,74.0,1,complete.returns,Scots Bay (Area 8),4Xr,4Xs
564578,2023-08-29,241,Scots Bay,45.19805556,-64.85777778,2023-08-30,242,Scots Bay,,,74.0,1,complete.returns,Scots Bay (Area 8),4Xr,4Xs
564579,2023-08-29,241,Scots Bay,45.19805556,-64.85777778,2023-08-30,242,Scots Bay,,,74.0,1,complete.returns,Scots Bay (Area 8),4Xr,4Xs
564595,2023-08-29,241,Scots Bay,45.19805556,-64.85777778,2023-08-30,242,Scots Bay,,,74.0,1,complete.returns,Scots Bay (Area 8),4Xr,4Xs
564597,2023-08-29,241,Scots Bay,45.19805556,-64.85777778,2023-08-30,242,Scots Bay,,,74.0,1,complete.returns,Scots Bay (Area 8),4Xr,4Xs
564605,2023-08-29,241,Scots Bay,45.19805556,-64.85777778,2023-08-30,242,Scots Bay,,,74.0,1,complete.returns,Scots Bay (Area 8),4Xr,4Xs
564611,2023-08-29,241,Scots Bay,45.19805556,-64.85777778,2023-08-30,242,Scots Bay,,,74.0,1,complete.returns,Scots Bay (Area 8),4Xr,4Xs
564630,2023-08-29,241,Scots Bay,45.19805556,-64.85777778,2023-08-30,242,Scots Bay,,,74.0,1,complete.returns,Scots Bay (Area 8),4Xr,4Xs
564632,2023-08-29,241,Scots Bay,45.19805556,-64.85777778,2023-08-30,242,Scots Bay,,,74.0,1,complete.returns,Scots Bay (Area 8),4Xr,4Xs
564635,2023-08-29,241,Scots Bay,45.19805556,-64.85777778,2023-08-30,242,Scots Bay,,,74.0,1,complete.returns,Scots Bay (Area 8),4Xr,4Xs
564647,2023-08-29,241,Scots Bay,45.19805556,-64.85777778,2023-08-30,242,Scots Bay,,,74.0,1,complete.returns,Scots Bay (Area 8),4Xr,4Xs
564651,2023-08-28,240,Scots Bay,45.18027778,-64.95611111,2023-08-30,242,Scots Bay,,,74.0,2,complete.returns,Scots Bay (Area 8),4Xr,4Xs
564659,2023-08-28,240,Scots Bay,45.18027778,-64.95611111,2023-08-30,242,Scots Bay,,,74.0,2,complete.returns,Scots Bay (Area 8),4Xr,4Xs
564706,2023-08-28,240,Scots Bay,45.18027778,-64.95611111,2023-08-30,242,Scots Bay,,,74.0,2,complete.returns,Scots Bay (Area 8),4Xr,4Xs
564710,2023-08-28,240,Scots Bay,45.18027778,-64.95611111,2023-08-30,242,Scots Bay,,,74.0,2,complete.returns,Scots Bay (Area 8),4Xr,4Xs
564722,2023-08-28,240,Scots Bay,45.18027778,-64.95611111,2023-08-30,242,Scots Bay,,,74.0,2,complete.returns,Scots Bay (Area 8),4Xr,4Xs
564744,2023-08-28,240,Scots Bay,45.18027778,-64.95611111,2023-08-30,242,Scots Bay,,,74.0,2,complete.returns,Scots Bay (Area 8),4Xr,4Xs
564747,2023-08-28,240,Scots Bay,45.18027778,-64.95611111,2023-08-30,242,Scots Bay,,,74.0,2,complete.returns,Scots Bay (Area 8),4Xr,4Xs
564748,2023-08-28,240,Scots Bay,45.18027778,-64.95611111,2023-08-30,242,Scots Bay,,,74.0,2,complete.returns,Scots Bay (Area 8),4Xr,4Xs
564763,2023-08-28,240,Scots Bay,45.18027778,-64.95611111,2023-08-30,242,Scots Bay,,,74.0,2,complete.returns,Scots Bay (Area 8),4Xr,4Xs
564778,2023-08-28,240,Scots Bay,45.18027778,-64.95611111,2023-08-30,242,Scots Bay,,,74.0,2,complete.returns,Scots Bay (Area 8),4Xr,4Xs
564780,2023-08-28,240,Scots Bay,45.18027778,-64.95611111,2023-08-30,242,Scots Bay,,,74.0,2,complete.returns,Scots Bay (Area 8),4Xr,4Xs
564785,2023-08-28,240,Scots Bay,45.18027778,-64.95611111,2023-08-30,242,Scots Bay,,,74.0,2,complete.returns,Scots Bay (Area 8),4Xr,4Xs
564809,2023-08-28,240,Scots Bay,45.18027778,-64.95611111,2023-08-30,242,Scots Bay,,,74.0,2,complete.returns,Scots Bay (Area 8),4Xr,4Xs
564813,2023-08-28,240,Scots Bay,45.18027778,-64.95611111,2023-08-30,242,Scots Bay,,,74.0,2,complete.returns,Scots Bay (Area 8),4Xr,4Xs
564814,2023-08-28,240,Scots Bay,45.18027778,-64.95611111,2023-08-30,242,Scots Bay,,,74.0,2,complete.returns,Scots Bay (Area 8),4Xr,4Xs
564826,2023-08-28,240,Scots Bay,45.18027778,-64.95611111,2023-08-30,242,Scots Bay,,,74.0,2,complete.returns,Scots Bay (Area 8),4Xr,4Xs
564838,2023-08-28,240,Scots Bay,45.18027778,-64.95611111,2023-08-30,242,Scots Bay,,,74.0,2,complete.returns,Scots Bay (Area 8),4Xr,4Xs
564879,2023-08-28,240,Scots Bay,45.18027778,-64.95611111,2023-08-30,242,Scots Bay,,,74.0,2,complete.returns,Scots Bay (Area 8),4Xr,4Xs
564895,2023-08-28,240,Scots Bay,45.18027778,-64.95611111,2023-08-30,242,Scots Bay,,,74.0,2,complete.returns,Scots Bay (Area 8),4Xr,4Xs
564904,2023-08-28,240,Scots Bay,45.18027778,-64.95611111,2023-08-30,242,Scots Bay,,,74.0,2,complete.returns,Scots Bay (Area 8),4Xr,4Xs
564941,2023-08-28,240,Scots Bay,45.18027778,-64.95611111,2023-08-30,242,Scots Bay,,,74.0,2,complete.returns,Scots Bay (Area 8),4Xr,4Xs
564943,2023-08-28,240,Scots Bay,45.18027778,-64.95611111,2023-08-30,242,Scots Bay,,,74.0,2,complete.returns,Scots Bay (Area 8),4Xr,4Xs
564951,2023-08-28,240,Scots Bay,45.18027778,-64.95611111,2023-08-30,242,Scots Bay,,,74.0,2,complete.returns,Scots Bay (Area 8),4Xr,4Xs
564967,2023-08-28,240,Scots Bay,45.18027778,-64.95611111,2023-08-30,242,Scots Bay,,,74.0,2,complete.returns,Scots Bay (Area 8),4Xr,4Xs
564978,2023-08-28,240,Scots Bay,45.18027778,-64.95611111,2023-08-30,242,Scots Bay,,,74.0,2,complete.returns,Scots Bay (Area 8),4Xr,4Xs
564979,2023-08-28,240,Scots Bay,45.18027778,-64.95611111,2023-08-30,242,Scots Bay,,,74.0,2,complete.returns,Scots Bay (Area 8),4Xr,4Xs
564980,2023-08-28,240,Scots Bay,45.18027778,-64.95611111,2023-08-30,242,Scots Bay,,,74.0,2,complete.returns,Scots Bay (Area 8),4Xr,4Xs
569033,2023-08-29,241,Scots Bay,45.15777778,-65.03361111,2023-08-30,242,Scots Bay,,,74.0,1,complete.returns,Scots Bay (Area 8),4Xr,4Xs
569034,2023-08-29,241,Scots Bay,45.15777778,-65.03361111,2023-08-30,242,Scots Bay,,,74.0,1,complete.returns,Scots Bay (Area 8),4Xr,4Xs
569050,2023-08-29,241,Scots Bay,45.15777778,-65.03361111,2023-08-30,242,Scots Bay,,,74.0,1,complete.returns,Scots Bay (Area 8),4Xr,4Xs
569054,2023-08-29,241,Scots Bay,45.15777778,-65.03361111,2023-08-30,242,Scots Bay,,,74.0,1,complete.returns,Scots Bay (Area 8),4Xr,4Xs
569151,2023-08-29,241,Scots Bay,45.15777778,-65.03361111,2023-08-30,242,Scots Bay,,,74.0,1,complete.returns,Scots Bay (Area 8),4Xr,4Xs
572406,2023-08-27,239,Scots Bay,45.13527778,-65.06972222,2023-08-30,242,Scots Bay,,,74.0,3,complete.returns,Scots Bay (Area 8),4Xr,4Xs
572412,2023-08-27,239,Scots Bay,45.13527778,-65.06972222,2023-08-30,242,Scots Bay,,,74.0,3,complete.returns,Scots Bay (Area 8),4Xr,4Xs
572419,2023-08-27,239,Scots Bay,45.13527778,-65.06972222,2023-08-30,242,Scots Bay,,,74.0,3,complete.returns,Scots Bay (Area 8),4Xr,4Xs
572438,2023-08-27,239,Scots Bay,45.13527778,-65.06972222,2023-08-30,242,Scots Bay,,,74.0,3,complete.returns,Scots Bay (Area 8),4Xr,4Xs
572460,2023-08-27,239,Scots Bay,45.13527778,-65.06972222,2023-08-30,242,Scots Bay,,,74.0,3,complete.returns,Scots Bay (Area 8),4Xr,4Xs
564345,2023-08-29,241,Scots Bay,45.19805556,-64.85777778,2023-09-07,250,Scots Bay,,,147.0,9,complete.returns,,4Xr,4Xs
564445,2023-08-29,241,Scots Bay,45.19805556,-64.85777778,2023-09-07,250,Scots Bay,,,147.0,9,complete.returns,,4Xr,4Xs
567213,2023-08-29,241,Scots Bay,45.20138889,-64.88638889,2023-09-07,250,Scots Bay,,,147.0,9,complete.returns,,4Xr,4Xs
567268,2023-08-29,241,Scots Bay,45.20138889,-64.88638889,2023-09-07,250,Scots Bay,,,147.0,9,complete.returns,,4Xr,4Xs
569057,2023-08-29,241,Scots Bay,45.15777778,-65.03361111,2023-09-07,250,Scots Bay,,,147.0,9,complete.returns,,4Xr,4Xs
569499,2023-08-30,242,Long Island,44.295,-66.42,2023-09-07,250,Scots Bay,,,147.0,8,complete.returns,,4Xr,4Xs
577842,2023-09-06,249,Scots Bay,45.15833333,-65.01138889,2023-09-07,250,Scots Bay,,,147.0,1,complete.returns,,4Xr,4Xs
564652,2023-08-28,240,Scots Bay,45.18027778,-64.95611111,2023-09-07,250,Scots Bay,,,29.0,10,complete.returns,,4Xr,4Xs
577774,2023-09-06,249,Scots Bay,45.15833333,-65.01138889,2023-09-07,250,Scots Bay,,,29.0,1,complete.returns,,4Xr,4Xs
471559,2023-08-28,240,Scots Bay,45.1925,-64.8775,2023-09-12,255,Scots Bay,,,42.0,15,complete.returns,,4Xr,4Xs
530065,2023-09-07,250,Scots Bay,45.11111111,-65.10277778,2023-09-12,255,Scots Bay,,,42.0,5,complete.returns,,4Xr,4Xs
530103,2023-09-07,250,Scots Bay,45.11111111,-65.10277778,2023-09-12,255,Scots Bay,,,42.0,5,complete.returns,,4Xr,4Xs
578820,2023-09-07,250,Scots Bay,45.11333333,-65.09944444,2023-09-12,255,Scots Bay,,,42.0,5,complete.returns,,4Xr,4Xs
578830,2023-09-07,250,Scots Bay,45.11333333,-65.09944444,2023-09-12,255,Scots Bay,,,42.0,5,complete.returns,,4Xr,4Xs
475910,2022-09-07,250,Scots Bay,45.19678333,-64.88591667,2023-09-12,255,Scots Bay,,,38.0,370,complete.returns,,4Xr,4Xs
530064,2023-09-07,250,Scots Bay,45.11111111,-65.10277778,2023-09-12,255,Scots Bay,,,38.0,5,complete.returns,,4Xr,4Xs
530332,2023-09-11,254,Scots Bay,45.13083333,-65.045,2023-09-12,255,Scots Bay,,,38.0,1,complete.returns,,4Xr,4Xs
530023,2023-09-07,250,Scots Bay,45.11111111,-65.10277778,2023-09-12,255,Scots Bay,,,80.0,5,complete.returns,,4Xr,4Xs
530338,2023-09-11,254,Scots Bay,45.13083333,-65.045,2023-09-26,269,Scots Bay,,,43.0,15,complete.returns,,4Xr,4Xs
564585,2023-08-29,241,Scots Bay,45.19805556,-64.85777778,2024-08-12,225,Scots Bay,,,,349,complete.returns,,4Xr,4Xs
566792,2023-08-23,235,German Bank,43.48611111,-66.22694444,2024-06-20,172,Scots Bay,,,61.0,302,complete.returns,,4Xq,4Xs
500573,2022-08-09,221,Scots Bay,45.16556667,-64.94023333,2024-09-17,261,Scots Bay,,,,770,complete.returns,,4Xr,4Xs
594122,2022-08-24,236,Scots Bay,45.14533333,-65.0025,2024-09-17,261,Scots Bay,,,,755,complete.returns,,4Xr,4Xs
590350,2021-08-17,229,Scots Bay,45.13388333,-65.0691,2024-09-17,261,Scots Bay,,,,1127,complete.returns,,4Xr,4Xs
495668,2022-08-07,219,Scots Bay,45.1864,-64.92838333,2024-09-17,261,Scots Bay,,,,772,complete.returns,,4Xr,4Xs
564633,2023-08-29,241,Scots Bay,45.19805556,-64.85777778,2024-09-17,261,Scots Bay,,,,385,complete.returns,,4Xr,4Xs
564179,2023-08-28,240,Scots Bay,45.14111111,-65.05194444,2024-09-17,261,Scots Bay,,,,386,complete.returns,,4Xr,4Xs
567880,2023-09-10,253,Scots Bay,45.13833333,-65.0175,2024-09-19,263,Scots Bay,,,,375,complete.returns,,4Xr,4Xs
471737,2023-08-29,241,Scots Bay,45.21111111,-64.8225,2024-09-17,261,Scots Bay,,,,385,complete.returns,,4Xr,4Xs
567226,2023-08-29,241,Scots Bay,45.20138889,-64.88638889,2024-08-22,235,Scots Bay,,,,359,complete.returns,,4Xr,4Xs
564214,2023-08-28,240,Scots Bay,45.14111111,-65.05194444,2024-08-20,233,Scots Bay,,,,358,complete.returns,,4Xr,4Xs
567067,2023-08-29,241,Scots Bay,45.20138889,-64.88638889,2024-08-20,233,Scots Bay,,,,357,complete.returns,,4Xr,4Xs
474896,2023-10-04,277,Long Island,44.30111111,-66.33555556,2024-07-30,212,Scots Bay,,,,300,complete.returns,,4Xr,4Xs
521924,2023-08-28,240,Trinity,44.05,-66.46666667,2024-06-20,172,Scots Bay,,,,297,complete.returns,,4Xr,4Xs
569507,2023-08-30,242,Long Island,44.295,-66.42,2024-08-12,225,Scots Bay,,,,348,complete.returns,,4Xr,4Xs
564107,2023-08-28,240,Scots Bay,45.14111111,-65.05194444,2024-08-06,219,Scots Bay,,,,344,complete.returns,,4Xr,4Xs
471754,2023-08-29,241,Scots Bay,45.21111111,-64.8225,2024-09-03,247,Scots Bay,,,,371,complete.returns,,4Xr,4Xs
567265,2023-08-29,241,Scots Bay,45.20138889,-64.88638889,2024-09-27,271,Scots Bay,,,,395,complete.returns,,4Xr,4Xs
564066,2023-08-28,240,Scots Bay,45.14111111,-65.05194444,2024-08-27,240,Scots Bay,,,,365,complete.returns,,4Xr,4Xs
564434,2023-08-29,241,Scots Bay,45.19805556,-64.85777778,2024-08-29,242,Scots Bay,,,,366,complete.returns,,4Xr,4Xs
577797,2023-09-06,249,Scots Bay,45.15833333,-65.01138889,2024-08-29,242,Scots Bay,,,,358,complete.returns,,4Xr,4Xs
578873,2023-09-07,250,Scots Bay,45.11333333,-65.09944444,2024-08-30,243,Scots Bay,,,,358,complete.returns,,4Xr,4Xs
564202,2023-08-28,240,Scots Bay,45.14111111,-65.05194444,2024-08-30,243,Scots Bay,,,,368,complete.returns,,4Xr,4Xs
564961,2023-08-28,240,Scots Bay,45.18027778,-64.95611111,2024-08-30,243,Scots Bay,,,,368,complete.returns,,4Xr,4Xs
577781,2023-09-06,249,Scots Bay,45.15833333,-65.01138889,2024-09-26,270,Scots Bay,,,,386,complete.returns,,4Xr,4Xs
567029,2023-08-29,241,Scots Bay,45.20138889,-64.88638889,2024-09-24,268,Scots Bay,,,,392,complete.returns,,4Xr,4Xs
563741,2023-08-14,226,Long Island,44.34916667,-66.35805556,2023-08-23,235,Scots Bay,,,,9,complete.returns,,4Xr,4Xs
471581,2023-08-28,240,Scots Bay,45.1925,-64.8775,2023-09-08,251,Scots Bay,,,,11,complete.returns,,4Xr,4Xs
498720,2022-08-22,234,Scots Bay,45.1461,-64.99368333,2023-08-23,235,Scots Bay,,,,366,complete.returns,,4Xr,4Xs
563721,2023-08-14,226,Long Island,44.34916667,-66.35805556,2023-08-23,235,Scots Bay,,,,9,complete.returns,,4Xr,4Xs
603551,2022-09-12,255,German Bank,43.23446667,-66.34903333,2023-08-28,240,Scots Bay,,,,350,complete.returns,,4Xq,4Xs
567116,2023-08-29,241,Scots Bay,45.20138889,-64.88638889,2023-09-08,251,Scots Bay,,,,10,complete.returns,,4Xr,4Xs
471749,2023-08-29,241,Scots Bay,45.21111111,-64.8225,2023-09-08,251,Scots Bay,,,,10,complete.returns,,4Xr,4Xs
564842,2023-08-28,240,Scots Bay,45.18027778,-64.95611111,2023-09-08,251,Scots Bay,,,,11,complete.returns,,4Xr,4Xs
567037,2023-08-29,241,Scots Bay,45.20138889,-64.88638889,2023-09-08,251,Scots Bay,,,,10,complete.returns,,4Xr,4Xs
564361,2023-08-29,241,Scots Bay,45.19805556,-64.85777778,2023-09-08,251,Scots Bay,,,,10,complete.returns,,4Xr,4Xs
578866,2023-09-07,250,Scots Bay,45.11333333,-65.09944444,2023-09-11,254,Scots Bay,,,,4,complete.returns,,4Xr,4Xs
564318,2023-08-29,241,Scots Bay,45.19805556,-64.85777778,2023-09-08,251,Scots Bay,,,,10,complete.returns,,4Xr,4Xs
563828,2023-08-20,232,Scots Bay,45.12166667,-65.05638889,2023-08-23,235,Scots Bay,,,,3,complete.returns,,4Xr,4Xs
563764,2023-08-20,232,Scots Bay,45.12166667,-65.05638889,2023-08-23,235,Scots Bay,,,,3,complete.returns,,4Xr,4Xs
563727,2023-08-14,226,Long Island,44.34916667,-66.35805556,2023-08-23,235,Scots Bay,,,,9,complete.returns,,4Xr,4Xs
563712,2023-08-14,226,Long Island,44.34916667,-66.35805556,2023-08-23,235,Scots Bay,,,,9,complete.returns,,4Xr,4Xs
563757,2023-08-20,232,Scots Bay,45.12166667,-65.05638889,2023-08-23,235,Scots Bay,,,,3,complete.returns,,4Xr,4Xs
563702,2023-08-14,226,Long Island,44.34916667,-66.35805556,2023-08-23,235,Scots Bay,,,,9,complete.returns,,4Xr,4Xs
469668,2021-07-18,199,Scots Bay,45.29146667,-64.92868333,2021-07-19,200,Scots Bay ,,,57.0,1,complete.returns,,4Xr,4Xs
590372,2021-08-17,229,Scots Bay,45.13388333,-65.0691,2021-08-18,230,Scots Bay ,,,50.0,1,complete.returns,,4Xr,4Xs
471554,2023-08-28,240,Scots Bay,45.1925,-64.8775,2023-08-30,242,Scots Bay ,,,40.0,2,complete.returns,,4Xr,4Xs
572454,2023-08-27,239,Scots Bay,45.13527778,-65.06972222,2023-08-30,242,Scots Bay ,,,40.0,3,complete.returns,,4Xr,4Xs
564875,2023-08-28,240,Scots Bay,45.18027778,-64.95611111,2023-08-30,242,Scots Bay ,,,40.0,2,complete.returns,,4Xr,4Xs
564957,2023-08-28,240,Scots Bay,45.18027778,-64.95611111,2023-08-30,242,Scots Bay ,,,40.0,2,complete.returns,,4Xr,4Xs
564403,2023-08-29,241,Scots Bay,45.19805556,-64.85777778,2023-08-30,242,Scots Bay ,,,40.0,1,complete.returns,,4Xr,4Xs
564002,2023-08-28,240,Scots Bay,45.14111111,-65.05194444,2023-08-29,241,Scots Bay ,,,102.0,1,complete.returns,,4Xr,4Xs
564010,2023-08-28,240,Scots Bay,45.14111111,-65.05194444,2023-08-29,241,Scots Bay ,,,102.0,1,complete.returns,,4Xr,4Xs
577897,2023-09-06,249,Scots Bay,45.15833333,-65.01138889,2023-09-11,254,Scots Bay ,,,165.0,5,complete.returns,,4Xr,4Xs
569644,2023-08-30,242,Long Island,44.295,-66.42,2023-09-11,254,Scots Bay ,,,165.0,12,complete.returns,,4Xr,4Xs
530126,2023-09-07,250,Scots Bay,45.11111111,-65.10277778,2023-09-11,254,Scots Bay ,,,165.0,4,complete.returns,,4Xr,4Xs
577865,2023-09-06,249,Scots Bay,45.15833333,-65.01138889,2023-09-11,254,Scots Bay ,,,165.0,5,complete.returns,,4Xr,4Xs
530012,2023-09-07,250,Scots Bay,45.11111111,-65.10277778,2023-09-11,254,Scots Bay ,,,165.0,4,complete.returns,,4Xr,4Xs
564442,2023-08-29,241,Scots Bay,45.19805556,-64.85777778,2023-09-07,250,Scots Bay ,,,165.0,9,complete.returns,,4Xr,4Xs
471605,2023-08-28,240,Scots Bay,45.1925,-64.8775,2023-08-30,242,Scots Bay ,,,39.0,2,complete.returns,,4Xr,4Xs
471705,2023-08-28,240,Scots Bay,45.1633,-64.9931,2023-08-30,242,Scots Bay ,,,39.0,2,complete.returns,,4Xr,4Xs
564317,2023-08-29,241,Scots Bay,45.19805556,-64.85777778,2023-08-30,242,Scots Bay ,,,39.0,1,complete.returns,,4Xr,4Xs
564346,2023-08-29,241,Scots Bay,45.19805556,-64.85777778,2023-08-30,242,Scots Bay ,,,39.0,1,complete.returns,,4Xr,4Xs
564465,2023-08-29,241,Scots Bay,45.19805556,-64.85777778,2023-09-15,258,Scots Bay ,,,116.0,17,complete.returns,,4Xr,4Xs
564234,2023-08-28,240,Scots Bay,45.14111111,-65.05194444,2023-08-29,241,Scots Bay ,,,102.0,1,complete.returns,,4Xr,4Xs
567844,2023-09-10,253,Scots Bay,45.13833333,-65.0175,2023-09-26,269,Scots Bay ,,,136.0,16,complete.returns,,4Xr,4Xs
577890,2023-09-06,249,Scots Bay,45.15833333,-65.01138889,2023-09-26,269,Scots Bay ,,,136.0,20,complete.returns,,4Xr,4Xs
567940,2023-09-10,253,Scots Bay,45.13833333,-65.0175,2023-09-26,269,Scots Bay ,,,136.0,16,complete.returns,,4Xr,4Xs
528553,2023-09-11,254,Scots Bay,45.14333333,-65.03972222,2023-09-26,269,Scots Bay ,,,136.0,15,complete.returns,,4Xr,4Xs
567948,2023-09-10,253,Scots Bay,45.13833333,-65.0175,2023-09-25,268,Scots Bay ,,,126.0,15,complete.returns,,4Xr,4Xs
567858,2023-09-10,253,Scots Bay,45.13833333,-65.0175,2023-09-25,268,Scots Bay ,,,126.0,15,complete.returns,,4Xr,4Xs
569797,2023-09-12,255,Long Island,44.29472222,-66.34027778,2023-09-25,268,Scots Bay ,,,126.0,13,complete.returns,,4Xr,4Xs
567780,2023-09-10,253,Scots Bay,45.13833333,-65.0175,2023-09-25,268,Scots Bay ,,,126.0,15,complete.returns,,4Xr,4Xs
528601,2023-09-11,254,Scots Bay,45.14333333,-65.03972222,2023-09-25,268,Scots Bay ,,,126.0,14,complete.returns,,4Xr,4Xs
528701,2023-09-11,254,Scots Bay,45.14333333,-65.03972222,2023-09-25,268,Scots Bay ,,,126.0,14,complete.returns,,4Xr,4Xs
567922,2023-09-10,253,Scots Bay,45.13833333,-65.0175,2023-09-25,268,Scots Bay ,,,126.0,15,complete.returns,,4Xr,4Xs
567759,2023-09-10,253,Scots Bay,45.13833333,-65.0175,2023-09-26,269,Scots Bay ,,,43.0,16,complete.returns,,4Xr,4Xs
567848,2023-09-10,253,Scots Bay,45.13833333,-65.0175,2023-09-26,269,Scots Bay ,,,43.0,16,complete.returns,,4Xr,4Xs
528137,2023-09-05,248,German Bank,43.26666667,-66.36638889,2023-09-07,250,Scots Bay ,,,,2,complete.returns,,4Xq,4Xs
567428,2023-09-03,246,German Bank,43.27138889,-66.37361111,2023-09-07,250,Scots Bay ,,,,4,complete.returns,,4Xq,4Xs
471466,2023-08-28,240,Scots Bay,45.1925,-64.8775,2023-08-29,241,Scots Bay ,,,,1,complete.returns,,4Xr,4Xs
564145,2023-08-28,240,Scots Bay,45.14111111,-65.05194444,2023-08-29,241,Scots Bay ,,,,1,complete.returns,,4Xr,4Xs
564713,2023-08-28,240,Scots Bay,45.18027778,-64.95611111,2023-08-30,242,Scots Bay ,,,,2,complete.returns,,4Xr,4Xs
564637,2023-08-29,241,Scots Bay,45.19805556,-64.85777778,2023-08-30,242,Scots Bay ,,,,1,complete.returns,,4Xr,4Xs
564334,2023-08-29,241,Scots Bay,45.19805556,-64.85777778,2023-08-30,242,Scots Bay ,,,,1,complete.returns,,4Xr,4Xs
564312,2023-08-29,241,Scots Bay,45.19805556,-64.85777778,2023-08-30,242,Scots Bay ,,,,1,complete.returns,,4Xr,4Xs
564783,2023-08-28,240,Scots Bay,45.18027778,-64.95611111,2023-08-30,242,Scots Bay ,,,,2,complete.returns,,4Xr,4Xs
564604,2023-08-29,241,Scots Bay,45.19805556,-64.85777778,2023-08-30,242,Scots Bay ,,,,1,complete.returns,,4Xr,4Xs
564864,2023-08-28,240,Scots Bay,45.18027778,-64.95611111,2023-08-30,242,Scots Bay ,,,,2,complete.returns,,4Xr,4Xs
564417,2023-08-29,241,Scots Bay,45.19805556,-64.85777778,2023-08-30,242,Scots Bay ,,,,1,complete.returns,,4Xr,4Xs
564764,2023-08-28,240,Scots Bay,45.18027778,-64.95611111,2023-08-30,242,Scots Bay ,,,,2,complete.returns,,4Xr,4Xs
564554,2023-08-29,241,Scots Bay,45.19805556,-64.85777778,2023-08-30,242,Scots Bay ,,,,1,complete.returns,,4Xr,4Xs
564761,2023-08-28,240,Scots Bay,45.18027778,-64.95611111,2023-08-30,242,Scots Bay ,,,,2,complete.returns,,4Xr,4Xs
564463,2023-08-29,241,Scots Bay,45.19805556,-64.85777778,2023-08-30,242,Scots Bay ,,,,1,complete.returns,,4Xr,4Xs
473112,2022-09-07,250,Scots Bay,45.19678333,-64.88591667,2023-08-30,242,Scots Bay ,,,,357,complete.returns,,4Xr,4Xs
471616,2023-08-28,240,Scots Bay,45.1925,-64.8775,2023-08-30,242,Scots Bay ,,,,2,complete.returns,,4Xr,4Xs
564411,2023-08-29,241,Scots Bay,45.19805556,-64.85777778,2023-08-30,242,Scots Bay ,,,,1,complete.returns,,4Xr,4Xs
564358,2023-08-29,241,Scots Bay,45.19805556,-64.85777778,2023-08-30,242,Scots Bay ,,,,1,complete.returns,,4Xr,4Xs
471558,2023-08-28,240,Scots Bay,45.1925,-64.8775,2023-08-30,242,Scots Bay ,,,,2,complete.returns,,4Xr,4Xs
572482,2023-08-27,239,Scots Bay,45.13527778,-65.06972222,2023-08-29,241,Scots Bay ,,,,2,complete.returns,,4Xr,4Xs
471259,2023-08-21,233,German Bank,43.26611111,-66.37361111,2023-08-29,241,Scots Bay ,,,,8,complete.returns,,4Xq,4Xs
564354,2023-08-29,241,Scots Bay,45.19805556,-64.85777778,2023-09-07,250,Scots Bay ,,,,9,complete.returns,,4Xr,4Xs
567510,2023-09-03,246,German Bank,43.27138889,-66.37361111,2023-09-07,250,Scots Bay ,,,,4,complete.returns,,4Xq,4Xs
564891,2023-08-28,240,Scots Bay,45.18027778,-64.95611111,2023-09-07,250,Scots Bay ,,,,10,complete.returns,,4Xr,4Xs
471841,2023-08-29,241,Scots Bay,45.21111111,-64.8225,2023-09-07,250,Scots Bay ,,,,9,complete.returns,,4Xr,4Xs
567176,2023-08-29,241,Scots Bay,45.20138889,-64.88638889,2023-09-07,250,Scots Bay ,,,,9,complete.returns,,4Xr,4Xs
502446,2022-08-24,236,German Bank,43.29388333,-66.39218333,2023-09-07,250,Scots Bay ,,,,379,complete.returns,,4Xq,4Xs
471495,2023-08-28,240,Scots Bay,45.1925,-64.8775,2023-09-07,250,Scots Bay ,,,,10,complete.returns,,4Xr,4Xs
563788,2023-08-20,232,Scots Bay,45.12166667,-65.05638889,2023-09-07,250,Scots Bay ,,,,18,complete.returns,,4Xr,4Xs
563824,2023-08-20,232,Scots Bay,45.12166667,-65.05638889,2023-09-07,250,Scots Bay ,,,,18,complete.returns,,4Xr,4Xs
567199,2023-08-29,241,Scots Bay,45.20138889,-64.88638889,2023-09-07,250,Scots Bay ,,,,9,complete.returns,,4Xr,4Xs
567221,2023-08-29,241,Scots Bay,45.20138889,-64.88638889,2023-09-07,250,Scots Bay ,,,,9,complete.returns,,4Xr,4Xs
564937,2023-08-28,240,Scots Bay,45.18027778,-64.95611111,2023-09-07,250,Scots Bay ,,,,10,complete.returns,,4Xr,4Xs
567200,2023-08-29,241,Scots Bay,45.20138889,-64.88638889,2023-09-07,250,Scots Bay ,,,,9,complete.returns,,4Xr,4Xs
532142,2023-09-04,247,German Bank,43.25,-66.35,2023-09-07,250,Scots Bay ,,,,3,complete.returns,,4Xq,4Xs
564665,2023-08-28,240,Scots Bay,45.18027778,-64.95611111,2023-09-07,250,Scots Bay ,,,,10,complete.returns,,4Xr,4Xs
564319,2023-08-29,241,Scots Bay,45.19805556,-64.85777778,2023-09-07,250,Scots Bay ,,,,9,complete.returns,,4Xr,4Xs
567224,2023-08-29,241,Scots Bay,45.20138889,-64.88638889,2023-09-07,250,Scots Bay ,,,,9,complete.returns,,4Xr,4Xs
572426,2023-08-27,239,Scots Bay,45.13527778,-65.06972222,2023-09-07,250,Scots Bay ,,,,11,complete.returns,,4Xr,4Xs
585545,2022-06-13,164,Grand Manan Banks,44.28618333,-67.00335,2022-07-22,203,Seal Cove,,,17.0,39,complete.returns,,5Yb,
42041,2019-10-13,286,German Bank,43.28953333,-66.2941,2019-10-15,288,Seal Island,,,,2,complete.returns,,4Xq,4Xo
42335,2019-10-13,286,German Bank,43.28953333,-66.2941,2019-10-15,288,Seal Island,,,,2,complete.returns,,4Xq,4Xo
42739,2019-10-14,287,German Bank,43.30968333,-66.1393,2019-10-15,288,Seal Island,,,,1,complete.returns,,4Xq,4Xo
461768,2018-09-10,253,German Bank,43.38088333,-66.3497,2018-09-13,256,Seal Island,,,,3,complete.returns,,4Xq,4Xo
473378,2022-09-13,256,German Bank,43.29738333,-66.43151667,2022-09-21,264,Seal Island,,,106.0,8,complete.returns,,4Xq,4Xo
481720,2020-09-24,268,German Bank,43.31285,-66.2112,2020-09-25,269,Seal Island,,,83.0,1,complete.returns,,4Xq,4Xo
498466,2022-08-16,228,German Bank,43.34535,-66.44735,2022-09-21,264,Seal Island,,,106.0,36,complete.returns,,4Xq,4Xo
601184,2022-09-19,262,German Bank,43.32823333,-66.15923333,2022-09-21,264,Seal Island,,,45.0,2,complete.returns,,4Xq,4Xo
601230,2022-09-19,262,German Bank,43.32823333,-66.15923333,2022-09-21,264,Seal Island,,,106.0,2,complete.returns,,4Xq,4Xo
603829,2022-09-13,256,German Bank,43.29043333,-66.4312,2022-09-21,264,Seal Island,,,106.0,8,complete.returns,,4Xq,4Xo
489322,2021-09-21,264,German Bank,43.27295,-66.39425,2022-09-21,264,Seal Island,,,41.0,365,complete.returns,,4Xq,4Xo
601148,2022-09-19,262,German Bank,43.32823333,-66.15923333,2022-09-21,264,Seal Island,,,41.0,2,complete.returns,,4Xq,4Xo
600479,2022-10-06,279,German Bank,43.35,-66.16666667,2022-10-07,280,Seal Island,,,135.0,1,complete.returns,,4Xq,4Xo
600440,2022-10-06,279,German Bank,43.35,-66.16666667,2022-10-07,280,Seal Island,,,135.0,1,complete.returns,,4Xq,4Xo
600457,2022-10-06,279,German Bank,43.35,-66.16666667,2022-10-07,280,Seal Island,,,135.0,1,complete.returns,,4Xq,4Xo
514777,2021-10-05,278,German Bank,43.355,-66.165,2021-10-07,280,Seal Island,,,129.0,2,complete.returns,,4Xq,4Xo
514729,2021-10-05,278,German Bank,43.33833333,-66.16666667,2021-10-07,280,Seal Island,,,129.0,2,complete.returns,,4Xq,4Xo
514801,2021-10-06,279,German Bank,43.33,-66.13416667,2021-10-07,280,Seal Island,,,129.0,1,complete.returns,,4Xq,4Xo
514668,2021-10-05,278,German Bank,43.33833333,-66.16666667,2021-10-07,280,Seal Island,,,129.0,2,complete.returns,,4Xq,4Xo
514635,2021-10-05,278,German Bank,43.33833333,-66.16666667,2021-10-07,280,Seal Island,,,129.0,2,complete.returns,,4Xq,4Xo
481652,2020-09-24,268,German Bank,43.31285,-66.2112,2020-09-25,269,Seal Island,,,69.0,1,complete.returns,,4Xq,4Xo
42425,2019-10-14,287,German Bank,43.30968333,-66.1393,2019-10-15,288,Seal Island,,,,1,complete.returns,,4Xq,4Xo
42804,2019-10-14,287,German Bank,43.30968333,-66.1393,2019-10-15,288,Seal Island,,,,1,complete.returns,,4Xq,4Xo
42937,2019-10-14,287,German Bank,43.30968333,-66.1393,2019-10-15,288,Seal Island,,,,1,complete.returns,,4Xq,4Xo
471237,2023-08-21,233,German Bank,43.26611111,-66.37361111,2023-08-24,236,Seal Island,,,20.0,3,complete.returns,,4Xq,4Xo
521280,2023-08-23,235,German Bank,43.38333333,-66.16666667,2023-08-24,236,Seal Island,,,20.0,1,complete.returns,,4Xq,4Xo
532462,2023-09-11,254,German Bank,43.25,-66.4,2023-09-25,268,Seal Island,,,126.0,14,complete.returns,,4Xq,4Xo
532386,2023-09-11,254,German Bank,43.25,-66.4,2023-09-25,268,Seal Island,,,126.0,14,complete.returns,,4Xq,4Xo
528778,2023-09-12,255,German Bank,43.31916667,-66.16166667,2023-09-13,256,Seal Island,,,136.0,1,complete.returns,,4Xq,4Xo
567461,2023-09-03,246,German Bank,43.27138889,-66.37361111,2023-09-18,261,Seal Island,,,105.0,15,complete.returns,,4Xq,4Xo
574074,2023-09-12,255,German Bank,43.26888889,-66.37583333,2023-09-18,261,Seal Island,,,69.0,6,complete.returns,,4Xq,4Xo
477062,2023-09-12,255,German Bank,43.285,-66.13166667,2023-09-19,262,Seal Island,,,99.0,7,complete.returns,,4Xq,4Xo
528281,2023-09-06,249,German Bank,43.26472222,-66.35638889,2023-09-19,262,Seal Island,,,99.0,13,complete.returns,,4Xq,4Xo
530634,2023-09-13,256,German Bank,43.28888889,-66.12555556,2023-09-19,262,Seal Island,,,99.0,6,complete.returns,,4Xq,4Xo
477238,2023-09-18,261,German Bank,43.28805556,-66.14,2023-09-25,268,Seal Island,,,70.0,7,complete.returns,,4Xq,4Xo
567083,2023-08-29,241,Scots Bay,45.20138889,-64.88638889,2023-09-05,248,Seal Island,,,,7,complete.returns,,4Xr,4Xo
577472,2023-09-04,247,German Bank,43.25972222,-66.37611111,2023-09-05,248,Seal Island,,,,1,complete.returns,,4Xq,4Xo
567442,2023-09-03,246,German Bank,43.27138889,-66.37361111,2023-09-05,248,Seal Island,,,,2,complete.returns,,4Xq,4Xo
564416,2023-08-29,241,Scots Bay,45.19805556,-64.85777778,2023-09-05,248,Seal Island,,,,7,complete.returns,,4Xr,4Xo
567465,2023-09-03,246,German Bank,43.27138889,-66.37361111,2023-09-05,248,Seal Island,,,,2,complete.returns,,4Xq,4Xo
564456,2023-08-29,241,Scots Bay,45.19805556,-64.85777778,2023-09-05,248,Seal Island,,,,7,complete.returns,,4Xr,4Xo
564640,2023-08-29,241,Scots Bay,45.19805556,-64.85777778,2023-09-05,248,Seal Island,,,,7,complete.returns,,4Xr,4Xo
564349,2023-08-29,241,Scots Bay,45.19805556,-64.85777778,2023-09-05,248,Seal Island,,,,7,complete.returns,,4Xr,4Xo
528811,2023-09-12,255,German Bank,43.31916667,-66.16166667,2023-09-13,256,Seal Island,,,,1,complete.returns,,4Xq,4Xo
578578,2023-09-04,247,German Bank,43.25305556,-66.36638889,2023-09-25,268,Seal Island,,,,21,complete.returns,,4Xq,4Xo
567565,2023-09-03,246,German Bank,43.27138889,-66.37361111,2023-09-25,268,Seal Island,,,,22,complete.returns,,4Xq,4Xo
514759,2021-10-05,278,German Bank,43.355,-66.165,2021-10-07,280,Seal Island ,,,108.0,2,complete.returns,,4Xq,4Xo
514778,2021-10-05,278,German Bank,43.355,-66.165,2021-10-07,280,Seal Island ,,,39.0,2,complete.returns,,4Xq,4Xo
514724,2021-10-05,278,German Bank,43.33833333,-66.16666667,2021-10-07,280,Seal Island ,,,39.0,2,complete.returns,,4Xq,4Xo
526523,2021-10-05,278,German Bank,43.30836667,-66.46606667,2021-10-08,281,Seal Island ,,,40.0,3,complete.returns,,4Xq,4Xo
507351,2022-07-04,185,German Bank,43.6,-66.633333,2022-08-04,216,Seelys Head,,,16.87,31,complete.returns,,4Xq,4Xs
456629,2019-07-28,209,Trinity,44.1137,-66.4637,2019-09-05,248,Seelys Head,,,,39,complete.returns,,4Xr,4Xs
585563,2022-06-13,164,Grand Manan Banks,44.28618333,-67.00335,2022-06-14,165,South East Banks,,,108.0,1,complete.returns,,5Yb,
493287,2021-10-22,295,German Bank,43.309967,-66.385633,2022-06-02,153,Southwest Bank,,,89.6,223,complete.returns,,4Xq,
417007,2016-07-11,193,Grand Manan Banks,44.13,-67.1183,2016-07-14,196,Southwest Bank,,,,3,complete.returns,,5Yb,
417029,2016-07-11,193,Grand Manan Banks,44.13,-67.1183,2016-08-11,224,Southwest Bank,,,,31,complete.returns,,5Yb,
417180,2016-07-11,193,Grand Manan Banks,44.13,-67.1183,2016-08-04,217,Southwest Bank,,,,24,complete.returns,,5Yb,
417479,2016-07-12,194,Grand Manan Banks,44.1042,-67.1233,2016-08-22,235,Southwest Bank,,,,41,complete.returns,,5Yb,
417500,2016-07-12,194,Grand Manan Banks,44.1042,-67.1233,2016-07-14,196,Southwest Bank,,,,2,complete.returns,,5Yb,
417623,2016-07-11,193,Grand Manan Banks,44.13,-67.1183,2016-07-25,207,Southwest Bank,,,,14,complete.returns,,5Yb,
417729,2016-07-11,193,Grand Manan Banks,44.13,-67.1183,2016-08-08,221,Southwest Bank,,,,28,complete.returns,,5Yb,
417955,2016-07-11,193,Grand Manan Banks,44.13,-67.1183,2016-08-22,235,Southwest Bank,,,,42,complete.returns,,5Yb,
418802,2016-07-12,194,Grand Manan Banks,44.1042,-67.1233,2016-07-13,195,Southwest Bank,,,,1,complete.returns,,5Yb,
419130,2016-06-15,167,German Bank,43.5015,-66.7742,2016-07-27,209,Southwest Bank,,,,42,complete.returns,,4Xq,
425060,2016-07-12,194,Grand Manan Banks,44.1042,-67.1233,2016-07-22,204,Southwest Bank,,,,10,complete.returns,,5Yb,
425773,2016-07-25,207,Grand Manan Banks,44.1367,-67.1485,2016-07-28,210,Southwest Bank,,,,3,complete.returns,,5Yb,
426139,2016-07-26,208,Grand Manan Banks,44.1407,-67.1493,2016-08-11,224,Southwest Bank,,,,16,complete.returns,,5Yb,
426400,2016-07-26,208,Grand Manan Banks,44.1407,-67.1493,2016-08-11,224,Southwest Bank,,,,16,complete.returns,,5Yb,
427865,2016-08-03,216,Grand Manan Banks,44.125,-67.121,2016-08-09,222,Southwest Bank,,,,6,complete.returns,,5Yb,
428424,2016-08-04,217,Grand Manan Banks,44.0895,-67.1285,2016-08-23,236,Southwest Bank,,,,19,complete.returns,,5Yb,
433731,2016-08-17,230,Grand Manan Banks,44.258,-66.9992,2016-08-23,236,Southwest Bank,,,,6,complete.returns,,5Yb,
421877,2016-07-05,187,German Bank,43.4483,-66.7167,2016-08-24,237,SpawnTow,,,,50,complete.returns,,4Xq,
431629,2016-08-11,224,German Bank,43.4623,-66.349,2016-08-24,237,SpawnTow,,,,13,complete.returns,,4Xq,
44639,2019-06-05,156,Grand Manan Banks,44.2885,-66.9765,2019-09-09,252,Spruce Island Weir,,,,96,complete.returns,,5Yb,
204314,2019-06-20,171,Grand Manan Banks,44.416,-66.7,2019-09-09,252,Spruce Island Weir,,,,81,complete.returns,,4Xs,
465602,2020-07-01,183,SW Grounds,43.1144,-66.0483,2020-07-02,184,SW Grounds,,,,1,complete.returns,SW GROUNDS AREA 11,4Xo,4Xq
465034,2020-06-28,180,SW Grounds,43.1161,-65.9979,2020-07-06,188,SW Grounds,,,,8,complete.returns,SW GROUNDS AREA 11,4Xo,4Xq
465834,2020-07-01,183,SW Grounds,43.1055,-65.9992,2020-07-06,188,SW Grounds,,,,5,complete.returns,SW GROUNDS AREA 11,4Xo,4Xq
420572,2016-06-28,180,Gannet Dry Ledge,43.605,-66.9362,2017-06-09,160,Tear Drop,,,,346,complete.returns,,4Xq,
419513,2016-06-16,168,Gannet Dry Ledge,43.6117,-66.935,2016-06-28,180,Tear Drop,,,,12,complete.returns,,4Xq,
419530,2016-06-16,168,Gannet Dry Ledge,43.6117,-66.935,2016-06-17,169,Tear Drop,,,,1,complete.returns,,4Xq,
419705,2016-06-17,169,Gannet Dry Ledge,43.6007,-66.9387,2016-06-27,179,Tear Drop,,,,10,complete.returns,,4Xq,
421727,2016-07-05,187,German Bank,43.545,-66.6783,2016-07-06,188,Tear Drop,,,,1,complete.returns,,4Xq,
422113,2016-07-05,187,German Bank,43.4483,-66.7167,2016-07-07,189,Tear Drop,,,,2,complete.returns,,4Xq,
442510,2018-06-26,177,Grand Manan Banks,44.44633333,-66.6723,2018-07-09,190,The Mumps Weir,,,,13,complete.returns,,4Xs,
468757,2023-07-01,182,Other,44.30111111,-62.28722222,2023-07-02,183,The Patch ,,,63.0,1,complete.returns,,4Wk,4Wk
448191,2017-06-12,163,Gannet Dry Ledge,43.60833333,-66.9297,2017-07-14,195,Trinity,,,,32,complete.returns,,4Xq,4Xr
44790,2019-06-12,163,Grand Manan Banks,44.392,-66.7198,2019-08-15,227,Tuckers Cove,,,,64,complete.returns,,4Xs,4Xs
431628,2016-08-11,224,German Bank,43.4623,-66.349,2016-08-15,228,Undetermined,,,,4,complete.returns,,4Xq,
567218,2023-08-29,241,Scots Bay,45.20138889,-64.88638889,2024-09-17,261,UNKNOWN,,,,385,complete.returns,,4Xr,
502001,2022-08-22,234,Scots Bay,45.12246667,-65.05455,2024-09-17,261,UNKNOWN,,,,757,complete.returns,,4Xr,
556292,2023-06-28,179,Grand Manan,44.62,-66.65611111,2024-09-17,261,UNKNOWN,,,,447,complete.returns,,4Xs,
473464,2023-07-07,188,Grand Manan,44.58111111,-66.58416667,2024-09-17,261,UNKNOWN,,,,438,complete.returns,,4Xs,
517984,2021-10-04,277,German Bank,43.291,-66.45433333,2024-09-17,261,UNKNOWN,,,,1079,complete.returns,,4Xq,
510556,2022-08-29,241,German Bank,43.31666667,-66.36666667,2024-09-17,261,UNKNOWN,,,,750,complete.returns,,4Xq,
557217,2023-07-05,186,Grand Manan,44.59305556,-66.58416667,2024-09-17,261,UNKNOWN,,,,440,complete.returns,,4Xs,
567458,2023-09-03,246,German Bank,43.27138889,-66.37361111,2024-09-17,261,UNKNOWN,,,,380,complete.returns,,4Xq,
498347,2022-08-16,228,German Bank,43.34535,-66.44735,2024-09-17,261,UNKNOWN,,,,763,complete.returns,,4Xq,
507864,2022-07-08,189,Grand Manan,44.63333333,-66.65,2024-09-17,261,UNKNOWN,,,,802,complete.returns,,4Xs,
566638,2023-08-23,235,German Bank,43.48611111,-66.22694444,2025-02-04,35,UNKNOWN,,,,531,complete.returns,,4Xq,
502414,2022-08-24,236,German Bank,43.29388333,-66.39218333,2022-09-19,262,UNKNOWN,,,,26,complete.returns,,4Xq,
594136,2022-08-24,236,Scots Bay,45.14533333,-65.0025,2023-09-23,266,UNKNOWN,,,,395,complete.returns,,4Xr,
564852,2023-08-28,240,Scots Bay,45.18027778,-64.95611111,2023-09-23,266,UNKNOWN,,,,26,complete.returns,,4Xr,
469366,2021-07-14,195,Grand Manan Banks,44.42828333,-66.74158333,2021-09-06,249,Whale Cove/Grand Manan,,,24.18,54,complete.returns,,4Xs,
515768,2021-07-21,202,Long Island,44.21066667,-66.62083333,2021-09-06,249,Whale Cove/Grand Manan,,,24.18,47,complete.returns,,4Xr,
583368,2021-07-07,188,Grand Manan Banks,44.27703333,-66.99981667,2021-09-06,249,Whale Cove/Grand Manan,,,24.18,61,complete.returns,,5Yb,
496891,2022-06-21,172,Grand Manan Banks,44.26,-66.99166667,2022-07-08,189,White Head,,,75.0,17,complete.returns,,5Yb,4Xr
507389,2022-07-04,185,German Bank,43.6,-66.633333,2022-07-08,189,White Head,,,72.5,4,complete.returns,,4Xq,4Xr
496387,2022-06-19,170,Grand Manan Banks,44.25016667,-67.02266667,2022-07-07,188,White Head,,,81.8,18,complete.returns,,5Yb,4Xr
507737,2022-07-05,186,German Bank,43.633333,-66.65,2022-07-08,189,White Head,,,75.0,3,complete.returns,,4Xq,4Xr
507736,2022-07-05,186,German Bank,43.633333,-66.65,2022-07-08,189,White Head,,,76.0,3,complete.returns,,4Xq,4Xr
507438,2022-07-04,185,German Bank,43.6,-66.633333,2022-07-15,196,White Head,,,84.0,11,complete.returns,,4Xq,4Xr
507609,2022-07-05,186,German Bank,43.616667,-66.633333,2022-07-15,196,White Head,,,84.0,10,complete.returns,,4Xq,4Xr
496592,2022-06-20,171,Grand Manan Banks,44.27383333,-66.98333333,2022-07-15,196,White Head,,,84.0,25,complete.returns,,5Yb,4Xr
496468,2022-06-20,171,Grand Manan Banks,44.27383333,-66.98333333,2022-07-15,196,White Head,,,84.0,25,complete.returns,,5Yb,4Xr
507716,2022-07-05,186,German Bank,43.633333,-66.65,2022-07-15,196,White Head,,,84.0,10,complete.returns,,4Xq,4Xr
551575,2022-07-08,189,Grand Manan,44.624,-66.65133333,2022-07-15,196,White Head,,,65.0,7,complete.returns,,4Xs,4Xr
551388,2022-07-08,189,Grand Manan,44.624,-66.65133333,2022-08-17,229,White Head,,,102.0,40,complete.returns,,4Xs,4Xr
507157,2022-06-28,179,German Bank,43.616667,-66.616667,2022-08-17,229,White Head,,,102.0,50,complete.returns,,4Xq,4Xr
549139,2022-07-07,188,Grand Manan,44.618,-66.6555,2022-08-15,227,White Head,,,102.0,39,complete.returns,,4Xs,4Xr
499381,2022-08-08,220,Trinity,44.08333333,-66.48333333,2022-10-13,286,White Head,,,35.5,66,complete.returns,,4Xr,4Xr
583902,2021-07-15,196,Long Island,44.34526667,-66.37411667,2021-08-11,223,White Head,,,44.0,27,complete.returns,,4Xr,4Xr
480601,2020-08-11,224,Scots Bay,45.13012,-64.9917,2020-08-12,225,White Head,,,74.0,1,complete.returns,,4Xr,4Xr
423309,2016-08-02,215,German Bank,43.3678,-66.3952,2016-10-31,305,White Head,,,,90,complete.returns,,4Xq,4Xr
425379,2016-07-25,207,Grand Manan Banks,44.1367,-67.1485,2016-10-31,305,White Head,,,,98,complete.returns,,5Yb,4Xr
426117,2016-07-26,208,Grand Manan Banks,44.1407,-67.1493,2016-10-20,294,White Head,,,,86,complete.returns,,5Yb,4Xr
426247,2016-07-26,208,Grand Manan Banks,44.1407,-67.1493,2016-10-14,288,White Head,,,,80,complete.returns,,5Yb,4Xr
435283,2016-08-11,224,German Bank,43.3127,-66.4268,2016-10-17,291,White Head,,,,67,complete.returns,,4Xq,4Xr
440222,2016-08-07,220,German Bank,43.456,-66.3372,2016-10-31,305,White Head,,,,85,complete.returns,,4Xq,4Xr
459126,2019-07-07,188,Scots Bay,45.11374167,-65.0137,2019-07-23,204,White Head,,,,16,complete.returns,,4Xr,4Xr
497450,2023-06-20,171,Grand Manan Banks,44.28333333,-66.95,2023-07-11,192,White Head,,,65.0,21,complete.returns,,5Yb,4Xr
473477,2023-07-07,188,Grand Manan,44.58111111,-66.58416667,2023-07-21,202,White Head,,,48.0,14,complete.returns,,4Xs,4Xr
508845,2023-07-04,185,Grand Manan,44.6,-66.55,2023-07-05,186,White Head,,,48.0,1,complete.returns,,4Xs,4Xr
533777,2023-10-01,274,Grand Manan,44.65361111,-66.65333333,2023-10-04,277,White Head,,,63.0,3,complete.returns,,4Xs,4Xr
487600,2022-10-12,285,Grand Manan,44.75,-66.71666667,2023-10-05,278,White Head,,,63.0,358,complete.returns,,4Xs,4Xr
567512,2023-09-03,246,German Bank,43.27138889,-66.37361111,2023-10-05,278,White Head,,,123.0,32,complete.returns,,4Xq,4Xr
574029,2023-09-12,255,German Bank,43.26888889,-66.37583333,2023-10-05,278,White Head,,,123.0,23,complete.returns,,4Xq,4Xr
533779,2023-10-01,274,Grand Manan,44.65361111,-66.65333333,2023-10-12,285,White Head,,,118.0,11,complete.returns,,4Xs,4Xr
529159,2023-10-01,274,Grand Manan,44.63277778,-66.63972222,2023-10-12,285,White Head,,,118.0,11,complete.returns,,4Xs,4Xr
564618,2023-08-29,241,Scots Bay,45.19805556,-64.85777778,2023-10-12,285,White Head,,,31.0,44,complete.returns,,4Xr,4Xr
569479,2023-08-30,242,Long Island,44.295,-66.42,2023-10-19,292,White Head,,,31.0,50,complete.returns,,4Xr,4Xr
533766,2023-10-01,274,Grand Manan,44.65361111,-66.65333333,2023-10-19,292,White Head,,,31.0,18,complete.returns,,4Xs,4Xr
487835,2022-10-17,290,Grand Manan,44.76666667,-66.71666667,2023-10-13,286,White Head,,,46.0,361,complete.returns,,4Xs,4Xr
487541,2022-10-12,285,Grand Manan,44.75,-66.71666667,2023-10-13,286,White Head,,,46.0,366,complete.returns,,4Xs,4Xr
585870,2022-08-07,219,Scots Bay,45.146,-65.0465,2023-10-13,286,White Head,,,46.0,432,complete.returns,,4Xr,4Xr
529268,2023-10-02,275,Grand Manan,44.67416667,-66.65333333,2023-10-13,286,White Head,,,46.0,11,complete.returns,,4Xs,4Xr
557790,2023-07-06,187,Grand Manan,44.58166667,-66.59333333,2023-10-13,286,White Head,,,96.0,99,complete.returns,,4Xs,4Xr
564219,2023-08-28,240,Scots Bay,45.14111111,-65.05194444,2023-10-13,286,White Head,,,96.0,46,complete.returns,,4Xr,4Xr
564220,2023-08-28,240,Scots Bay,45.14111111,-65.05194444,2023-10-13,286,White Head,,,96.0,46,complete.returns,,4Xr,4Xr
529390,2023-10-02,275,Grand Manan,44.67416667,-66.65333333,2023-10-13,286,White Head,,,96.0,11,complete.returns,,4Xs,4Xr
533778,2023-10-01,274,Grand Manan,44.65361111,-66.65333333,2023-10-13,286,White Head,,,96.0,12,complete.returns,,4Xs,4Xr
529251,2023-10-02,275,Grand Manan,44.67416667,-66.65333333,2023-10-13,286,White Head,,,96.0,11,complete.returns,,4Xs,4Xr
529291,2023-10-02,275,Grand Manan,44.67416667,-66.65333333,2023-10-13,286,White Head,,,96.0,11,complete.returns,,4Xs,4Xr
529193,2023-10-01,274,Grand Manan,44.63277778,-66.63972222,2023-10-13,286,White Head,,,96.0,12,complete.returns,,4Xs,4Xr
563743,2023-08-14,226,Long Island,44.34916667,-66.35805556,2023-10-13,286,White Head,,,96.0,60,complete.returns,,4Xr,4Xr
564854,2023-08-28,240,Scots Bay,45.18027778,-64.95611111,2023-10-16,289,White Head,,,110.0,49,complete.returns,,4Xr,4Xr
529272,2023-10-02,275,Grand Manan,44.67416667,-66.65333333,2023-10-16,289,White Head,,,110.0,14,complete.returns,,4Xs,4Xr
557814,2023-07-06,187,Grand Manan,44.58166667,-66.59333333,2023-10-16,289,White Head,,,110.0,102,complete.returns,,4Xs,4Xr
505237,2023-06-22,173,Grand Manan Banks,44.28333333,-66.98333333,2023-10-16,289,White Head,,,110.0,116,complete.returns,,5Yb,4Xr
565484,2023-07-03,184,Scots Bay,45.26888889,-64.85,2023-10-16,289,White Head,,,110.0,105,complete.returns,,4Xr,4Xr
593126,2023-06-20,171,Grand Manan Banks,44.2814,-66.96776667,2023-10-16,289,White Head,,,110.0,118,complete.returns,,5Yb,4Xr
497211,2023-06-12,163,Trinity,44.1,-66.48333333,2023-10-16,289,White Head,,,110.0,126,complete.returns,,4Xr,4Xr
533937,2023-10-01,274,Grand Manan,44.65361111,-66.65333333,2023-10-16,289,White Head,,,110.0,15,complete.returns,,4Xs,4Xr
521788,2023-08-28,240,Trinity,44.05,-66.46666667,2023-10-16,289,White Head,,,110.0,49,complete.returns,,4Xr,4Xr
529286,2023-10-02,275,Grand Manan,44.67416667,-66.65333333,2023-10-16,289,White Head,,,110.0,14,complete.returns,,4Xs,4Xr
523345,2023-07-04,185,Grand Manan,44.6,-66.58305556,2023-10-16,289,White Head,,,110.0,104,complete.returns,,4Xs,4Xr
529158,2023-10-01,274,Grand Manan,44.63277778,-66.63972222,2023-10-17,290,White Head,,,115.0,16,complete.returns,,4Xs,4Xr
529289,2023-10-02,275,Grand Manan,44.67416667,-66.65333333,2023-10-17,290,White Head,,,115.0,15,complete.returns,,4Xs,4Xr
509019,2023-07-05,186,Grand Manan,44.6166667,-66.58333333,2023-10-17,290,White Head,,,115.0,104,complete.returns,,4Xs,4Xr
473474,2023-07-07,188,Grand Manan,44.58111111,-66.58416667,2023-10-18,291,White Head,,,62.0,103,complete.returns,,4Xs,4Xr
577882,2023-09-06,249,Scots Bay,45.15833333,-65.01138889,2023-10-18,291,White Head,,,62.0,42,complete.returns,,4Xr,4Xr
529221,2023-10-01,274,Grand Manan,44.63277778,-66.63972222,2023-10-18,291,White Head,,,62.0,17,complete.returns,,4Xs,4Xr
533772,2023-10-01,274,Grand Manan,44.65361111,-66.65333333,2023-10-18,291,White Head,,,115.0,17,complete.returns,,4Xs,4Xr
498195,2022-08-16,228,German Bank,43.29838333,-66.42238333,2023-10-18,291,White Head,,,115.0,428,complete.returns,,4Xq,4Xr
521981,2023-08-28,240,Trinity,44.05,-66.46666667,2023-10-18,291,White Head,,,115.0,51,complete.returns,,4Xr,4Xr
533867,2023-10-01,274,Grand Manan,44.65361111,-66.65333333,2023-10-20,293,White Head,,,109.0,19,complete.returns,,4Xs,4Xr
564204,2023-08-28,240,Scots Bay,45.14111111,-65.05194444,2024-06-25,177,White Head,,,,302,complete.returns,,4Xr,4Xr
529172,2023-10-01,274,Grand Manan,44.63277778,-66.63972222,2023-10-03,276,White Head ,,,56.0,2,complete.returns,,4Xs,4Xr
603008,2022-08-30,242,German Bank,43.24338333,-66.33363333,2023-10-03,276,White Head ,,,56.0,399,complete.returns,,4Xq,4Xr
523371,2023-07-04,185,Grand Manan,44.6,-66.58305556,2023-10-03,276,White Head ,,,56.0,91,complete.returns,,4Xs,4Xr
529315,2023-10-02,275,Grand Manan,44.67416667,-66.65333333,2023-10-03,276,White Head ,,,56.0,1,complete.returns,,4Xs,4Xr
556565,2023-07-03,184,Scots Bay,45.27555556,-64.9625,2023-10-03,276,White Head ,,,56.0,92,complete.returns,,4Xr,4Xr
533762,2023-10-01,274,Grand Manan,44.65361111,-66.65333333,2023-10-03,276,White Head ,,,56.0,2,complete.returns,,4Xs,4Xr
521558,2023-08-28,240,Trinity,44.05,-66.46666667,2023-10-03,276,White Head ,,,56.0,36,complete.returns,,4Xr,4Xr
593730,2023-06-22,173,Grand Manan Banks,44.29798333,-66.93935,2023-10-03,276,White Head ,,,56.0,103,complete.returns,,5Yb,4Xr
533753,2023-10-01,274,Grand Manan,44.65361111,-66.65333333,2023-10-03,276,White Head ,,,56.0,2,complete.returns,,4Xs,4Xr
529109,2023-10-01,274,Grand Manan,44.63277778,-66.63972222,2023-10-03,276,White Head ,,,56.0,2,complete.returns,,4Xs,4Xr
529367,2023-10-02,275,Grand Manan,44.67416667,-66.65333333,2023-10-03,276,White Head ,,,63.0,1,complete.returns,,4Xs,4Xr
557866,2023-07-06,187,Grand Manan,44.58166667,-66.59333333,2023-10-04,277,White Head ,,,56.0,90,complete.returns,,4Xs,4Xr
529282,2023-10-02,275,Grand Manan,44.67416667,-66.65333333,2023-10-04,277,White Head ,,,56.0,2,complete.returns,,4Xs,4Xr
533981,2023-10-01,274,Grand Manan,44.65361111,-66.65333333,2023-10-04,277,White Head ,,,56.0,3,complete.returns,,4Xs,4Xr
565378,2023-07-03,184,Scots Bay,45.26888889,-64.85,2023-10-04,277,White Head ,,,123.0,93,complete.returns,,4Xr,4Xr
529014,2023-10-01,274,Grand Manan,44.63277778,-66.63972222,2023-10-04,277,White Head ,,,63.0,3,complete.returns,,4Xs,4Xr
529298,2023-10-02,275,Grand Manan,44.67416667,-66.65333333,2023-10-04,277,White Head ,,,63.0,2,complete.returns,,4Xs,4Xr
572173,2023-07-31,212,Grand Manan Banks,44.28555556,-67.00305556,2023-10-04,277,White Head ,,,63.0,65,complete.returns,,5Yb,4Xr
556931,2023-07-04,185,Grand Manan,44.60888889,-66.58833333,2023-10-04,277,White Head ,,,63.0,92,complete.returns,,4Xs,4Xr
529311,2023-10-02,275,Grand Manan,44.67416667,-66.65333333,2023-10-04,277,White Head ,,,63.0,2,complete.returns,,4Xs,4Xr
529230,2023-10-02,275,Grand Manan,44.67416667,-66.65333333,2023-10-04,277,White Head ,,,123.0,2,complete.returns,,4Xs,4Xr
521492,2023-08-23,235,German Bank,43.38333333,-66.16666667,2023-10-16,289,White Head ,,,110.0,54,complete.returns,,4Xq,4Xr
505150,2023-06-22,173,Grand Manan Banks,44.28333333,-66.98333333,2023-10-16,289,White Head ,,,110.0,116,complete.returns,,5Yb,4Xr
111573,2019-10-03,276,NB Coastal,44.8713,-66.7281,2019-10-14,287,Wolfs Bank,,,,11,complete.returns,,4Xs,
111602,2019-10-03,276,NB Coastal,44.8713,-66.7281,2019-10-14,287,Wolfs Bank,,,,11,complete.returns,,4Xs,
111608,2019-10-03,276,NB Coastal,44.8713,-66.7281,2019-10-14,287,Wolfs Bank,,,,11,complete.returns,,4Xs,
111612,2019-10-03,276,NB Coastal,44.8713,-66.7281,2019-10-14,287,Wolfs Bank,,,,11,complete.returns,,4Xs,
111617,2019-10-03,276,NB Coastal,44.8713,-66.7281,2019-10-14,287,Wolfs Bank,,,,11,complete.returns,,4Xs,
111660,2019-10-03,276,NB Coastal,44.8713,-66.7281,2019-10-14,287,Wolfs Bank,,,,11,complete.returns,,4Xs,
111829,2019-10-03,276,NB Coastal,44.8713,-66.7281,2019-10-15,288,Wolfs Bank,,,,12,complete.returns,,4Xs,
552159,2020-10-06,280,NB Coastal,44.94533,-66.742,2020-10-07,281,Wolves,,,122.0,1,complete.returns,,4Xs,4Xs
552489,2020-10-06,280,NB Coastal,44.94533,-66.742,2020-10-07,281,Wolves,,,122.0,1,complete.returns,,4Xs,4Xs
552428,2020-10-06,280,NB Coastal,44.94533,-66.742,2020-10-07,281,Wolves,,,122.0,1,complete.returns,,4Xs,4Xs
552282,2020-10-06,280,NB Coastal,44.94533,-66.742,2020-10-07,281,Wolves,,,122.0,1,complete.returns,,4Xs,4Xs
552132,2020-10-06,280,NB Coastal,44.94533,-66.742,2020-10-07,281,Wolves,,,122.0,1,complete.returns,,4Xs,4Xs
552444,2020-10-06,280,NB Coastal,44.94533,-66.742,2020-10-07,281,Wolves,,,122.0,1,complete.returns,,4Xs,4Xs
552006,2020-10-06,280,NB Coastal,44.94533,-66.742,2020-10-07,281,Wolves,,,122.0,1,complete.returns,,4Xs,4Xs
552051,2020-10-06,280,NB Coastal,44.94533,-66.742,2020-10-07,281,Wolves,,,126.0,1,complete.returns,,4Xs,4Xs
553350,2020-10-06,280,NB Coastal,44.94567,-66.7432,2020-10-13,287,Wolves,,,65.0,7,complete.returns,,4Xs,4Xs
552014,2020-10-06,280,NB Coastal,44.94533,-66.742,2020-10-13,287,Wolves,,,65.0,7,complete.returns,,4Xs,4Xs
553507,2020-10-06,280,NB Coastal,44.94567,-66.7432,2020-10-13,287,Wolves,,,65.0,7,complete.returns,,4Xs,4Xs
553430,2020-10-06,280,NB Coastal,44.94567,-66.7432,2020-10-13,287,Wolves,,,60.0,7,complete.returns,,4Xs,4Xs
553853,2020-10-06,280,NB Coastal,44.96833,-66.7312,2020-10-13,287,Wolves,,,60.0,7,complete.returns,,4Xs,4Xs
206566,2020-07-16,198,Trinity,44.07733,-66.435,2020-10-13,287,Wolves,,,60.0,89,complete.returns,,4Xr,4Xs
554798,2020-10-11,285,NB Coastal,44.9805,-66.7118,2020-10-13,287,Wolves,,,60.0,2,complete.returns,,4Xs,4Xs
553675,2020-10-06,280,NB Coastal,44.96833,-66.7312,2020-10-13,287,Wolves,,,60.0,7,complete.returns,,4Xs,4Xs
553597,2020-10-06,280,NB Coastal,44.96833,-66.7312,2020-10-13,287,Wolves,,,60.0,7,complete.returns,,4Xs,4Xs
553023,2020-10-06,280,NB Coastal,44.95083,-66.7407,2020-10-13,287,Wolves,,,60.0,7,complete.returns,,4Xs,4Xs
553671,2020-10-06,280,NB Coastal,44.96833,-66.7312,2020-10-13,287,Wolves,,,70.0,7,complete.returns,,4Xs,4Xs
553378,2020-10-06,280,NB Coastal,44.94567,-66.7432,2020-10-13,287,Wolves,,,70.0,7,complete.returns,,4Xs,4Xs
552758,2020-10-06,280,NB Coastal,44.95083,-66.7407,2020-10-13,287,Wolves,,,70.0,7,complete.returns,,4Xs,4Xs
553519,2020-10-06,280,NB Coastal,44.94567,-66.7432,2020-10-13,287,Wolves,,,70.0,7,complete.returns,,4Xs,4Xs
553500,2020-10-06,280,NB Coastal,44.94567,-66.7432,2020-10-14,288,Wolves,,,76.0,8,complete.returns,,4Xs,4Xs
552826,2020-10-06,280,NB Coastal,44.95083,-66.7407,2020-10-14,288,Wolves,,,76.0,8,complete.returns,,4Xs,4Xs
553967,2020-10-06,280,NB Coastal,44.96833,-66.7312,2020-10-14,288,Wolves,,,76.0,8,complete.returns,,4Xs,4Xs
553399,2020-10-06,280,NB Coastal,44.94567,-66.7432,2020-10-14,288,Wolves,,,76.0,8,complete.returns,,4Xs,4Xs
552293,2020-10-06,280,NB Coastal,44.94533,-66.742,2020-10-14,288,Wolves,,,76.0,8,complete.returns,,4Xs,4Xs
553900,2020-10-06,280,NB Coastal,44.96833,-66.7312,2020-10-14,288,Wolves,,,76.0,8,complete.returns,,4Xs,4Xs
554500,2020-10-13,287,NB Coastal,44.98,-66.7138,2020-10-14,288,Wolves,,,76.0,1,complete.returns,,4Xs,4Xs
552456,2020-10-06,280,NB Coastal,44.94533,-66.742,2020-10-14,288,Wolves,,,76.0,8,complete.returns,,4Xs,4Xs
554001,2020-10-13,287,NB Coastal,44.98,-66.7138,2020-10-14,288,Wolves,,,76.0,1,complete.returns,,4Xs,4Xs
554610,2020-10-13,287,NB Coastal,44.98,-66.7138,2020-10-14,288,Wolves,,,76.0,1,complete.returns,,4Xs,4Xs
553089,2020-10-06,280,NB Coastal,44.95083,-66.7407,2020-10-14,288,Wolves,,,76.0,8,complete.returns,,4Xs,4Xs
554021,2020-10-13,287,NB Coastal,44.98,-66.7138,2020-10-14,288,Wolves,,,76.0,1,complete.returns,,4Xs,4Xs
553369,2020-10-06,280,NB Coastal,44.94567,-66.7432,2020-10-14,288,Wolves,,,76.0,8,complete.returns,,4Xs,4Xs
554416,2020-10-13,287,NB Coastal,44.98,-66.7138,2020-10-14,288,Wolves,,,76.0,1,complete.returns,,4Xs,4Xs
553467,2020-10-06,280,NB Coastal,44.94567,-66.7432,2020-10-14,288,Wolves,,,76.0,8,complete.returns,,4Xs,4Xs
552683,2020-10-06,280,NB Coastal,44.95083,-66.7407,2020-10-14,288,Wolves,,,76.0,8,complete.returns,,4Xs,4Xs
554067,2020-10-13,287,NB Coastal,44.98,-66.7138,2020-10-16,290,Wolves,,,60.0,3,complete.returns,,4Xs,4Xs
552463,2020-10-06,280,NB Coastal,44.94533,-66.742,2020-10-16,290,Wolves,,,60.0,10,complete.returns,,4Xs,4Xs
554410,2020-10-13,287,NB Coastal,44.98,-66.7138,2020-10-16,290,Wolves,,,60.0,3,complete.returns,,4Xs,4Xs
207185,2020-07-17,199,Trinity,44.06417,-66.4312,2020-10-16,290,Wolves,,,60.0,91,complete.returns,,4Xr,4Xs
551130,2020-10-11,285,NB Coastal,44.9805,-66.7118,2020-10-16,290,Wolves,,,60.0,5,complete.returns,,4Xs,4Xs
553976,2020-10-06,280,NB Coastal,44.96833,-66.7312,2020-10-16,290,Wolves,,,60.0,10,complete.returns,,4Xs,4Xs
552390,2020-10-06,280,NB Coastal,44.94533,-66.742,2020-10-16,290,Wolves,,,60.0,10,complete.returns,,4Xs,4Xs
554228,2020-10-13,287,NB Coastal,44.98,-66.7138,2020-10-16,290,Wolves,,,60.0,3,complete.returns,,4Xs,4Xs
554626,2020-10-13,287,NB Coastal,44.98,-66.7138,2020-10-15,289,Wolves,,,55.0,2,complete.returns,,4Xs,4Xs
554063,2020-10-13,287,NB Coastal,44.98,-66.7138,2020-10-15,289,Wolves,,,55.0,2,complete.returns,,4Xs,4Xs
552817,2020-10-06,280,NB Coastal,44.95083,-66.7407,2020-10-15,289,Wolves,,,55.0,9,complete.returns,,4Xs,4Xs
553909,2020-10-06,280,NB Coastal,44.96833,-66.7312,2020-10-15,289,Wolves,,,55.0,9,complete.returns,,4Xs,4Xs
552010,2020-10-06,280,NB Coastal,44.94533,-66.742,2020-10-15,289,Wolves,,,60.0,9,complete.returns,,4Xs,4Xs
553679,2020-10-06,280,NB Coastal,44.96833,-66.7312,2020-10-13,287,Wolves,,,72.0,7,complete.returns,,4Xs,4Xs
553247,2020-10-06,280,NB Coastal,44.94567,-66.7432,2020-10-15,289,Wolves,,,59.0,9,complete.returns,,4Xs,4Xs
551097,2020-10-11,285,NB Coastal,44.9805,-66.7118,2020-10-15,289,Wolves,,,78.0,4,complete.returns,,4Xs,4Xs
552867,2020-10-06,280,NB Coastal,44.95083,-66.7407,2020-10-15,289,Wolves,,,78.0,9,complete.returns,,4Xs,4Xs
554891,2020-10-11,285,NB Coastal,44.9805,-66.7118,2020-10-15,289,Wolves,,,78.0,4,complete.returns,,4Xs,4Xs
551214,2020-10-11,285,NB Coastal,44.9805,-66.7118,2020-10-15,289,Wolves,,,78.0,4,complete.returns,,4Xs,4Xs
554518,2020-10-13,287,NB Coastal,44.98,-66.7138,2020-10-15,289,Wolves,,,78.0,2,complete.returns,,4Xs,4Xs
554699,2020-10-11,285,NB Coastal,44.9805,-66.7118,2020-10-15,289,Wolves,,,78.0,4,complete.returns,,4Xs,4Xs
554550,2020-10-13,287,NB Coastal,44.98,-66.7138,2020-10-15,289,Wolves,,,78.0,2,complete.returns,,4Xs,4Xs
552081,2020-10-06,280,NB Coastal,44.94533,-66.742,2020-10-15,289,Wolves,,,78.0,9,complete.returns,,4Xs,4Xs
553280,2020-10-06,280,NB Coastal,44.94567,-66.7432,2020-10-15,289,Wolves,,,78.0,9,complete.returns,,4Xs,4Xs
551142,2020-10-11,285,NB Coastal,44.9805,-66.7118,2020-10-15,289,Wolves,,,78.0,4,complete.returns,,4Xs,4Xs
554402,2020-10-13,287,NB Coastal,44.98,-66.7138,2020-10-15,289,Wolves,,,78.0,2,complete.returns,,4Xs,4Xs
553019,2020-10-06,280,NB Coastal,44.95083,-66.7407,2020-10-15,289,Wolves,,,78.0,9,complete.returns,,4Xs,4Xs
554869,2020-10-11,285,NB Coastal,44.9805,-66.7118,2020-10-15,289,Wolves,,,78.0,4,complete.returns,,4Xs,4Xs
553003,2020-10-06,280,NB Coastal,44.95083,-66.7407,2020-10-15,289,Wolves,,,78.0,9,complete.returns,,4Xs,4Xs
554994,2020-10-11,285,NB Coastal,44.9805,-66.7118,2020-10-15,289,Wolves,,,78.0,4,complete.returns,,4Xs,4Xs
553795,2020-10-06,280,NB Coastal,44.96833,-66.7312,2020-10-15,289,Wolves,,,78.0,9,complete.returns,,4Xs,4Xs
552635,2020-10-06,280,NB Coastal,44.95083,-66.7407,2020-10-15,289,Wolves,,,78.0,9,complete.returns,,4Xs,4Xs
554678,2020-10-11,285,NB Coastal,44.9805,-66.7118,2020-10-15,289,Wolves,,,78.0,4,complete.returns,,4Xs,4Xs
554654,2020-10-11,285,NB Coastal,44.9805,-66.7118,2020-10-15,289,Wolves,,,78.0,4,complete.returns,,4Xs,4Xs
554437,2020-10-13,287,NB Coastal,44.98,-66.7138,2020-10-15,289,Wolves,,,78.0,2,complete.returns,,4Xs,4Xs
552318,2020-10-06,280,NB Coastal,44.94533,-66.742,2020-10-15,289,Wolves,,,78.0,9,complete.returns,,4Xs,4Xs
552975,2020-10-06,280,NB Coastal,44.95083,-66.7407,2020-10-15,289,Wolves,,,78.0,9,complete.returns,,4Xs,4Xs
552378,2020-10-06,280,NB Coastal,44.94533,-66.742,2020-10-15,289,Wolves,,,78.0,9,complete.returns,,4Xs,4Xs
554103,2020-10-13,287,NB Coastal,44.98,-66.7138,2020-10-15,289,Wolves,,,78.0,2,complete.returns,,4Xs,4Xs
551110,2020-10-11,285,NB Coastal,44.9805,-66.7118,2020-10-15,289,Wolves,,,78.0,4,complete.returns,,4Xs,4Xs
552845,2020-10-06,280,NB Coastal,44.95083,-66.7407,2020-10-15,289,Wolves,,,78.0,9,complete.returns,,4Xs,4Xs
554485,2020-10-13,287,NB Coastal,44.98,-66.7138,2020-10-15,289,Wolves,,,78.0,2,complete.returns,,4Xs,4Xs
552271,2020-10-06,280,NB Coastal,44.94533,-66.742,2020-10-16,290,Wolves,,,78.0,10,complete.returns,,4Xs,4Xs
554603,2020-10-13,287,NB Coastal,44.98,-66.7138,2020-10-16,290,Wolves,,,38.0,3,complete.returns,,4Xs,4Xs
552707,2020-10-06,280,NB Coastal,44.95083,-66.7407,2020-10-16,290,Wolves,,,38.0,10,complete.returns,,4Xs,4Xs
554926,2020-10-11,285,NB Coastal,44.9805,-66.7118,2020-10-16,290,Wolves,,,38.0,5,complete.returns,,4Xs,4Xs
554941,2020-10-11,285,NB Coastal,44.9805,-66.7118,2020-10-16,290,Wolves,,,38.0,5,complete.returns,,4Xs,4Xs
552243,2020-10-06,280,NB Coastal,44.94533,-66.742,2020-10-16,290,Wolves,,,38.0,10,complete.returns,,4Xs,4Xs
553947,2020-10-06,280,NB Coastal,44.96833,-66.7312,2020-10-16,290,Wolves,,,38.0,10,complete.returns,,4Xs,4Xs
554885,2020-10-11,285,NB Coastal,44.9805,-66.7118,2020-10-16,290,Wolves,,,38.0,5,complete.returns,,4Xs,4Xs
554368,2020-10-13,287,NB Coastal,44.98,-66.7138,2020-10-16,290,Wolves,,,38.0,3,complete.returns,,4Xs,4Xs
553403,2020-10-06,280,NB Coastal,44.94567,-66.7432,2020-10-16,290,Wolves,,,38.0,10,complete.returns,,4Xs,4Xs
553314,2020-10-06,280,NB Coastal,44.94567,-66.7432,2020-10-16,290,Wolves,,,38.0,10,complete.returns,,4Xs,4Xs
553511,2020-10-06,280,NB Coastal,44.94567,-66.7432,2020-10-16,290,Wolves,,,38.0,10,complete.returns,,4Xs,4Xs
553962,2020-10-06,280,NB Coastal,44.96833,-66.7312,2020-10-16,290,Wolves,,,38.0,10,complete.returns,,4Xs,4Xs
553422,2020-10-06,280,NB Coastal,44.94567,-66.7432,2020-10-16,290,Wolves,,,38.0,10,complete.returns,,4Xs,4Xs
553929,2020-10-06,280,NB Coastal,44.96833,-66.7312,2020-10-16,290,Wolves,,,38.0,10,complete.returns,,4Xs,4Xs
554261,2020-10-13,287,NB Coastal,44.98,-66.7138,2020-10-16,290,Wolves,,,38.0,3,complete.returns,,4Xs,4Xs
554430,2020-10-13,287,NB Coastal,44.98,-66.7138,2020-10-16,290,Wolves,,,38.0,3,complete.returns,,4Xs,4Xs
552305,2020-10-06,280,NB Coastal,44.94533,-66.742,2020-10-16,290,Wolves,,,38.0,10,complete.returns,,4Xs,4Xs
554015,2020-10-13,287,NB Coastal,44.98,-66.7138,2020-10-20,294,Wolves,,,11.0,7,complete.returns,,4Xs,4Xs
552177,2020-10-06,280,NB Coastal,44.94533,-66.742,2020-10-20,294,Wolves,,,11.0,14,complete.returns,,4Xs,4Xs
554579,2020-10-13,287,NB Coastal,44.98,-66.7138,2020-10-20,294,Wolves,,,11.0,7,complete.returns,,4Xs,4Xs
554677,2020-10-11,285,NB Coastal,44.9805,-66.7118,2020-10-20,294,Wolves,,,11.0,9,complete.returns,,4Xs,4Xs
554300,2020-10-13,287,NB Coastal,44.98,-66.7138,2020-10-19,293,Wolves,,,78.0,6,complete.returns,,4Xs,4Xs
554810,2020-10-11,285,NB Coastal,44.9805,-66.7118,2020-10-19,293,Wolves,,,78.0,8,complete.returns,,4Xs,4Xs
553686,2020-10-06,280,NB Coastal,44.96833,-66.7312,2020-10-19,293,Wolves,,,78.0,13,complete.returns,,4Xs,4Xs
552341,2020-10-06,280,NB Coastal,44.94533,-66.742,2020-10-19,293,Wolves,,,78.0,13,complete.returns,,4Xs,4Xs
553826,2020-10-06,280,NB Coastal,44.96833,-66.7312,2020-10-19,293,Wolves,,,78.0,13,complete.returns,,4Xs,4Xs
554802,2020-10-11,285,NB Coastal,44.9805,-66.7118,2020-10-19,293,Wolves,,,78.0,8,complete.returns,,4Xs,4Xs
554313,2020-10-13,287,NB Coastal,44.98,-66.7138,2020-10-19,293,Wolves,,,78.0,6,complete.returns,,4Xs,4Xs
553562,2020-10-06,280,NB Coastal,44.96833,-66.7312,2020-10-19,293,Wolves,,,78.0,13,complete.returns,,4Xs,4Xs
554468,2020-10-13,287,NB Coastal,44.98,-66.7138,2020-10-19,293,Wolves,,,78.0,6,complete.returns,,4Xs,4Xs
552673,2020-10-06,280,NB Coastal,44.95083,-66.7407,2020-10-19,293,Wolves,,,78.0,13,complete.returns,,4Xs,4Xs
553230,2020-10-06,280,NB Coastal,44.94567,-66.7432,2020-10-19,293,Wolves,,,78.0,13,complete.returns,,4Xs,4Xs
554761,2020-10-11,285,NB Coastal,44.9805,-66.7118,2020-10-19,293,Wolves,,,78.0,8,complete.returns,,4Xs,4Xs
552056,2020-10-06,280,NB Coastal,44.94533,-66.742,2020-10-19,293,Wolves,,,78.0,13,complete.returns,,4Xs,4Xs
553910,2020-10-06,280,NB Coastal,44.96833,-66.7312,2020-10-19,293,Wolves,,,78.0,13,complete.returns,,4Xs,4Xs
552437,2020-10-06,280,NB Coastal,44.94533,-66.742,2020-10-19,293,Wolves,,,78.0,13,complete.returns,,4Xs,4Xs
553265,2020-10-06,280,NB Coastal,44.94567,-66.7432,2020-10-19,293,Wolves,,,78.0,13,complete.returns,,4Xs,4Xs
554600,2020-10-13,287,NB Coastal,44.98,-66.7138,2020-10-19,293,Wolves,,,78.0,6,complete.returns,,4Xs,4Xs
553670,2020-10-06,280,NB Coastal,44.96833,-66.7312,2020-10-19,293,Wolves,,,78.0,13,complete.returns,,4Xs,4Xs
554393,2020-10-13,287,NB Coastal,44.98,-66.7138,2020-10-19,293,Wolves,,,78.0,6,complete.returns,,4Xs,4Xs
552828,2020-10-06,280,NB Coastal,44.95083,-66.7407,2020-10-19,293,Wolves,,,78.0,13,complete.returns,,4Xs,4Xs
551067,2020-10-11,285,NB Coastal,44.9805,-66.7118,2020-10-19,293,Wolves,,,81.0,8,complete.returns,,4Xs,4Xs
552330,2020-10-06,280,NB Coastal,44.94533,-66.742,2020-10-19,293,Wolves,,,81.0,13,complete.returns,,4Xs,4Xs
554918,2020-10-11,285,NB Coastal,44.9805,-66.7118,2020-10-19,293,Wolves,,,81.0,8,complete.returns,,4Xs,4Xs
552229,2020-10-06,280,NB Coastal,44.94533,-66.742,2020-10-19,293,Wolves,,,81.0,13,complete.returns,,4Xs,4Xs
552112,2020-10-06,280,NB Coastal,44.94533,-66.742,2020-10-19,293,Wolves,,,81.0,13,complete.returns,,4Xs,4Xs
553178,2020-10-06,280,NB Coastal,44.95083,-66.7407,2020-10-19,293,Wolves,,,81.0,13,complete.returns,,4Xs,4Xs
554682,2020-10-11,285,NB Coastal,44.9805,-66.7118,2020-10-19,293,Wolves,,,81.0,8,complete.returns,,4Xs,4Xs
551047,2020-10-11,285,NB Coastal,44.9805,-66.7118,2020-10-19,293,Wolves,,,81.0,8,complete.returns,,4Xs,4Xs
553789,2020-10-06,280,NB Coastal,44.96833,-66.7312,2020-10-19,293,Wolves,,,81.0,13,complete.returns,,4Xs,4Xs
551123,2020-10-11,285,NB Coastal,44.9805,-66.7118,2020-10-19,293,Wolves,,,81.0,8,complete.returns,,4Xs,4Xs
554878,2020-10-11,285,NB Coastal,44.9805,-66.7118,2020-10-19,293,Wolves,,,81.0,8,complete.returns,,4Xs,4Xs
553949,2020-10-06,280,NB Coastal,44.96833,-66.7312,2020-10-19,293,Wolves,,,81.0,13,complete.returns,,4Xs,4Xs
552854,2020-10-06,280,NB Coastal,44.95083,-66.7407,2020-10-19,293,Wolves,,,81.0,13,complete.returns,,4Xs,4Xs
552176,2020-10-06,280,NB Coastal,44.94533,-66.742,2020-10-19,293,Wolves,,,81.0,13,complete.returns,,4Xs,4Xs
552443,2020-10-06,280,NB Coastal,44.94533,-66.742,2020-10-19,293,Wolves,,,81.0,13,complete.returns,,4Xs,4Xs
553147,2020-10-06,280,NB Coastal,44.95083,-66.7407,2020-10-19,293,Wolves,,,81.0,13,complete.returns,,4Xs,4Xs
553118,2020-10-06,280,NB Coastal,44.95083,-66.7407,2020-10-19,293,Wolves,,,81.0,13,complete.returns,,4Xs,4Xs
552092,2020-10-06,280,NB Coastal,44.94533,-66.742,2020-10-19,293,Wolves,,,81.0,13,complete.returns,,4Xs,4Xs
553210,2020-10-06,280,NB Coastal,44.94567,-66.7432,2020-10-19,293,Wolves,,,81.0,13,complete.returns,,4Xs,4Xs
554379,2020-10-13,287,NB Coastal,44.98,-66.7138,2020-10-19,293,Wolves,,,81.0,6,complete.returns,,4Xs,4Xs
552771,2020-10-06,280,NB Coastal,44.95083,-66.7407,2020-10-19,293,Wolves,,,81.0,13,complete.returns,,4Xs,4Xs
552882,2020-10-06,280,NB Coastal,44.95083,-66.7407,2020-10-19,293,Wolves,,,81.0,13,complete.returns,,4Xs,4Xs
553212,2020-10-06,280,NB Coastal,44.94567,-66.7432,2020-10-19,293,Wolves,,,81.0,13,complete.returns,,4Xs,4Xs
554781,2020-10-11,285,NB Coastal,44.9805,-66.7118,2020-10-19,293,Wolves,,,81.0,8,complete.returns,,4Xs,4Xs
553405,2020-10-06,280,NB Coastal,44.94567,-66.7432,2020-10-19,293,Wolves,,,81.0,13,complete.returns,,4Xs,4Xs
552616,2020-10-06,280,NB Coastal,44.95083,-66.7407,2020-10-19,293,Wolves,,,81.0,13,complete.returns,,4Xs,4Xs
554077,2020-10-13,287,NB Coastal,44.98,-66.7138,2020-10-19,293,Wolves,,,81.0,6,complete.returns,,4Xs,4Xs
554050,2020-10-13,287,NB Coastal,44.98,-66.7138,2020-10-19,293,Wolves,,,81.0,6,complete.returns,,4Xs,4Xs
554834,2020-10-11,285,NB Coastal,44.9805,-66.7118,2020-10-19,293,Wolves,,,81.0,8,complete.returns,,4Xs,4Xs
552419,2020-10-06,280,NB Coastal,44.94533,-66.742,2020-10-19,293,Wolves,,,81.0,13,complete.returns,,4Xs,4Xs
552395,2020-10-06,280,NB Coastal,44.94533,-66.742,2020-10-19,293,Wolves,,,81.0,13,complete.returns,,4Xs,4Xs
552583,2020-10-06,280,NB Coastal,44.95083,-66.7407,2020-10-19,293,Wolves,,,81.0,13,complete.returns,,4Xs,4Xs
554877,2020-10-11,285,NB Coastal,44.9805,-66.7118,2020-10-19,293,Wolves,,,81.0,8,complete.returns,,4Xs,4Xs
552818,2020-10-06,280,NB Coastal,44.95083,-66.7407,2020-10-19,293,Wolves,,,81.0,13,complete.returns,,4Xs,4Xs
551063,2020-10-11,285,NB Coastal,44.9805,-66.7118,2020-10-19,293,Wolves,,,81.0,8,complete.returns,,4Xs,4Xs
552992,2020-10-06,280,NB Coastal,44.95083,-66.7407,2020-10-19,293,Wolves,,,81.0,13,complete.returns,,4Xs,4Xs
552939,2020-10-06,280,NB Coastal,44.95083,-66.7407,2020-10-19,293,Wolves,,,81.0,13,complete.returns,,4Xs,4Xs
554011,2020-10-13,287,NB Coastal,44.98,-66.7138,2020-10-19,293,Wolves,,,81.0,6,complete.returns,,4Xs,4Xs
557922,2023-07-06,187,Grand Manan,44.58166667,-66.59333333,2023-10-02,275,Wolves ,,,58.0,88,complete.returns,,4Xs,4Xs
556606,2023-07-03,184,Scots Bay,45.27555556,-64.9625,2023-10-02,275,Wolves ,,,58.0,91,complete.returns,,4Xr,4Xs
529121,2023-10-01,274,Grand Manan,44.63277778,-66.63972222,2023-10-16,289,Wolves ,,,143.0,15,complete.returns,,4Xs,4Xs
533931,2023-10-01,274,Grand Manan,44.65361111,-66.65333333,2023-10-16,289,Wolves ,,,143.0,15,complete.returns,,4Xs,4Xs
469895,2021-07-18,199,Scots Bay,45.30021667,-64.864,2021-07-21,202,,45.3135,-69.3723333333333,42.0,3,complete.returns,"45 18,81N 690 52,34W",4Xr,4
453405,2017-07-27,208,German Bank,43.43233333,-66.4178,2023-04-19,109,Scots Bay,,,,2092,2023TagReturns,,4Xq,4Xs
591121,2023-06-07,158,Scots Bay,45.28333333,-64.83333333,2023-06-08,159,Scots Bay,,,45.0,1,2023TagReturns,,4Xr,4Xs
593181,2023-06-20,171,Grand Manan Banks,44.2814,-66.96776667,2023-06-21,172,Grand Manan Banks,,,10.0,1,2023TagReturns,,5Yb,5Yb
468757,2023-07-01,182,Other,44.30111111,-62.28722222,2023-07-02,183,The Patch ,,,63.0,1,2023TagReturns,,4Wk,4Wk
497303,2023-06-12,163,Trinity,44.1,-66.48333333,2023-07-03,184,Scots Bay,,,63.0,21,2023TagReturns,,4Xr,4Xs
497202,2023-06-12,163,Trinity,44.1,-66.48333333,2023-07-03,184,Scots Bay,,,63.0,21,2023TagReturns,,4Xr,4Xs
508845,2023-07-04,185,Grand Manan,44.6,-66.55,2023-07-05,186,White Head,,,48.0,1,2023TagReturns,,4Xs,4Xr
593841,2023-06-22,173,Grand Manan Banks,44.29798333,-66.93935,2023-07-07,188,Grand Manan,,,125.0,15,2023TagReturns,,5Yb,4Xs
497450,2023-06-20,171,Grand Manan Banks,44.28333333,-66.95,2023-07-11,192,White Head,,,65.0,21,2023TagReturns,,5Yb,4Xr
509990,2023-07-10,191,Grand Manan,44.63333333,-66.63333333,2023-07-11,192,Grand Manan,,,20.0,1,2023TagReturns,,4Xs,4Xs
556394,2023-06-28,179,Grand Manan,44.64388889,-66.65,2023-07-11,192,Grand Manan,,,20.0,13,2023TagReturns,,4Xs,4Xs
557233,2023-07-05,186,Grand Manan,44.59305556,-66.58416667,2023-07-19,200,Grand Manan,,,95.0,14,2023TagReturns,AREA 1 GRAND MANAN,4Xs,4Xs
524812,2023-07-18,199,Grand Manan,44.60277778,-66.59166667,2023-07-20,201,Grand Manan,,,62.0,2,2023TagReturns,,4Xs,4Xs
501859,2023-06-26,177,Grand Manan,44.60116667,-66.59533333,2023-07-20,201,Grand Manan,,,46.0,24,2023TagReturns,AREA 1 GRAND MANAN,4Xs,4Xs
473477,2023-07-07,188,Grand Manan,44.58111111,-66.58416667,2023-07-21,202,White Head,,,48.0,14,2023TagReturns,,4Xs,4Xr
563741,2023-08-14,226,Long Island,44.34916667,-66.35805556,2023-08-23,235,Scots Bay,45.1,-65.05,134.0,9,2023TagReturns,,4Xr,4Xr
498720,2022-08-22,234,Scots Bay,45.1461,-64.99368333,2023-08-23,235,Scots Bay,45.1,-65.05,134.0,366,2023TagReturns,,4Xr,4Xr
563721,2023-08-14,226,Long Island,44.34916667,-66.35805556,2023-08-23,235,Scots Bay,45.1,-65.05,134.0,9,2023TagReturns,,4Xr,4Xr
563828,2023-08-20,232,Scots Bay,45.12166667,-65.05638889,2023-08-23,235,Scots Bay,45.1,-65.05,134.0,3,2023TagReturns,,4Xr,4Xr
563764,2023-08-20,232,Scots Bay,45.12166667,-65.05638889,2023-08-23,235,Scots Bay,45.1,-65.05,134.0,3,2023TagReturns,,4Xr,4Xr
563727,2023-08-14,226,Long Island,44.34916667,-66.35805556,2023-08-23,235,Scots Bay,45.1,-65.05,134.0,9,2023TagReturns,,4Xr,4Xr
563712,2023-08-14,226,Long Island,44.34916667,-66.35805556,2023-08-23,235,Scots Bay,45.1,-65.05,134.0,9,2023TagReturns,,4Xr,4Xr
563757,2023-08-20,232,Scots Bay,45.12166667,-65.05638889,2023-08-23,235,Scots Bay,45.1,-65.05,134.0,3,2023TagReturns,,4Xr,4Xr
563702,2023-08-14,226,Long Island,44.34916667,-66.35805556,2023-08-23,235,Scots Bay,45.1,-65.05,134.0,9,2023TagReturns,,4Xr,4Xr
471228,2023-08-21,233,German Bank,43.26611111,-66.37361111,2023-08-24,236,German Bank,,,60.0,3,2023TagReturns,,4Xq,4Xq
471237,2023-08-21,233,German Bank,43.26611111,-66.37361111,2023-08-24,236,Seal Island,,,20.0,3,2023TagReturns,,4Xq,4Xo
521280,2023-08-23,235,German Bank,43.38333333,-66.16666667,2023-08-24,236,Seal Island,,,20.0,1,2023TagReturns,,4Xq,4Xo
603551,2022-09-12,255,German Bank,43.23446667,-66.34903333,2023-08-28,240,Scots Bay,45.1333333333333,-65.05,107.0,350,2023TagReturns,,4Xq,4Xr
500644,2022-08-09,221,Scots Bay,45.16556667,-64.94023333,2023-08-29,241,Scots Bay,,,69.0,385,2023TagReturns,,4Xr,4Xs
564113,2023-08-28,240,Scots Bay,45.14111111,-65.05194444,2023-08-29,241,Scots Bay,,,69.0,1,2023TagReturns,,4Xr,4Xs
572422,2023-08-27,239,Scots Bay,45.13527778,-65.06972222,2023-08-29,241,Scots Bay,,,69.0,2,2023TagReturns,,4Xr,4Xs
572298,2023-08-27,239,Scots Bay,45.13527778,-65.06972222,2023-08-29,241,Scots Bay,,,69.0,2,2023TagReturns,,4Xr,4Xs
564084,2023-08-28,240,Scots Bay,45.14111111,-65.05194444,2023-08-29,241,Scots Bay,,,69.0,1,2023TagReturns,,4Xr,4Xs
564002,2023-08-28,240,Scots Bay,45.14111111,-65.05194444,2023-08-29,241,Scots Bay ,,,102.0,1,2023TagReturns,,4Xr,4Xs
564010,2023-08-28,240,Scots Bay,45.14111111,-65.05194444,2023-08-29,241,Scots Bay ,,,102.0,1,2023TagReturns,,4Xr,4Xs
502232,2022-08-24,236,Scots Bay,45.16295,-64.94386667,2023-08-29,241,Scots Bay,,,102.0,370,2023TagReturns,,4Xr,4Xs
572434,2023-08-27,239,Scots Bay,45.13527778,-65.06972222,2023-08-29,241,Scots Bay,,,102.0,2,2023TagReturns,,4Xr,4Xs
564167,2023-08-28,240,Scots Bay,45.14111111,-65.05194444,2023-08-29,241,Scots Bay,,,102.0,1,2023TagReturns,,4Xr,4Xs
564234,2023-08-28,240,Scots Bay,45.14111111,-65.05194444,2023-08-29,241,Scots Bay ,,,102.0,1,2023TagReturns,,4Xr,4Xs
563867,2023-08-20,232,Scots Bay,45.12166667,-65.05638889,2023-08-29,241,Scots Bay,,,34.0,9,2023TagReturns,Scots Bay (Area 8),4Xr,4Xs
564044,2023-08-28,240,Scots Bay,45.14111111,-65.05194444,2023-08-29,241,Scots Bay,,,34.0,1,2023TagReturns,Scots Bay (Area 8),4Xr,4Xs
564208,2023-08-28,240,Scots Bay,45.14111111,-65.05194444,2023-08-29,241,Scots Bay,,,34.0,1,2023TagReturns,Scots Bay (Area 8),4Xr,4Xs
572488,2023-08-27,239,Scots Bay,45.13527778,-65.06972222,2023-08-29,241,Scots Bay,,,34.0,2,2023TagReturns,Scots Bay (Area 8),4Xr,4Xs
564004,2023-08-28,240,Scots Bay,45.14111111,-65.05194444,2023-08-29,241,Scots Bay,,,17.0,1,2023TagReturns,Scots Bay (Area 8),4Xr,4Xs
572293,2023-08-27,239,Scots Bay,45.13527778,-65.06972222,2023-08-29,241,Scots Bay,,,17.0,2,2023TagReturns,Scots Bay (Area 8),4Xr,4Xs
471466,2023-08-28,240,Scots Bay,45.1925,-64.8775,2023-08-29,241,Scots Bay ,45.1833333333333,-65.05,29.0,1,2023TagReturns,,4Xr,4Xr
564145,2023-08-28,240,Scots Bay,45.14111111,-65.05194444,2023-08-29,241,Scots Bay ,45.1833333333333,-65.05,29.0,1,2023TagReturns,,4Xr,4Xr
572482,2023-08-27,239,Scots Bay,45.13527778,-65.06972222,2023-08-29,241,Scots Bay ,45.1833333333333,-65.05,29.0,2,2023TagReturns,,4Xr,4Xr
471259,2023-08-21,233,German Bank,43.26611111,-66.37361111,2023-08-29,241,Scots Bay ,45.1833333333333,-65.05,29.0,8,2023TagReturns,,4Xq,4Xr
471554,2023-08-28,240,Scots Bay,45.1925,-64.8775,2023-08-30,242,Scots Bay ,,,40.0,2,2023TagReturns,,4Xr,4Xs
572454,2023-08-27,239,Scots Bay,45.13527778,-65.06972222,2023-08-30,242,Scots Bay ,,,40.0,3,2023TagReturns,,4Xr,4Xs
564875,2023-08-28,240,Scots Bay,45.18027778,-64.95611111,2023-08-30,242,Scots Bay ,,,40.0,2,2023TagReturns,,4Xr,4Xs
564957,2023-08-28,240,Scots Bay,45.18027778,-64.95611111,2023-08-30,242,Scots Bay ,,,40.0,2,2023TagReturns,,4Xr,4Xs
564403,2023-08-29,241,Scots Bay,45.19805556,-64.85777778,2023-08-30,242,Scots Bay ,,,40.0,1,2023TagReturns,,4Xr,4Xs
471605,2023-08-28,240,Scots Bay,45.1925,-64.8775,2023-08-30,242,Scots Bay ,,,39.0,2,2023TagReturns,,4Xr,4Xs
471705,2023-08-28,240,Scots Bay,45.1633,-64.9931,2023-08-30,242,Scots Bay ,,,39.0,2,2023TagReturns,,4Xr,4Xs
564317,2023-08-29,241,Scots Bay,45.19805556,-64.85777778,2023-08-30,242,Scots Bay ,,,39.0,1,2023TagReturns,,4Xr,4Xs
564346,2023-08-29,241,Scots Bay,45.19805556,-64.85777778,2023-08-30,242,Scots Bay ,,,39.0,1,2023TagReturns,,4Xr,4Xs
572780,2023-08-29,241,German Bank,43.28722222,-66.38833333,2023-08-30,242,German Bank,,,63.0,1,2023TagReturns,German Bank (Area 7),4Xq,4Xq
471488,2023-08-28,240,Scots Bay,45.1925,-64.8775,2023-08-30,242,Scots Bay,,,74.0,2,2023TagReturns,Scots Bay (Area 8),4Xr,4Xs
471497,2023-08-28,240,Scots Bay,45.1925,-64.8775,2023-08-30,242,Scots Bay,,,74.0,2,2023TagReturns,Scots Bay (Area 8),4Xr,4Xs
471555,2023-08-28,240,Scots Bay,45.1925,-64.8775,2023-08-30,242,Scots Bay,,,74.0,2,2023TagReturns,Scots Bay (Area 8),4Xr,4Xs
471570,2023-08-28,240,Scots Bay,45.1925,-64.8775,2023-08-30,242,Scots Bay,,,74.0,2,2023TagReturns,Scots Bay (Area 8),4Xr,4Xs
471600,2023-08-28,240,Scots Bay,45.1925,-64.8775,2023-08-30,242,Scots Bay,,,74.0,2,2023TagReturns,Scots Bay (Area 8),4Xr,4Xs
471601,2023-08-28,240,Scots Bay,45.1925,-64.8775,2023-08-30,242,Scots Bay,,,74.0,2,2023TagReturns,Scots Bay (Area 8),4Xr,4Xs
471608,2023-08-28,240,Scots Bay,45.1925,-64.8775,2023-08-30,242,Scots Bay,,,74.0,2,2023TagReturns,Scots Bay (Area 8),4Xr,4Xs
471619,2023-08-28,240,Scots Bay,45.1925,-64.8775,2023-08-30,242,Scots Bay,,,74.0,2,2023TagReturns,Scots Bay (Area 8),4Xr,4Xs
471682,2023-08-28,240,Scots Bay,45.1633,-64.9931,2023-08-30,242,Scots Bay,,,74.0,2,2023TagReturns,Scots Bay (Area 8),4Xr,4Xs
564012,2023-08-28,240,Scots Bay,45.14111111,-65.05194444,2023-08-30,242,Scots Bay,,,74.0,2,2023TagReturns,Scots Bay (Area 8),4Xr,4Xs
564016,2023-08-28,240,Scots Bay,45.14111111,-65.05194444,2023-08-30,242,Scots Bay,,,74.0,2,2023TagReturns,Scots Bay (Area 8),4Xr,4Xs
564043,2023-08-28,240,Scots Bay,45.14111111,-65.05194444,2023-08-30,242,Scots Bay,,,74.0,2,2023TagReturns,Scots Bay (Area 8),4Xr,4Xs
564047,2023-08-28,240,Scots Bay,45.14111111,-65.05194444,2023-08-30,242,Scots Bay,,,74.0,2,2023TagReturns,Scots Bay (Area 8),4Xr,4Xs
564052,2023-08-28,240,Scots Bay,45.14111111,-65.05194444,2023-08-30,242,Scots Bay,,,74.0,2,2023TagReturns,Scots Bay (Area 8),4Xr,4Xs
564083,2023-08-28,240,Scots Bay,45.14111111,-65.05194444,2023-08-30,242,Scots Bay,,,74.0,2,2023TagReturns,Scots Bay (Area 8),4Xr,4Xs
564111,2023-08-28,240,Scots Bay,45.14111111,-65.05194444,2023-08-30,242,Scots Bay,,,74.0,2,2023TagReturns,Scots Bay (Area 8),4Xr,4Xs
564331,2023-08-29,241,Scots Bay,45.19805556,-64.85777778,2023-08-30,242,Scots Bay,,,74.0,1,2023TagReturns,Scots Bay (Area 8),4Xr,4Xs
564335,2023-08-29,241,Scots Bay,45.19805556,-64.85777778,2023-08-30,242,Scots Bay,,,74.0,1,2023TagReturns,Scots Bay (Area 8),4Xr,4Xs
564348,2023-08-29,241,Scots Bay,45.19805556,-64.85777778,2023-08-30,242,Scots Bay,,,74.0,1,2023TagReturns,Scots Bay (Area 8),4Xr,4Xs
564373,2023-08-29,241,Scots Bay,45.19805556,-64.85777778,2023-08-30,242,Scots Bay,,,74.0,1,2023TagReturns,Scots Bay (Area 8),4Xr,4Xs
564374,2023-08-29,241,Scots Bay,45.19805556,-64.85777778,2023-08-30,242,Scots Bay,,,74.0,1,2023TagReturns,Scots Bay (Area 8),4Xr,4Xs
564379,2023-08-29,241,Scots Bay,45.19805556,-64.85777778,2023-08-30,242,Scots Bay,,,74.0,1,2023TagReturns,Scots Bay (Area 8),4Xr,4Xs
564384,2023-08-29,241,Scots Bay,45.19805556,-64.85777778,2023-08-30,242,Scots Bay,,,74.0,1,2023TagReturns,Scots Bay (Area 8),4Xr,4Xs
564407,2023-08-29,241,Scots Bay,45.19805556,-64.85777778,2023-08-30,242,Scots Bay,,,74.0,1,2023TagReturns,Scots Bay (Area 8),4Xr,4Xs
564408,2023-08-29,241,Scots Bay,45.19805556,-64.85777778,2023-08-30,242,Scots Bay,,,74.0,1,2023TagReturns,Scots Bay (Area 8),4Xr,4Xs
564410,2023-08-29,241,Scots Bay,45.19805556,-64.85777778,2023-08-30,242,Scots Bay,,,74.0,1,2023TagReturns,Scots Bay (Area 8),4Xr,4Xs
564441,2023-08-29,241,Scots Bay,45.19805556,-64.85777778,2023-08-30,242,Scots Bay,,,74.0,1,2023TagReturns,Scots Bay (Area 8),4Xr,4Xs
564451,2023-08-29,241,Scots Bay,45.19805556,-64.85777778,2023-08-30,242,Scots Bay,,,74.0,1,2023TagReturns,Scots Bay (Area 8),4Xr,4Xs
564458,2023-08-29,241,Scots Bay,45.19805556,-64.85777778,2023-08-30,242,Scots Bay,,,74.0,1,2023TagReturns,Scots Bay (Area 8),4Xr,4Xs
564474,2023-08-29,241,Scots Bay,45.19805556,-64.85777778,2023-08-30,242,Scots Bay,,,74.0,1,2023TagReturns,Scots Bay (Area 8),4Xr,4Xs
564478,2023-08-29,241,Scots Bay,45.19805556,-64.85777778,2023-08-30,242,Scots Bay,,,74.0,1,2023TagReturns,Scots Bay (Area 8),4Xr,4Xs
564481,2023-08-29,241,Scots Bay,45.19805556,-64.85777778,2023-08-30,242,Scots Bay,,,74.0,1,2023TagReturns,Scots Bay (Area 8),4Xr,4Xs
564494,2023-08-29,241,Scots Bay,45.19805556,-64.85777778,2023-08-30,242,Scots Bay,,,74.0,1,2023TagReturns,Scots Bay (Area 8),4Xr,4Xs
564500,2023-08-29,241,Scots Bay,45.19805556,-64.85777778,2023-08-30,242,Scots Bay,,,74.0,1,2023TagReturns,Scots Bay (Area 8),4Xr,4Xs
564513,2023-08-29,241,Scots Bay,45.19805556,-64.85777778,2023-08-30,242,Scots Bay,,,74.0,1,2023TagReturns,Scots Bay (Area 8),4Xr,4Xs
564550,2023-08-29,241,Scots Bay,45.19805556,-64.85777778,2023-08-30,242,Scots Bay,,,74.0,1,2023TagReturns,Scots Bay (Area 8),4Xr,4Xs
564553,2023-08-29,241,Scots Bay,45.19805556,-64.85777778,2023-08-30,242,Scots Bay,,,74.0,1,2023TagReturns,Scots Bay (Area 8),4Xr,4Xs
564555,2023-08-29,241,Scots Bay,45.19805556,-64.85777778,2023-08-30,242,Scots Bay,,,74.0,1,2023TagReturns,Scots Bay (Area 8),4Xr,4Xs
564571,2023-08-29,241,Scots Bay,45.19805556,-64.85777778,2023-08-30,242,Scots Bay,,,74.0,1,2023TagReturns,Scots Bay (Area 8),4Xr,4Xs
564575,2023-08-29,241,Scots Bay,45.19805556,-64.85777778,2023-08-30,242,Scots Bay,,,74.0,1,2023TagReturns,Scots Bay (Area 8),4Xr,4Xs
564578,2023-08-29,241,Scots Bay,45.19805556,-64.85777778,2023-08-30,242,Scots Bay,,,74.0,1,2023TagReturns,Scots Bay (Area 8),4Xr,4Xs
564579,2023-08-29,241,Scots Bay,45.19805556,-64.85777778,2023-08-30,242,Scots Bay,,,74.0,1,2023TagReturns,Scots Bay (Area 8),4Xr,4Xs
564595,2023-08-29,241,Scots Bay,45.19805556,-64.85777778,2023-08-30,242,Scots Bay,,,74.0,1,2023TagReturns,Scots Bay (Area 8),4Xr,4Xs
564597,2023-08-29,241,Scots Bay,45.19805556,-64.85777778,2023-08-30,242,Scots Bay,,,74.0,1,2023TagReturns,Scots Bay (Area 8),4Xr,4Xs
564605,2023-08-29,241,Scots Bay,45.19805556,-64.85777778,2023-08-30,242,Scots Bay,,,74.0,1,2023TagReturns,Scots Bay (Area 8),4Xr,4Xs
564611,2023-08-29,241,Scots Bay,45.19805556,-64.85777778,2023-08-30,242,Scots Bay,,,74.0,1,2023TagReturns,Scots Bay (Area 8),4Xr,4Xs
564630,2023-08-29,241,Scots Bay,45.19805556,-64.85777778,2023-08-30,242,Scots Bay,,,74.0,1,2023TagReturns,Scots Bay (Area 8),4Xr,4Xs
564632,2023-08-29,241,Scots Bay,45.19805556,-64.85777778,2023-08-30,242,Scots Bay,,,74.0,1,2023TagReturns,Scots Bay (Area 8),4Xr,4Xs
564635,2023-08-29,241,Scots Bay,45.19805556,-64.85777778,2023-08-30,242,Scots Bay,,,74.0,1,2023TagReturns,Scots Bay (Area 8),4Xr,4Xs
564647,2023-08-29,241,Scots Bay,45.19805556,-64.85777778,2023-08-30,242,Scots Bay,,,74.0,1,2023TagReturns,Scots Bay (Area 8),4Xr,4Xs
564651,2023-08-28,240,Scots Bay,45.18027778,-64.95611111,2023-08-30,242,Scots Bay,,,74.0,2,2023TagReturns,Scots Bay (Area 8),4Xr,4Xs
564659,2023-08-28,240,Scots Bay,45.18027778,-64.95611111,2023-08-30,242,Scots Bay,,,74.0,2,2023TagReturns,Scots Bay (Area 8),4Xr,4Xs
564706,2023-08-28,240,Scots Bay,45.18027778,-64.95611111,2023-08-30,242,Scots Bay,,,74.0,2,2023TagReturns,Scots Bay (Area 8),4Xr,4Xs
564710,2023-08-28,240,Scots Bay,45.18027778,-64.95611111,2023-08-30,242,Scots Bay,,,74.0,2,2023TagReturns,Scots Bay (Area 8),4Xr,4Xs
564722,2023-08-28,240,Scots Bay,45.18027778,-64.95611111,2023-08-30,242,Scots Bay,,,74.0,2,2023TagReturns,Scots Bay (Area 8),4Xr,4Xs
564744,2023-08-28,240,Scots Bay,45.18027778,-64.95611111,2023-08-30,242,Scots Bay,,,74.0,2,2023TagReturns,Scots Bay (Area 8),4Xr,4Xs
564747,2023-08-28,240,Scots Bay,45.18027778,-64.95611111,2023-08-30,242,Scots Bay,,,74.0,2,2023TagReturns,Scots Bay (Area 8),4Xr,4Xs
564748,2023-08-28,240,Scots Bay,45.18027778,-64.95611111,2023-08-30,242,Scots Bay,,,74.0,2,2023TagReturns,Scots Bay (Area 8),4Xr,4Xs
564763,2023-08-28,240,Scots Bay,45.18027778,-64.95611111,2023-08-30,242,Scots Bay,,,74.0,2,2023TagReturns,Scots Bay (Area 8),4Xr,4Xs
564778,2023-08-28,240,Scots Bay,45.18027778,-64.95611111,2023-08-30,242,Scots Bay,,,74.0,2,2023TagReturns,Scots Bay (Area 8),4Xr,4Xs
564780,2023-08-28,240,Scots Bay,45.18027778,-64.95611111,2023-08-30,242,Scots Bay,,,74.0,2,2023TagReturns,Scots Bay (Area 8),4Xr,4Xs
564785,2023-08-28,240,Scots Bay,45.18027778,-64.95611111,2023-08-30,242,Scots Bay,,,74.0,2,2023TagReturns,Scots Bay (Area 8),4Xr,4Xs
564809,2023-08-28,240,Scots Bay,45.18027778,-64.95611111,2023-08-30,242,Scots Bay,,,74.0,2,2023TagReturns,Scots Bay (Area 8),4Xr,4Xs
564813,2023-08-28,240,Scots Bay,45.18027778,-64.95611111,2023-08-30,242,Scots Bay,,,74.0,2,2023TagReturns,Scots Bay (Area 8),4Xr,4Xs
564814,2023-08-28,240,Scots Bay,45.18027778,-64.95611111,2023-08-30,242,Scots Bay,,,74.0,2,2023TagReturns,Scots Bay (Area 8),4Xr,4Xs
564826,2023-08-28,240,Scots Bay,45.18027778,-64.95611111,2023-08-30,242,Scots Bay,,,74.0,2,2023TagReturns,Scots Bay (Area 8),4Xr,4Xs
564838,2023-08-28,240,Scots Bay,45.18027778,-64.95611111,2023-08-30,242,Scots Bay,,,74.0,2,2023TagReturns,Scots Bay (Area 8),4Xr,4Xs
564879,2023-08-28,240,Scots Bay,45.18027778,-64.95611111,2023-08-30,242,Scots Bay,,,74.0,2,2023TagReturns,Scots Bay (Area 8),4Xr,4Xs
564895,2023-08-28,240,Scots Bay,45.18027778,-64.95611111,2023-08-30,242,Scots Bay,,,74.0,2,2023TagReturns,Scots Bay (Area 8),4Xr,4Xs
564904,2023-08-28,240,Scots Bay,45.18027778,-64.95611111,2023-08-30,242,Scots Bay,,,74.0,2,2023TagReturns,Scots Bay (Area 8),4Xr,4Xs
564941,2023-08-28,240,Scots Bay,45.18027778,-64.95611111,2023-08-30,242,Scots Bay,,,74.0,2,2023TagReturns,Scots Bay (Area 8),4Xr,4Xs
564943,2023-08-28,240,Scots Bay,45.18027778,-64.95611111,2023-08-30,242,Scots Bay,,,74.0,2,2023TagReturns,Scots Bay (Area 8),4Xr,4Xs
564951,2023-08-28,240,Scots Bay,45.18027778,-64.95611111,2023-08-30,242,Scots Bay,,,74.0,2,2023TagReturns,Scots Bay (Area 8),4Xr,4Xs
564967,2023-08-28,240,Scots Bay,45.18027778,-64.95611111,2023-08-30,242,Scots Bay,,,74.0,2,2023TagReturns,Scots Bay (Area 8),4Xr,4Xs
564978,2023-08-28,240,Scots Bay,45.18027778,-64.95611111,2023-08-30,242,Scots Bay,,,74.0,2,2023TagReturns,Scots Bay (Area 8),4Xr,4Xs
564979,2023-08-28,240,Scots Bay,45.18027778,-64.95611111,2023-08-30,242,Scots Bay,,,74.0,2,2023TagReturns,Scots Bay (Area 8),4Xr,4Xs
564980,2023-08-28,240,Scots Bay,45.18027778,-64.95611111,2023-08-30,242,Scots Bay,,,74.0,2,2023TagReturns,Scots Bay (Area 8),4Xr,4Xs
569033,2023-08-29,241,Scots Bay,45.15777778,-65.03361111,2023-08-30,242,Scots Bay,,,74.0,1,2023TagReturns,Scots Bay (Area 8),4Xr,4Xs
569034,2023-08-29,241,Scots Bay,45.15777778,-65.03361111,2023-08-30,242,Scots Bay,,,74.0,1,2023TagReturns,Scots Bay (Area 8),4Xr,4Xs
569050,2023-08-29,241,Scots Bay,45.15777778,-65.03361111,2023-08-30,242,Scots Bay,,,74.0,1,2023TagReturns,Scots Bay (Area 8),4Xr,4Xs
569054,2023-08-29,241,Scots Bay,45.15777778,-65.03361111,2023-08-30,242,Scots Bay,,,74.0,1,2023TagReturns,Scots Bay (Area 8),4Xr,4Xs
569151,2023-08-29,241,Scots Bay,45.15777778,-65.03361111,2023-08-30,242,Scots Bay,,,74.0,1,2023TagReturns,Scots Bay (Area 8),4Xr,4Xs
572406,2023-08-27,239,Scots Bay,45.13527778,-65.06972222,2023-08-30,242,Scots Bay,,,74.0,3,2023TagReturns,Scots Bay (Area 8),4Xr,4Xs
572412,2023-08-27,239,Scots Bay,45.13527778,-65.06972222,2023-08-30,242,Scots Bay,,,74.0,3,2023TagReturns,Scots Bay (Area 8),4Xr,4Xs
572419,2023-08-27,239,Scots Bay,45.13527778,-65.06972222,2023-08-30,242,Scots Bay,,,74.0,3,2023TagReturns,Scots Bay (Area 8),4Xr,4Xs
572438,2023-08-27,239,Scots Bay,45.13527778,-65.06972222,2023-08-30,242,Scots Bay,,,74.0,3,2023TagReturns,Scots Bay (Area 8),4Xr,4Xs
572460,2023-08-27,239,Scots Bay,45.13527778,-65.06972222,2023-08-30,242,Scots Bay,,,74.0,3,2023TagReturns,Scots Bay (Area 8),4Xr,4Xs
564713,2023-08-28,240,Scots Bay,45.18027778,-64.95611111,2023-08-30,242,Scots Bay ,45.1833333333333,-64.8833333333333,32.0,2,2023TagReturns,,4Xr,4Xr
564637,2023-08-29,241,Scots Bay,45.19805556,-64.85777778,2023-08-30,242,Scots Bay ,45.1833333333333,-64.8833333333333,32.0,1,2023TagReturns,,4Xr,4Xr
564334,2023-08-29,241,Scots Bay,45.19805556,-64.85777778,2023-08-30,242,Scots Bay ,45.1833333333333,-64.8833333333333,32.0,1,2023TagReturns,,4Xr,4Xr
564312,2023-08-29,241,Scots Bay,45.19805556,-64.85777778,2023-08-30,242,Scots Bay ,45.1833333333333,-64.8833333333333,32.0,1,2023TagReturns,,4Xr,4Xr
564783,2023-08-28,240,Scots Bay,45.18027778,-64.95611111,2023-08-30,242,Scots Bay ,45.1833333333333,-64.8833333333333,32.0,2,2023TagReturns,,4Xr,4Xr
564604,2023-08-29,241,Scots Bay,45.19805556,-64.85777778,2023-08-30,242,Scots Bay ,45.1833333333333,-64.8833333333333,32.0,1,2023TagReturns,,4Xr,4Xr
564864,2023-08-28,240,Scots Bay,45.18027778,-64.95611111,2023-08-30,242,Scots Bay ,45.1833333333333,-64.8833333333333,32.0,2,2023TagReturns,,4Xr,4Xr
564417,2023-08-29,241,Scots Bay,45.19805556,-64.85777778,2023-08-30,242,Scots Bay ,45.1833333333333,-64.8833333333333,32.0,1,2023TagReturns,,4Xr,4Xr
564764,2023-08-28,240,Scots Bay,45.18027778,-64.95611111,2023-08-30,242,Scots Bay ,45.1833333333333,-64.8833333333333,32.0,2,2023TagReturns,,4Xr,4Xr
564554,2023-08-29,241,Scots Bay,45.19805556,-64.85777778,2023-08-30,242,Scots Bay ,45.1833333333333,-64.8833333333333,32.0,1,2023TagReturns,,4Xr,4Xr
564761,2023-08-28,240,Scots Bay,45.18027778,-64.95611111,2023-08-30,242,Scots Bay ,45.1833333333333,-64.8833333333333,32.0,2,2023TagReturns,,4Xr,4Xr
564463,2023-08-29,241,Scots Bay,45.19805556,-64.85777778,2023-08-30,242,Scots Bay ,45.1833333333333,-64.8833333333333,32.0,1,2023TagReturns,,4Xr,4Xr
473112,2022-09-07,250,Scots Bay,45.19678333,-64.88591667,2023-08-30,242,Scots Bay ,45.1833333333333,-64.8833333333333,32.0,357,2023TagReturns,,4Xr,4Xr
471616,2023-08-28,240,Scots Bay,45.1925,-64.8775,2023-08-30,242,Scots Bay ,45.1833333333333,-64.8833333333333,32.0,2,2023TagReturns,,4Xr,4Xr
564411,2023-08-29,241,Scots Bay,45.19805556,-64.85777778,2023-08-30,242,Scots Bay ,45.1833333333333,-64.8833333333333,32.0,1,2023TagReturns,,4Xr,4Xr
564358,2023-08-29,241,Scots Bay,45.19805556,-64.85777778,2023-08-30,242,Scots Bay ,45.1833333333333,-64.8833333333333,32.0,1,2023TagReturns,,4Xr,4Xr
471558,2023-08-28,240,Scots Bay,45.1925,-64.8775,2023-08-30,242,Scots Bay ,45.1833333333333,-64.8833333333333,32.0,2,2023TagReturns,,4Xr,4Xr
572251,2023-08-27,239,Scots Bay,45.13527778,-65.06972222,2023-08-31,243,Northeast Bank,,,26.0,4,2023TagReturns,,4Xr,
564061,2023-08-28,240,Scots Bay,45.14111111,-65.05194444,2023-08-31,243,Northeast Bank,,,26.0,3,2023TagReturns,,4Xr,
473086,2022-09-07,250,Scots Bay,45.19678333,-64.88591667,2023-08-31,243,Northeast Bank,,,26.0,358,2023TagReturns,,4Xr,
567119,2023-08-29,241,Scots Bay,45.20138889,-64.88638889,2023-08-31,243,Northeast Bank,,,26.0,2,2023TagReturns,,4Xr,
593116,2023-06-20,171,Grand Manan Banks,44.2814,-66.96776667,2023-09-01,244,Northeast Bank,,,66.0,73,2023TagReturns,,5Yb,
501835,2023-06-25,176,Grand Manan Banks,44.256,-67.01266667,2023-09-01,244,Northeast Bank,,,66.0,68,2023TagReturns,,5Yb,
577051,2023-08-30,242,German Bank,43.25305556,-66.345,2023-09-01,244,German Bank,,,84.0,2,2023TagReturns,,4Xq,4Xq
577064,2023-08-30,242,German Bank,43.25305556,-66.345,2023-09-01,244,German Bank,,,84.0,2,2023TagReturns,,4Xq,4Xq
569215,2023-08-29,241,Scots Bay,45.18972222,-64.92277778,2023-09-01,244,German Bank,,,,3,2023TagReturns,,4Xr,4Xq
569032,2023-08-29,241,Scots Bay,45.15777778,-65.03361111,2023-09-01,244,German Bank,,,,3,2023TagReturns,,4Xr,4Xq
564460,2023-08-29,241,Scots Bay,45.19805556,-64.85777778,2023-09-01,244,German Bank,,,,3,2023TagReturns,,4Xr,4Xq
564341,2023-08-29,241,Scots Bay,45.19805556,-64.85777778,2023-09-01,244,German Bank,,,,3,2023TagReturns,,4Xr,4Xq
577024,2023-08-30,242,German Bank,43.25305556,-66.345,2023-09-05,248,German Bank,,,116.0,6,2023TagReturns,,4Xq,4Xq
467003,2022-08-29,241,German Bank,43.28333333,-66.37416667,2023-09-05,248,German Bank,,,116.0,372,2023TagReturns,,4Xq,4Xq
577080,2023-08-30,242,German Bank,43.25305556,-66.345,2023-09-05,248,German Bank,,,116.0,6,2023TagReturns,,4Xq,4Xq
498467,2022-08-16,228,German Bank,43.34535,-66.44735,2023-09-05,248,German Bank,,,116.0,385,2023TagReturns,,4Xq,4Xq
577167,2023-08-31,243,German Bank,43.28888889,-66.42055556,2023-09-05,248,German Bank,,,116.0,5,2023TagReturns,,4Xq,4Xq
567423,2023-09-03,246,German Bank,43.27138889,-66.37361111,2023-09-05,248,German Bank ,,,216.0,2,2023TagReturns,,4Xq,4Xq
577188,2023-08-31,243,German Bank,43.28888889,-66.42055556,2023-09-05,248,German Bank ,,,145.0,5,2023TagReturns,,4Xq,4Xq
577204,2023-08-31,243,German Bank,43.28888889,-66.42055556,2023-09-05,248,German Bank,,,78.0,5,2023TagReturns,,4Xq,4Xq
577295,2023-08-31,243,German Bank,43.28888889,-66.42055556,2023-09-05,248,German Bank,,,37.0,5,2023TagReturns,,4Xq,4Xq
567083,2023-08-29,241,Scots Bay,45.20138889,-64.88638889,2023-09-05,248,Seal Island,43.2666666666667,-66.35,185.0,7,2023TagReturns,Used FM as it had the biggest catch that day of connors boats.,4Xr,4Xq
577472,2023-09-04,247,German Bank,43.25972222,-66.37611111,2023-09-05,248,Seal Island,43.2666666666667,-66.35,185.0,1,2023TagReturns,Used FM as it had the biggest catch that day of connors boats.,4Xq,4Xq
567442,2023-09-03,246,German Bank,43.27138889,-66.37361111,2023-09-05,248,Seal Island,43.2666666666667,-66.35,185.0,2,2023TagReturns,Used FM as it had the biggest catch that day of connors boats.,4Xq,4Xq
564416,2023-08-29,241,Scots Bay,45.19805556,-64.85777778,2023-09-05,248,Seal Island,43.2666666666667,-66.35,185.0,7,2023TagReturns,Used FM as it had the biggest catch that day of connors boats.,4Xr,4Xq
567465,2023-09-03,246,German Bank,43.27138889,-66.37361111,2023-09-05,248,Seal Island,43.2666666666667,-66.35,185.0,2,2023TagReturns,Used FM as it had the biggest catch that day of connors boats.,4Xq,4Xq
564456,2023-08-29,241,Scots Bay,45.19805556,-64.85777778,2023-09-05,248,Seal Island,43.2666666666667,-66.35,185.0,7,2023TagReturns,Used FM as it had the biggest catch that day of connors boats.,4Xr,4Xq
564640,2023-08-29,241,Scots Bay,45.19805556,-64.85777778,2023-09-05,248,Seal Island,43.2666666666667,-66.35,185.0,7,2023TagReturns,Used FM as it had the biggest catch that day of connors boats.,4Xr,4Xq
564349,2023-08-29,241,Scots Bay,45.19805556,-64.85777778,2023-09-05,248,Seal Island,43.2666666666667,-66.35,185.0,7,2023TagReturns,Used FM as it had the biggest catch that day of connors boats.,4Xr,4Xq
578643,2023-09-04,247,German Bank,43.25305556,-66.36638889,2023-09-06,249,German Bank,,,102.0,2,2023TagReturns,,4Xq,4Xq
532001,2023-09-04,247,German Bank,43.25,-66.35,2023-09-06,249,German Bank,,,102.0,2,2023TagReturns,,4Xq,4Xq
567542,2023-09-03,246,German Bank,43.27138889,-66.37361111,2023-09-06,249,German Bank,,,102.0,3,2023TagReturns,,4Xq,4Xq
578658,2023-09-04,247,German Bank,43.25305556,-66.36638889,2023-09-06,249,German Bank,,,102.0,2,2023TagReturns,,4Xq,4Xq
577160,2023-08-31,243,German Bank,43.28888889,-66.42055556,2023-09-06,249,German Bank,,,98.0,6,2023TagReturns,,4Xq,4Xq
577260,2023-08-31,243,German Bank,43.28888889,-66.42055556,2023-09-06,249,German Bank,,,98.0,6,2023TagReturns,,4Xq,4Xq
532020,2023-09-04,247,German Bank,43.25,-66.35,2023-09-06,249,German Bank,,,102.0,2,2023TagReturns,,4Xq,4Xq
567576,2023-09-03,246,German Bank,43.27138889,-66.37361111,2023-09-06,249,German Bank,,,102.0,3,2023TagReturns,,4Xq,4Xq
567454,2023-09-03,246,German Bank,43.27138889,-66.37361111,2023-09-06,249,German Bank,,,102.0,3,2023TagReturns,,4Xq,4Xq
532029,2023-09-04,247,German Bank,43.25,-66.35,2023-09-06,249,German Bank,,,102.0,2,2023TagReturns,,4Xq,4Xq
532110,2023-09-04,247,German Bank,43.25,-66.35,2023-09-06,249,German Bank,,,102.0,2,2023TagReturns,,4Xq,4Xq
567443,2023-09-03,246,German Bank,43.27138889,-66.37361111,2023-09-06,249,German Bank,,,102.0,3,2023TagReturns,,4Xq,4Xq
567494,2023-09-03,246,German Bank,43.27138889,-66.37361111,2023-09-06,249,German Bank,,,102.0,3,2023TagReturns,,4Xq,4Xq
567475,2023-09-03,246,German Bank,43.27138889,-66.37361111,2023-09-06,249,German Bank,,,102.0,3,2023TagReturns,,4Xq,4Xq
577724,2023-09-04,247,German Bank,43.25055556,-66.38055556,2023-09-06,249,German Bank,,,102.0,2,2023TagReturns,,4Xq,4Xq
528099,2023-09-05,248,German Bank,43.26666667,-66.36638889,2023-09-06,249,German Bank,,,102.0,1,2023TagReturns,,4Xq,4Xq
567624,2023-09-03,246,German Bank,43.27138889,-66.37361111,2023-09-06,249,German Bank,,,102.0,3,2023TagReturns,,4Xq,4Xq
567481,2023-09-03,246,German Bank,43.27138889,-66.37361111,2023-09-06,249,German Bank,,,102.0,3,2023TagReturns,,4Xq,4Xq
577411,2023-09-04,247,German Bank,43.25972222,-66.37611111,2023-09-06,249,German Bank,,,102.0,2,2023TagReturns,,4Xq,4Xq
567373,2023-09-03,246,German Bank,43.27138889,-66.37361111,2023-09-06,249,German Bank,,,148.0,3,2023TagReturns,,4Xq,4Xq
567462,2023-09-03,246,German Bank,43.27138889,-66.37361111,2023-09-06,249,German Bank,,,148.0,3,2023TagReturns,,4Xq,4Xq
567466,2023-09-03,246,German Bank,43.27138889,-66.37361111,2023-09-06,249,German Bank,,,148.0,3,2023TagReturns,,4Xq,4Xq
567515,2023-09-03,246,German Bank,43.27138889,-66.37361111,2023-09-06,249,German Bank,,,148.0,3,2023TagReturns,,4Xq,4Xq
567641,2023-09-03,246,German Bank,43.27138889,-66.37361111,2023-09-06,249,German Bank,,,148.0,3,2023TagReturns,,4Xq,4Xq
567648,2023-09-03,246,German Bank,43.27138889,-66.37361111,2023-09-06,249,German Bank,,,148.0,3,2023TagReturns,,4Xq,4Xq
577351,2023-09-04,247,German Bank,43.25972222,-66.37611111,2023-09-06,249,German Bank,,,148.0,2,2023TagReturns,,4Xq,4Xq
577577,2023-09-04,247,German Bank,43.25055556,-66.38055556,2023-09-06,249,German Bank,,,148.0,2,2023TagReturns,,4Xq,4Xq
567570,2023-09-03,246,German Bank,43.27138889,-66.37361111,2023-09-06,249,German Bank,43.25,-66.3833333333333,122.0,3,2023TagReturns,Used BP as it had the biggest catch that day of connors boats.,4Xq,4Xq
567207,2023-08-29,241,Scots Bay,45.20138889,-64.88638889,2023-09-06,249,German Bank,43.25,-66.3833333333333,122.0,8,2023TagReturns,Used BP as it had the biggest catch that day of connors boats.,4Xr,4Xq
500940,2022-08-10,222,Scots Bay,45.18843333,-64.88335,2023-09-06,249,German Bank,43.25,-66.3833333333333,122.0,392,2023TagReturns,Used BP as it had the biggest catch that day of connors boats.,4Xr,4Xq
471823,2023-08-29,241,Scots Bay,45.21111111,-64.8225,2023-09-06,249,German Bank,43.25,-66.3833333333333,122.0,8,2023TagReturns,Used BP as it had the biggest catch that day of connors boats.,4Xr,4Xq
569073,2023-08-29,241,Scots Bay,45.15777778,-65.03361111,2023-09-06,249,German Bank,43.25,-66.3833333333333,122.0,8,2023TagReturns,Used BP as it had the biggest catch that day of connors boats.,4Xr,4Xq
471652,2023-08-28,240,Scots Bay,45.1633,-64.9931,2023-09-06,249,German Bank,43.25,-66.3833333333333,122.0,9,2023TagReturns,Used BP as it had the biggest catch that day of connors boats.,4Xr,4Xq
528138,2023-09-05,248,German Bank,43.26666667,-66.36638889,2023-09-07,250,German Bank,,,110.0,2,2023TagReturns,,4Xq,4Xq
567369,2023-09-03,246,German Bank,43.27138889,-66.37361111,2023-09-07,250,German Bank,,,110.0,4,2023TagReturns,,4Xq,4Xq
577185,2023-08-31,243,German Bank,43.28888889,-66.42055556,2023-09-07,250,German Bank,,,110.0,7,2023TagReturns,,4Xq,4Xq
528133,2023-09-05,248,German Bank,43.26666667,-66.36638889,2023-09-07,250,German Bank,,,110.0,2,2023TagReturns,,4Xq,4Xq
567416,2023-09-03,246,German Bank,43.27138889,-66.37361111,2023-09-07,250,German Bank,,,110.0,4,2023TagReturns,,4Xq,4Xq
578599,2023-09-04,247,German Bank,43.25305556,-66.36638889,2023-09-07,250,German Bank,,,110.0,3,2023TagReturns,,4Xq,4Xq
567141,2023-08-29,241,Scots Bay,45.20138889,-64.88638889,2023-09-07,250,Scots Bay,,,129.0,9,2023TagReturns,,4Xr,4Xs
567191,2023-08-29,241,Scots Bay,45.20138889,-64.88638889,2023-09-07,250,Scots Bay,,,129.0,9,2023TagReturns,,4Xr,4Xs
498755,2022-08-22,234,Scots Bay,45.1461,-64.99368333,2023-09-07,250,Scots Bay,,,129.0,381,2023TagReturns,,4Xr,4Xs
567187,2023-08-29,241,Scots Bay,45.20138889,-64.88638889,2023-09-07,250,Scots Bay,,,129.0,9,2023TagReturns,,4Xr,4Xs
564948,2023-08-28,240,Scots Bay,45.18027778,-64.95611111,2023-09-07,250,Scots Bay,,,129.0,10,2023TagReturns,,4Xr,4Xs
564390,2023-08-29,241,Scots Bay,45.19805556,-64.85777778,2023-09-07,250,Scots Bay,,,129.0,9,2023TagReturns,,4Xr,4Xs
567283,2023-08-29,241,Scots Bay,45.20138889,-64.88638889,2023-09-07,250,Scots Bay,,,129.0,9,2023TagReturns,,4Xr,4Xs
567195,2023-08-29,241,Scots Bay,45.20138889,-64.88638889,2023-09-07,250,Scots Bay,,,129.0,9,2023TagReturns,,4Xr,4Xs
564552,2023-08-29,241,Scots Bay,45.19805556,-64.85777778,2023-09-07,250,Scots Bay,,,129.0,9,2023TagReturns,,4Xr,4Xs
564006,2023-08-28,240,Scots Bay,45.14111111,-65.05194444,2023-09-07,250,Scots Bay,,,129.0,10,2023TagReturns,,4Xr,4Xs
567124,2023-08-29,241,Scots Bay,45.20138889,-64.88638889,2023-09-07,250,Scots Bay,,,129.0,9,2023TagReturns,,4Xr,4Xs
471801,2023-08-29,241,Scots Bay,45.21111111,-64.8225,2023-09-07,250,Scots Bay,,,129.0,9,2023TagReturns,,4Xr,4Xs
569083,2023-08-29,241,Scots Bay,45.15777778,-65.03361111,2023-09-07,250,Scots Bay,,,129.0,9,2023TagReturns,,4Xr,4Xs
471782,2023-08-29,241,Scots Bay,45.21111111,-64.8225,2023-09-07,250,Scots Bay,,,129.0,9,2023TagReturns,,4Xr,4Xs
471864,2023-08-29,241,Scots Bay,45.21111111,-64.8225,2023-09-07,250,Scots Bay,,,129.0,9,2023TagReturns,,4Xr,4Xs
564001,2023-08-28,240,Scots Bay,45.14111111,-65.05194444,2023-09-07,250,Scots Bay,,,129.0,10,2023TagReturns,,4Xr,4Xs
564177,2023-08-28,240,Scots Bay,45.14111111,-65.05194444,2023-09-07,250,Scots Bay,,,129.0,10,2023TagReturns,,4Xr,4Xs
471882,2023-08-29,241,Scots Bay,45.21111111,-64.8225,2023-09-07,250,Scots Bay,,,129.0,9,2023TagReturns,,4Xr,4Xs
567276,2023-08-29,241,Scots Bay,45.20138889,-64.88638889,2023-09-07,250,Scots Bay,,,129.0,9,2023TagReturns,,4Xr,4Xs
567190,2023-08-29,241,Scots Bay,45.20138889,-64.88638889,2023-09-07,250,Scots Bay,,,129.0,9,2023TagReturns,,4Xr,4Xs
471828,2023-08-29,241,Scots Bay,45.21111111,-64.8225,2023-09-07,250,Scots Bay,,,129.0,9,2023TagReturns,,4Xr,4Xs
564522,2023-08-29,241,Scots Bay,45.19805556,-64.85777778,2023-09-07,250,Scots Bay,,,129.0,9,2023TagReturns,,4Xr,4Xs
567159,2023-08-29,241,Scots Bay,45.20138889,-64.88638889,2023-09-07,250,Scots Bay,,,129.0,9,2023TagReturns,,4Xr,4Xs
564576,2023-08-29,241,Scots Bay,45.19805556,-64.85777778,2023-09-07,250,Scots Bay,,,129.0,9,2023TagReturns,,4Xr,4Xs
564150,2023-08-28,240,Scots Bay,45.14111111,-65.05194444,2023-09-07,250,Scots Bay,,,129.0,10,2023TagReturns,,4Xr,4Xs
564538,2023-08-29,241,Scots Bay,45.19805556,-64.85777778,2023-09-07,250,Scots Bay,,,129.0,9,2023TagReturns,,4Xr,4Xs
564414,2023-08-29,241,Scots Bay,45.19805556,-64.85777778,2023-09-07,250,Scots Bay,,,129.0,9,2023TagReturns,,4Xr,4Xs
567092,2023-08-29,241,Scots Bay,45.20138889,-64.88638889,2023-09-07,250,Scots Bay,,,129.0,9,2023TagReturns,,4Xr,4Xs
471740,2023-08-29,241,Scots Bay,45.21111111,-64.8225,2023-09-07,250,Scots Bay,,,129.0,9,2023TagReturns,,4Xr,4Xs
471820,2023-08-29,241,Scots Bay,45.21111111,-64.8225,2023-09-07,250,Scots Bay,,,129.0,9,2023TagReturns,,4Xr,4Xs
471816,2023-08-29,241,Scots Bay,45.21111111,-64.8225,2023-09-07,250,Scots Bay,,,129.0,9,2023TagReturns,,4Xr,4Xs
567225,2023-08-29,241,Scots Bay,45.20138889,-64.88638889,2023-09-07,250,Scots Bay,,,129.0,9,2023TagReturns,,4Xr,4Xs
564846,2023-08-28,240,Scots Bay,45.18027778,-64.95611111,2023-09-07,250,Scots Bay,,,129.0,10,2023TagReturns,,4Xr,4Xs
471641,2023-08-28,240,Scots Bay,45.1633,-64.9931,2023-09-07,250,Scots Bay,,,129.0,10,2023TagReturns,,4Xr,4Xs
471766,2023-08-29,241,Scots Bay,45.21111111,-64.8225,2023-09-07,250,Scots Bay,,,129.0,9,2023TagReturns,,4Xr,4Xs
564193,2023-08-28,240,Scots Bay,45.14111111,-65.05194444,2023-09-07,250,Scots Bay,,,129.0,10,2023TagReturns,,4Xr,4Xs
567273,2023-08-29,241,Scots Bay,45.20138889,-64.88638889,2023-09-07,250,Scots Bay,,,129.0,9,2023TagReturns,,4Xr,4Xs
564636,2023-08-29,241,Scots Bay,45.19805556,-64.85777778,2023-09-07,250,Scots Bay,,,129.0,9,2023TagReturns,,4Xr,4Xs
564304,2023-08-29,241,Scots Bay,45.19805556,-64.85777778,2023-09-07,250,Scots Bay,,,129.0,9,2023TagReturns,,4Xr,4Xs
564769,2023-08-28,240,Scots Bay,45.18027778,-64.95611111,2023-09-07,250,Scots Bay,,,129.0,10,2023TagReturns,,4Xr,4Xs
564307,2023-08-29,241,Scots Bay,45.19805556,-64.85777778,2023-09-07,250,Scots Bay,,,129.0,9,2023TagReturns,,4Xr,4Xs
569115,2023-08-29,241,Scots Bay,45.15777778,-65.03361111,2023-09-07,250,Scots Bay,,,129.0,9,2023TagReturns,,4Xr,4Xs
564412,2023-08-29,241,Scots Bay,45.19805556,-64.85777778,2023-09-07,250,Scots Bay,,,129.0,9,2023TagReturns,,4Xr,4Xs
564015,2023-08-28,240,Scots Bay,45.14111111,-65.05194444,2023-09-07,250,Scots Bay,,,129.0,10,2023TagReturns,,4Xr,4Xs
567241,2023-08-29,241,Scots Bay,45.20138889,-64.88638889,2023-09-07,250,Scots Bay,,,129.0,9,2023TagReturns,,4Xr,4Xs
569212,2023-08-29,241,Scots Bay,45.18972222,-64.92277778,2023-09-07,250,Scots Bay,,,129.0,9,2023TagReturns,,4Xr,4Xs
564712,2023-08-28,240,Scots Bay,45.18027778,-64.95611111,2023-09-07,250,Scots Bay,,,129.0,10,2023TagReturns,,4Xr,4Xs
572481,2023-08-27,239,Scots Bay,45.13527778,-65.06972222,2023-09-07,250,Scots Bay,,,129.0,11,2023TagReturns,,4Xr,4Xs
564708,2023-08-28,240,Scots Bay,45.18027778,-64.95611111,2023-09-07,250,Scots Bay,,,129.0,10,2023TagReturns,,4Xr,4Xs
567193,2023-08-29,241,Scots Bay,45.20138889,-64.88638889,2023-09-07,250,Scots Bay,,,129.0,9,2023TagReturns,,4Xr,4Xs
564901,2023-08-28,240,Scots Bay,45.18027778,-64.95611111,2023-09-07,250,Scots Bay,,,129.0,10,2023TagReturns,,4Xr,4Xs
567249,2023-08-29,241,Scots Bay,45.20138889,-64.88638889,2023-09-07,250,Scots Bay,,,129.0,9,2023TagReturns,,4Xr,4Xs
564930,2023-08-28,240,Scots Bay,45.18027778,-64.95611111,2023-09-07,250,Scots Bay,,,129.0,10,2023TagReturns,,4Xr,4Xs
564841,2023-08-28,240,Scots Bay,45.18027778,-64.95611111,2023-09-07,250,Scots Bay,,,129.0,10,2023TagReturns,,4Xr,4Xs
564970,2023-08-28,240,Scots Bay,45.18027778,-64.95611111,2023-09-07,250,Scots Bay,,,129.0,10,2023TagReturns,,4Xr,4Xs
567025,2023-08-29,241,Scots Bay,45.20138889,-64.88638889,2023-09-07,250,Scots Bay,,,129.0,9,2023TagReturns,,4Xr,4Xs
564343,2023-08-29,241,Scots Bay,45.19805556,-64.85777778,2023-09-07,250,Scots Bay,,,129.0,9,2023TagReturns,,4Xr,4Xs
502285,2022-08-24,236,Scots Bay,45.16295,-64.94386667,2023-09-07,250,Scots Bay,,,129.0,379,2023TagReturns,,4Xr,4Xs
564442,2023-08-29,241,Scots Bay,45.19805556,-64.85777778,2023-09-07,250,Scots Bay ,,,165.0,9,2023TagReturns,,4Xr,4Xs
564345,2023-08-29,241,Scots Bay,45.19805556,-64.85777778,2023-09-07,250,Scots Bay,,,147.0,9,2023TagReturns,,4Xr,4Xs
564445,2023-08-29,241,Scots Bay,45.19805556,-64.85777778,2023-09-07,250,Scots Bay,,,147.0,9,2023TagReturns,,4Xr,4Xs
567213,2023-08-29,241,Scots Bay,45.20138889,-64.88638889,2023-09-07,250,Scots Bay,,,147.0,9,2023TagReturns,,4Xr,4Xs
567268,2023-08-29,241,Scots Bay,45.20138889,-64.88638889,2023-09-07,250,Scots Bay,,,147.0,9,2023TagReturns,,4Xr,4Xs
569057,2023-08-29,241,Scots Bay,45.15777778,-65.03361111,2023-09-07,250,Scots Bay,,,147.0,9,2023TagReturns,,4Xr,4Xs
569499,2023-08-30,242,Long Island,44.295,-66.42,2023-09-07,250,Scots Bay,,,147.0,8,2023TagReturns,,4Xr,4Xs
577842,2023-09-06,249,Scots Bay,45.15833333,-65.01138889,2023-09-07,250,Scots Bay,,,147.0,1,2023TagReturns,,4Xr,4Xs
564787,2023-08-28,240,Scots Bay,45.18027778,-64.95611111,2023-09-07,250,German Bank,,,147.0,10,2023TagReturns,,4Xr,4Xq
567435,2023-09-03,246,German Bank,43.27138889,-66.37361111,2023-09-07,250,German Bank,,,94.0,4,2023TagReturns,,4Xq,4Xq
567650,2023-09-03,246,German Bank,43.27138889,-66.37361111,2023-09-07,250,German Bank,,,94.0,4,2023TagReturns,,4Xq,4Xq
577420,2023-09-04,247,German Bank,43.25972222,-66.37611111,2023-09-07,250,German Bank,,,94.0,3,2023TagReturns,,4Xq,4Xq
577602,2023-09-04,247,German Bank,43.25055556,-66.38055556,2023-09-07,250,German Bank,,,94.0,3,2023TagReturns,,4Xq,4Xq
564652,2023-08-28,240,Scots Bay,45.18027778,-64.95611111,2023-09-07,250,Scots Bay,,,29.0,10,2023TagReturns,,4Xr,4Xs
577774,2023-09-06,249,Scots Bay,45.15833333,-65.01138889,2023-09-07,250,Scots Bay,,,29.0,1,2023TagReturns,,4Xr,4Xs
528137,2023-09-05,248,German Bank,43.26666667,-66.36638889,2023-09-07,250,Scots Bay ,45.1333333333333,-65.0,98.0,2,2023TagReturns,,4Xq,4Xr
567428,2023-09-03,246,German Bank,43.27138889,-66.37361111,2023-09-07,250,Scots Bay ,45.1333333333333,-65.0,98.0,4,2023TagReturns,,4Xq,4Xr
564354,2023-08-29,241,Scots Bay,45.19805556,-64.85777778,2023-09-07,250,Scots Bay ,45.1333333333333,-65.0,98.0,9,2023TagReturns,,4Xr,4Xr
567510,2023-09-03,246,German Bank,43.27138889,-66.37361111,2023-09-07,250,Scots Bay ,45.1333333333333,-65.0,98.0,4,2023TagReturns,,4Xq,4Xr
564891,2023-08-28,240,Scots Bay,45.18027778,-64.95611111,2023-09-07,250,Scots Bay ,45.1333333333333,-65.0,98.0,10,2023TagReturns,,4Xr,4Xr
471841,2023-08-29,241,Scots Bay,45.21111111,-64.8225,2023-09-07,250,Scots Bay ,45.1333333333333,-65.0,98.0,9,2023TagReturns,,4Xr,4Xr
567176,2023-08-29,241,Scots Bay,45.20138889,-64.88638889,2023-09-07,250,Scots Bay ,45.1333333333333,-65.0,98.0,9,2023TagReturns,,4Xr,4Xr
502446,2022-08-24,236,German Bank,43.29388333,-66.39218333,2023-09-07,250,Scots Bay ,45.1333333333333,-65.0,98.0,379,2023TagReturns,,4Xq,4Xr
471495,2023-08-28,240,Scots Bay,45.1925,-64.8775,2023-09-07,250,Scots Bay ,45.1333333333333,-65.0,98.0,10,2023TagReturns,,4Xr,4Xr
563788,2023-08-20,232,Scots Bay,45.12166667,-65.05638889,2023-09-07,250,Scots Bay ,45.1333333333333,-65.0,98.0,18,2023TagReturns,,4Xr,4Xr
563824,2023-08-20,232,Scots Bay,45.12166667,-65.05638889,2023-09-07,250,Scots Bay ,45.1333333333333,-65.0,98.0,18,2023TagReturns,,4Xr,4Xr
567199,2023-08-29,241,Scots Bay,45.20138889,-64.88638889,2023-09-07,250,Scots Bay ,45.1333333333333,-65.0,98.0,9,2023TagReturns,,4Xr,4Xr
567221,2023-08-29,241,Scots Bay,45.20138889,-64.88638889,2023-09-07,250,Scots Bay ,45.1333333333333,-65.0,98.0,9,2023TagReturns,,4Xr,4Xr
564937,2023-08-28,240,Scots Bay,45.18027778,-64.95611111,2023-09-07,250,Scots Bay ,45.1333333333333,-65.0,98.0,10,2023TagReturns,,4Xr,4Xr
567200,2023-08-29,241,Scots Bay,45.20138889,-64.88638889,2023-09-07,250,Scots Bay ,45.1333333333333,-65.0,98.0,9,2023TagReturns,,4Xr,4Xr
532142,2023-09-04,247,German Bank,43.25,-66.35,2023-09-07,250,Scots Bay ,45.1333333333333,-65.0,98.0,3,2023TagReturns,,4Xq,4Xr
564665,2023-08-28,240,Scots Bay,45.18027778,-64.95611111,2023-09-07,250,Scots Bay ,45.1333333333333,-65.0,98.0,10,2023TagReturns,,4Xr,4Xr
564319,2023-08-29,241,Scots Bay,45.19805556,-64.85777778,2023-09-07,250,Scots Bay ,45.1333333333333,-65.0,98.0,9,2023TagReturns,,4Xr,4Xr
567224,2023-08-29,241,Scots Bay,45.20138889,-64.88638889,2023-09-07,250,Scots Bay ,45.1333333333333,-65.0,98.0,9,2023TagReturns,,4Xr,4Xr
572426,2023-08-27,239,Scots Bay,45.13527778,-65.06972222,2023-09-07,250,Scots Bay ,45.1333333333333,-65.0,98.0,11,2023TagReturns,,4Xr,4Xr
502038,2022-08-22,234,Scots Bay,45.12246667,-65.05455,2023-09-08,251,Scots Bay,,,119.0,382,2023TagReturns,,4Xr,4Xs
567078,2023-08-29,241,Scots Bay,45.20138889,-64.88638889,2023-09-08,251,Scots Bay,,,119.0,10,2023TagReturns,,4Xr,4Xs
471622,2023-08-28,240,Scots Bay,45.1925,-64.8775,2023-09-08,251,Scots Bay,,,119.0,11,2023TagReturns,,4Xr,4Xs
471763,2023-08-29,241,Scots Bay,45.21111111,-64.8225,2023-09-08,251,Scots Bay,,,119.0,10,2023TagReturns,,4Xr,4Xs
471817,2023-08-29,241,Scots Bay,45.21111111,-64.8225,2023-09-08,251,Scots Bay,,,119.0,10,2023TagReturns,,4Xr,4Xs
567228,2023-08-29,241,Scots Bay,45.20138889,-64.88638889,2023-09-08,251,Scots Bay,,,119.0,10,2023TagReturns,,4Xr,4Xs
564912,2023-08-28,240,Scots Bay,45.18027778,-64.95611111,2023-09-08,251,Scots Bay,,,119.0,11,2023TagReturns,,4Xr,4Xs
564820,2023-08-28,240,Scots Bay,45.18027778,-64.95611111,2023-09-08,251,Scots Bay,,,119.0,11,2023TagReturns,,4Xr,4Xs
564499,2023-08-29,241,Scots Bay,45.19805556,-64.85777778,2023-09-08,251,Scots Bay,,,119.0,10,2023TagReturns,,4Xr,4Xs
564525,2023-08-29,241,Scots Bay,45.19805556,-64.85777778,2023-09-08,251,Scots Bay,,,119.0,10,2023TagReturns,,4Xr,4Xs
567237,2023-08-29,241,Scots Bay,45.20138889,-64.88638889,2023-09-08,251,Scots Bay,,,119.0,10,2023TagReturns,,4Xr,4Xs
567203,2023-08-29,241,Scots Bay,45.20138889,-64.88638889,2023-09-08,251,Scots Bay,,,119.0,10,2023TagReturns,,4Xr,4Xs
564954,2023-08-28,240,Scots Bay,45.18027778,-64.95611111,2023-09-08,251,Scots Bay,,,119.0,11,2023TagReturns,,4Xr,4Xs
567113,2023-08-29,241,Scots Bay,45.20138889,-64.88638889,2023-09-08,251,Scots Bay,,,119.0,10,2023TagReturns,,4Xr,4Xs
471890,2023-08-29,241,Scots Bay,45.21111111,-64.8225,2023-09-08,251,Scots Bay,,,119.0,10,2023TagReturns,,4Xr,4Xs
572459,2023-08-27,239,Scots Bay,45.13527778,-65.06972222,2023-09-08,251,Scots Bay,,,119.0,12,2023TagReturns,,4Xr,4Xs
471797,2023-08-29,241,Scots Bay,45.21111111,-64.8225,2023-09-08,251,Scots Bay,,,119.0,10,2023TagReturns,,4Xr,4Xs
471910,2023-08-29,241,Scots Bay,45.21111111,-64.8225,2023-09-08,251,Scots Bay,,,119.0,10,2023TagReturns,,4Xr,4Xs
564874,2023-08-28,240,Scots Bay,45.18027778,-64.95611111,2023-09-08,251,Scots Bay,,,119.0,11,2023TagReturns,,4Xr,4Xs
569124,2023-08-29,241,Scots Bay,45.15777778,-65.03361111,2023-09-08,251,Scots Bay,,,119.0,10,2023TagReturns,,4Xr,4Xs
564657,2023-08-28,240,Scots Bay,45.18027778,-64.95611111,2023-09-08,251,Scots Bay,,,119.0,11,2023TagReturns,,4Xr,4Xs
567151,2023-08-29,241,Scots Bay,45.20138889,-64.88638889,2023-09-08,251,Scots Bay,,,119.0,10,2023TagReturns,,4Xr,4Xs
564811,2023-08-28,240,Scots Bay,45.18027778,-64.95611111,2023-09-08,251,Scots Bay,,,119.0,11,2023TagReturns,,4Xr,4Xs
564514,2023-08-29,241,Scots Bay,45.19805556,-64.85777778,2023-09-08,251,Scots Bay,,,119.0,10,2023TagReturns,,4Xr,4Xs
564603,2023-08-29,241,Scots Bay,45.19805556,-64.85777778,2023-09-08,251,Scots Bay,,,119.0,10,2023TagReturns,,4Xr,4Xs
471489,2023-08-28,240,Scots Bay,45.1925,-64.8775,2023-09-08,251,Scots Bay,,,119.0,11,2023TagReturns,,4Xr,4Xs
564777,2023-08-28,240,Scots Bay,45.18027778,-64.95611111,2023-09-08,251,Scots Bay,,,119.0,11,2023TagReturns,,4Xr,4Xs
471716,2023-08-28,240,Scots Bay,45.1633,-64.9931,2023-09-08,251,Scots Bay,,,119.0,11,2023TagReturns,,4Xr,4Xs
564798,2023-08-28,240,Scots Bay,45.18027778,-64.95611111,2023-09-08,251,Scots Bay,,,119.0,11,2023TagReturns,,4Xr,4Xs
564667,2023-08-28,240,Scots Bay,45.18027778,-64.95611111,2023-09-08,251,Scots Bay,,,119.0,11,2023TagReturns,,4Xr,4Xs
567215,2023-08-29,241,Scots Bay,45.20138889,-64.88638889,2023-09-08,251,Scots Bay,,,119.0,10,2023TagReturns,,4Xr,4Xs
567240,2023-08-29,241,Scots Bay,45.20138889,-64.88638889,2023-09-08,251,Scots Bay,,,119.0,10,2023TagReturns,,4Xr,4Xs
569157,2023-08-29,241,Scots Bay,45.15777778,-65.03361111,2023-09-08,251,Scots Bay,,,119.0,10,2023TagReturns,,4Xr,4Xs
564759,2023-08-28,240,Scots Bay,45.18027778,-64.95611111,2023-09-08,251,Scots Bay,,,119.0,11,2023TagReturns,,4Xr,4Xs
567174,2023-08-29,241,Scots Bay,45.20138889,-64.88638889,2023-09-08,251,Scots Bay,,,119.0,10,2023TagReturns,,4Xr,4Xs
567173,2023-08-29,241,Scots Bay,45.20138889,-64.88638889,2023-09-08,251,Scots Bay,,,119.0,10,2023TagReturns,,4Xr,4Xs
502154,2022-08-24,236,Scots Bay,45.16295,-64.94386667,2023-09-08,251,Scots Bay,,,119.0,380,2023TagReturns,,4Xr,4Xs
567255,2023-08-29,241,Scots Bay,45.20138889,-64.88638889,2023-09-08,251,Scots Bay,,,119.0,10,2023TagReturns,,4Xr,4Xs
471756,2023-08-29,241,Scots Bay,45.21111111,-64.8225,2023-09-08,251,Scots Bay,,,119.0,10,2023TagReturns,,4Xr,4Xs
572285,2023-08-27,239,Scots Bay,45.13527778,-65.06972222,2023-09-08,251,Scots Bay,,,119.0,12,2023TagReturns,,4Xr,4Xs
471903,2023-08-29,241,Scots Bay,45.21111111,-64.8225,2023-09-08,251,Scots Bay,,,119.0,10,2023TagReturns,,4Xr,4Xs
564888,2023-08-28,240,Scots Bay,45.18027778,-64.95611111,2023-09-08,251,Scots Bay,,,119.0,11,2023TagReturns,,4Xr,4Xs
564725,2023-08-28,240,Scots Bay,45.18027778,-64.95611111,2023-09-08,251,Scots Bay,,,119.0,11,2023TagReturns,,4Xr,4Xs
471645,2023-08-28,240,Scots Bay,45.1633,-64.9931,2023-09-08,251,Scots Bay,,,119.0,11,2023TagReturns,,4Xr,4Xs
471626,2023-08-28,240,Scots Bay,45.1925,-64.8775,2023-09-08,251,Scots Bay,,,119.0,11,2023TagReturns,,4Xr,4Xs
569529,2023-08-30,242,Long Island,44.295,-66.42,2023-09-08,251,Scots Bay,,,119.0,9,2023TagReturns,,4Xr,4Xs
471787,2023-08-29,241,Scots Bay,45.21111111,-64.8225,2023-09-08,251,Scots Bay,,,119.0,10,2023TagReturns,,4Xr,4Xs
471490,2023-08-28,240,Scots Bay,45.1925,-64.8775,2023-09-08,251,Scots Bay,,,119.0,11,2023TagReturns,,4Xr,4Xs
564172,2023-08-28,240,Scots Bay,45.14111111,-65.05194444,2023-09-08,251,Scots Bay,,,119.0,11,2023TagReturns,,4Xr,4Xs
567155,2023-08-29,241,Scots Bay,45.20138889,-64.88638889,2023-09-08,251,Scots Bay,,,119.0,10,2023TagReturns,,4Xr,4Xs
564721,2023-08-28,240,Scots Bay,45.18027778,-64.95611111,2023-09-08,251,Scots Bay,,,119.0,11,2023TagReturns,,4Xr,4Xs
567080,2023-08-29,241,Scots Bay,45.20138889,-64.88638889,2023-09-08,251,Scots Bay,,,119.0,10,2023TagReturns,,4Xr,4Xs
471581,2023-08-28,240,Scots Bay,45.1925,-64.8775,2023-09-08,251,Scots Bay,,,,11,2023TagReturns,,4Xr,4Xs
567116,2023-08-29,241,Scots Bay,45.20138889,-64.88638889,2023-09-08,251,Scots Bay,,,,10,2023TagReturns,,4Xr,4Xs
471749,2023-08-29,241,Scots Bay,45.21111111,-64.8225,2023-09-08,251,Scots Bay,,,,10,2023TagReturns,,4Xr,4Xs
564842,2023-08-28,240,Scots Bay,45.18027778,-64.95611111,2023-09-08,251,Scots Bay,,,,11,2023TagReturns,,4Xr,4Xs
567037,2023-08-29,241,Scots Bay,45.20138889,-64.88638889,2023-09-08,251,Scots Bay,,,,10,2023TagReturns,,4Xr,4Xs
564361,2023-08-29,241,Scots Bay,45.19805556,-64.85777778,2023-09-08,251,Scots Bay,,,,10,2023TagReturns,,4Xr,4Xs
564318,2023-08-29,241,Scots Bay,45.19805556,-64.85777778,2023-09-08,251,Scots Bay,,,,10,2023TagReturns,,4Xr,4Xs
564321,2023-08-29,241,Scots Bay,45.19805556,-64.85777778,2023-09-10,253,Scots Bay,,,129.0,12,2023TagReturns,,4Xr,4Xs
577836,2023-09-06,249,Scots Bay,45.15833333,-65.01138889,2023-09-11,254,Scots Bay,,,,5,2023TagReturns,,4Xr,4Xs
577897,2023-09-06,249,Scots Bay,45.15833333,-65.01138889,2023-09-11,254,Scots Bay ,,,165.0,5,2023TagReturns,,4Xr,4Xs
569644,2023-08-30,242,Long Island,44.295,-66.42,2023-09-11,254,Scots Bay ,,,165.0,12,2023TagReturns,,4Xr,4Xs
530126,2023-09-07,250,Scots Bay,45.11111111,-65.10277778,2023-09-11,254,Scots Bay ,,,165.0,4,2023TagReturns,,4Xr,4Xs
577865,2023-09-06,249,Scots Bay,45.15833333,-65.01138889,2023-09-11,254,Scots Bay ,,,165.0,5,2023TagReturns,,4Xr,4Xs
530012,2023-09-07,250,Scots Bay,45.11111111,-65.10277778,2023-09-11,254,Scots Bay ,,,165.0,4,2023TagReturns,,4Xr,4Xs
578866,2023-09-07,250,Scots Bay,45.11333333,-65.09944444,2023-09-11,254,Scots Bay,45.1166666666667,-65.0333333333333,152.0,4,2023TagReturns,,4Xr,4Xr
577847,2023-09-06,249,Scots Bay,45.15833333,-65.01138889,2023-09-12,255,Scots Bay,,,94.0,6,2023TagReturns,,4Xr,4Xs
567024,2023-08-29,241,Scots Bay,45.20138889,-64.88638889,2023-09-12,255,Scots Bay,,,94.0,14,2023TagReturns,,4Xr,4Xs
567202,2023-08-29,241,Scots Bay,45.20138889,-64.88638889,2023-09-12,255,Scots Bay,,,94.0,14,2023TagReturns,,4Xr,4Xs
471494,2023-08-28,240,Scots Bay,45.1925,-64.8775,2023-09-12,255,Scots Bay,,,94.0,15,2023TagReturns,,4Xr,4Xs
564723,2023-08-28,240,Scots Bay,45.18027778,-64.95611111,2023-09-12,255,Scots Bay,,,94.0,15,2023TagReturns,,4Xr,4Xs
564853,2023-08-28,240,Scots Bay,45.18027778,-64.95611111,2023-09-12,255,Scots Bay,,,94.0,15,2023TagReturns,,4Xr,4Xs
577931,2023-09-06,249,Scots Bay,45.15833333,-65.01138889,2023-09-12,255,Scots Bay,,,94.0,6,2023TagReturns,,4Xr,4Xs
577763,2023-09-06,249,Scots Bay,45.15833333,-65.01138889,2023-09-12,255,Scots Bay,,,94.0,6,2023TagReturns,,4Xr,4Xs
471824,2023-08-29,241,Scots Bay,45.21111111,-64.8225,2023-09-12,255,Scots Bay,,,94.0,14,2023TagReturns,,4Xr,4Xs
569617,2023-08-30,242,Long Island,44.295,-66.42,2023-09-12,255,Scots Bay,,,94.0,13,2023TagReturns,,4Xr,4Xs
569582,2023-08-30,242,Long Island,44.295,-66.42,2023-09-12,255,Scots Bay,,,94.0,13,2023TagReturns,,4Xr,4Xs
578846,2023-09-07,250,Scots Bay,45.11333333,-65.09944444,2023-09-12,255,Scots Bay,,,94.0,5,2023TagReturns,,4Xr,4Xs
471773,2023-08-29,241,Scots Bay,45.21111111,-64.8225,2023-09-12,255,Scots Bay,,,94.0,14,2023TagReturns,,4Xr,4Xs
564749,2023-08-28,240,Scots Bay,45.18027778,-64.95611111,2023-09-12,255,Scots Bay,,,94.0,15,2023TagReturns,,4Xr,4Xs
578951,2023-09-07,250,Scots Bay,45.11333333,-65.09944444,2023-09-12,255,Scots Bay,,,94.0,5,2023TagReturns,,4Xr,4Xs
578962,2023-09-07,250,Scots Bay,45.11333333,-65.09944444,2023-09-12,255,Scots Bay,,,94.0,5,2023TagReturns,,4Xr,4Xs
578970,2023-09-07,250,Scots Bay,45.11333333,-65.09944444,2023-09-12,255,Scots Bay,,,94.0,5,2023TagReturns,,4Xr,4Xs
564754,2023-08-28,240,Scots Bay,45.18027778,-64.95611111,2023-09-12,255,Scots Bay,,,94.0,15,2023TagReturns,,4Xr,4Xs
578875,2023-09-07,250,Scots Bay,45.11333333,-65.09944444,2023-09-12,255,Scots Bay,,,94.0,5,2023TagReturns,,4Xr,4Xs
577853,2023-09-06,249,Scots Bay,45.15833333,-65.01138889,2023-09-12,255,Scots Bay,,,94.0,6,2023TagReturns,,4Xr,4Xs
564782,2023-08-28,240,Scots Bay,45.18027778,-64.95611111,2023-09-12,255,Scots Bay,,,94.0,15,2023TagReturns,,4Xr,4Xs
577934,2023-09-06,249,Scots Bay,45.15833333,-65.01138889,2023-09-12,255,Scots Bay,,,94.0,6,2023TagReturns,,4Xr,4Xs
578805,2023-09-07,250,Scots Bay,45.11333333,-65.09944444,2023-09-12,255,Scots Bay,,,94.0,5,2023TagReturns,,4Xr,4Xs
577754,2023-09-06,249,Scots Bay,45.15833333,-65.01138889,2023-09-12,255,Scots Bay,,,94.0,6,2023TagReturns,,4Xr,4Xs
502060,2022-08-24,236,Scots Bay,45.16295,-64.94386667,2023-09-12,255,Scots Bay,,,94.0,384,2023TagReturns,,4Xr,4Xs
569550,2023-08-30,242,Long Island,44.295,-66.42,2023-09-12,255,Scots Bay,,,165.0,13,2023TagReturns,,4Xr,4Xs
569645,2023-08-30,242,Long Island,44.295,-66.42,2023-09-12,255,Scots Bay,,,165.0,13,2023TagReturns,,4Xr,4Xs
530118,2023-09-07,250,Scots Bay,45.11111111,-65.10277778,2023-09-12,255,Scots Bay,,,165.0,5,2023TagReturns,,4Xr,4Xs
567112,2023-08-29,241,Scots Bay,45.20138889,-64.88638889,2023-09-12,255,Scots Bay,,,165.0,14,2023TagReturns,,4Xr,4Xs
578804,2023-09-07,250,Scots Bay,45.11333333,-65.09944444,2023-09-12,255,Scots Bay,,,165.0,5,2023TagReturns,,4Xr,4Xs
569594,2023-08-30,242,Long Island,44.295,-66.42,2023-09-12,255,Scots Bay,,,165.0,13,2023TagReturns,,4Xr,4Xs
471788,2023-08-29,241,Scots Bay,45.21111111,-64.8225,2023-09-12,255,Scots Bay,,,165.0,14,2023TagReturns,,4Xr,4Xs
569480,2023-08-30,242,Long Island,44.295,-66.42,2023-09-12,255,Scots Bay,,,165.0,13,2023TagReturns,,4Xr,4Xs
577896,2023-09-06,249,Scots Bay,45.15833333,-65.01138889,2023-09-12,255,Scots Bay,,,165.0,6,2023TagReturns,,4Xr,4Xs
578996,2023-09-07,250,Scots Bay,45.11333333,-65.09944444,2023-09-12,255,Scots Bay,,,165.0,5,2023TagReturns,,4Xr,4Xs
567149,2023-08-29,241,Scots Bay,45.20138889,-64.88638889,2023-09-12,255,Scots Bay,,,165.0,14,2023TagReturns,,4Xr,4Xs
577765,2023-09-06,249,Scots Bay,45.15833333,-65.01138889,2023-09-12,255,Scots Bay,,,165.0,6,2023TagReturns,,4Xr,4Xs
530062,2023-09-07,250,Scots Bay,45.11111111,-65.10277778,2023-09-12,255,Scots Bay,,,165.0,5,2023TagReturns,,4Xr,4Xs
530003,2023-09-07,250,Scots Bay,45.11111111,-65.10277778,2023-09-12,255,Scots Bay,,,165.0,5,2023TagReturns,,4Xr,4Xs
577889,2023-09-06,249,Scots Bay,45.15833333,-65.01138889,2023-09-12,255,Scots Bay,,,165.0,6,2023TagReturns,,4Xr,4Xs
567264,2023-08-29,241,Scots Bay,45.20138889,-64.88638889,2023-09-12,255,Scots Bay,,,165.0,14,2023TagReturns,,4Xr,4Xs
569632,2023-08-30,242,Long Island,44.295,-66.42,2023-09-12,255,Scots Bay,,,165.0,13,2023TagReturns,,4Xr,4Xs
497255,2023-06-12,163,Trinity,44.1,-66.48333333,2023-09-12,255,Scots Bay,,,165.0,92,2023TagReturns,,4Xr,4Xs
530032,2023-09-07,250,Scots Bay,45.11111111,-65.10277778,2023-09-12,255,Scots Bay,,,165.0,5,2023TagReturns,,4Xr,4Xs
502078,2022-08-24,236,Scots Bay,45.16295,-64.94386667,2023-09-12,255,Scots Bay,,,11.0,384,2023TagReturns,,4Xr,4Xs
577857,2023-09-06,249,Scots Bay,45.15833333,-65.01138889,2023-09-12,255,Scots Bay,,,11.0,6,2023TagReturns,,4Xr,4Xs
577764,2023-09-06,249,Scots Bay,45.15833333,-65.01138889,2023-09-12,255,Scots Bay,,,11.0,6,2023TagReturns,,4Xr,4Xs
578869,2023-09-07,250,Scots Bay,45.11333333,-65.09944444,2023-09-12,255,Scots Bay,,,11.0,5,2023TagReturns,,4Xr,4Xs
569611,2023-08-30,242,Long Island,44.295,-66.42,2023-09-12,255,Scots Bay,,,11.0,13,2023TagReturns,,4Xr,4Xs
577933,2023-09-06,249,Scots Bay,45.15833333,-65.01138889,2023-09-12,255,Scots Bay,,,11.0,6,2023TagReturns,,4Xr,4Xs
495472,2022-08-07,219,Scots Bay,45.15131667,-65.03181667,2023-09-12,255,Scots Bay,,,11.0,401,2023TagReturns,,4Xr,4Xs
578964,2023-09-07,250,Scots Bay,45.11333333,-65.09944444,2023-09-12,255,Scots Bay,,,11.0,5,2023TagReturns,,4Xr,4Xs
471559,2023-08-28,240,Scots Bay,45.1925,-64.8775,2023-09-12,255,Scots Bay,,,42.0,15,2023TagReturns,,4Xr,4Xs
530065,2023-09-07,250,Scots Bay,45.11111111,-65.10277778,2023-09-12,255,Scots Bay,,,42.0,5,2023TagReturns,,4Xr,4Xs
530103,2023-09-07,250,Scots Bay,45.11111111,-65.10277778,2023-09-12,255,Scots Bay,,,42.0,5,2023TagReturns,,4Xr,4Xs
578820,2023-09-07,250,Scots Bay,45.11333333,-65.09944444,2023-09-12,255,Scots Bay,,,42.0,5,2023TagReturns,,4Xr,4Xs
578830,2023-09-07,250,Scots Bay,45.11333333,-65.09944444,2023-09-12,255,Scots Bay,,,42.0,5,2023TagReturns,,4Xr,4Xs
475910,2022-09-07,250,Scots Bay,45.19678333,-64.88591667,2023-09-12,255,Scots Bay,,,38.0,370,2023TagReturns,,4Xr,4Xs
530064,2023-09-07,250,Scots Bay,45.11111111,-65.10277778,2023-09-12,255,Scots Bay,,,38.0,5,2023TagReturns,,4Xr,4Xs
530332,2023-09-11,254,Scots Bay,45.13083333,-65.045,2023-09-12,255,Scots Bay,,,38.0,1,2023TagReturns,,4Xr,4Xs
530023,2023-09-07,250,Scots Bay,45.11111111,-65.10277778,2023-09-12,255,Scots Bay,,,80.0,5,2023TagReturns,,4Xr,4Xs
528778,2023-09-12,255,German Bank,43.31916667,-66.16166667,2023-09-13,256,Seal Island,,,136.0,1,2023TagReturns,,4Xq,4Xo
528811,2023-09-12,255,German Bank,43.31916667,-66.16166667,2023-09-13,256,Seal Island,,,,1,2023TagReturns,,4Xq,4Xo
532355,2023-09-11,254,German Bank,43.25,-66.4,2023-09-15,258,German Bank,,,96.0,4,2023TagReturns,,4Xq,4Xq
532421,2023-09-11,254,German Bank,43.25,-66.4,2023-09-15,258,German Bank,,,96.0,4,2023TagReturns,,4Xq,4Xq
528173,2023-09-06,249,German Bank,43.26472222,-66.35638889,2023-09-15,258,German Bank,,,96.0,9,2023TagReturns,,4Xq,4Xq
528274,2023-09-06,249,German Bank,43.26472222,-66.35638889,2023-09-15,258,German Bank,,,96.0,9,2023TagReturns,,4Xq,4Xq
532267,2023-09-11,254,German Bank,43.25,-66.4,2023-09-15,258,German Bank,,,96.0,4,2023TagReturns,,4Xq,4Xq
567598,2023-09-03,246,German Bank,43.27138889,-66.37361111,2023-09-15,258,German Bank,,,96.0,12,2023TagReturns,,4Xq,4Xq
567546,2023-09-03,246,German Bank,43.27138889,-66.37361111,2023-09-15,258,German Bank,,,96.0,12,2023TagReturns,,4Xq,4Xq
567628,2023-09-03,246,German Bank,43.27138889,-66.37361111,2023-09-15,258,German Bank,,,96.0,12,2023TagReturns,,4Xq,4Xq
528203,2023-09-06,249,German Bank,43.26472222,-66.35638889,2023-09-15,258,German Bank,,,96.0,9,2023TagReturns,,4Xq,4Xq
567533,2023-09-03,246,German Bank,43.27138889,-66.37361111,2023-09-15,258,German Bank,,,96.0,12,2023TagReturns,,4Xq,4Xq
567580,2023-09-03,246,German Bank,43.27138889,-66.37361111,2023-09-15,258,Scots Bay,,,165.0,12,2023TagReturns,,4Xq,4Xs
569222,2023-08-29,241,Scots Bay,45.18972222,-64.92277778,2023-09-15,258,German Bank ,,,107.0,17,2023TagReturns,,4Xr,4Xq
564577,2023-08-29,241,Scots Bay,45.19805556,-64.85777778,2023-09-15,258,German Bank ,,,43.0,17,2023TagReturns,,4Xr,4Xq
471671,2023-08-28,240,Scots Bay,45.1633,-64.9931,2023-09-15,258,German Bank ,,,106.0,18,2023TagReturns,,4Xr,4Xq
564925,2023-08-28,240,Scots Bay,45.18027778,-64.95611111,2023-09-15,258,German Bank ,,,107.0,18,2023TagReturns,,4Xr,4Xq
564033,2023-08-28,240,Scots Bay,45.14111111,-65.05194444,2023-09-15,258,German Bank ,,,107.0,18,2023TagReturns,,4Xr,4Xq
572437,2023-08-27,239,Scots Bay,45.13527778,-65.06972222,2023-09-15,258,German Bank ,,,107.0,19,2023TagReturns,,4Xr,4Xq
564465,2023-08-29,241,Scots Bay,45.19805556,-64.85777778,2023-09-15,258,Scots Bay ,,,116.0,17,2023TagReturns,,4Xr,4Xs
567558,2023-09-03,246,German Bank,43.27138889,-66.37361111,2023-09-15,258,German Bank ,,,107.0,12,2023TagReturns,,4Xq,4Xq
567504,2023-09-03,246,German Bank,43.27138889,-66.37361111,2023-09-15,258,German Bank ,,,107.0,12,2023TagReturns,,4Xq,4Xq
532380,2023-09-11,254,German Bank,43.25,-66.4,2023-09-15,258,German Bank ,,,107.0,4,2023TagReturns,,4Xq,4Xq
528334,2023-09-06,249,German Bank,43.26472222,-66.35638889,2023-09-15,258,German Bank ,,,107.0,9,2023TagReturns,,4Xq,4Xq
567366,2023-09-03,246,German Bank,43.27138889,-66.37361111,2023-09-15,258,German Bank ,,,107.0,12,2023TagReturns,,4Xq,4Xq
567456,2023-09-03,246,German Bank,43.27138889,-66.37361111,2023-09-15,258,German Bank ,,,107.0,12,2023TagReturns,,4Xq,4Xq
532379,2023-09-11,254,German Bank,43.25,-66.4,2023-09-15,258,German Bank ,,,107.0,4,2023TagReturns,,4Xq,4Xq
528252,2023-09-06,249,German Bank,43.26472222,-66.35638889,2023-09-15,258,German Bank ,,,107.0,9,2023TagReturns,,4Xq,4Xq
532366,2023-09-11,254,German Bank,43.25,-66.4,2023-09-15,258,German Bank,,,171.0,4,2023TagReturns,,4Xq,4Xq
574037,2023-09-12,255,German Bank,43.26888889,-66.37583333,2023-09-15,258,German Bank,,,17.0,3,2023TagReturns,,4Xq,4Xq
574087,2023-09-12,255,German Bank,43.26888889,-66.37583333,2023-09-15,258,German Bank,,,65.0,3,2023TagReturns,,4Xq,4Xq
564756,2023-08-28,240,Scots Bay,45.18027778,-64.95611111,2023-09-15,258,German Bank,43.25,-66.3666666666667,108.0,18,2023TagReturns,,4Xr,4Xq
567493,2023-09-03,246,German Bank,43.27138889,-66.37361111,2023-09-15,258,German Bank,43.25,-66.3666666666667,108.0,12,2023TagReturns,,4Xq,4Xq
500534,2022-08-09,221,Scots Bay,45.16556667,-64.94023333,2023-09-15,258,German Bank,43.25,-66.3666666666667,108.0,402,2023TagReturns,,4Xr,4Xq
577946,2023-09-06,249,Scots Bay,45.15833333,-65.01138889,2023-09-15,258,German Bank,43.25,-66.3666666666667,108.0,9,2023TagReturns,,4Xr,4Xq
514040,2021-10-04,277,German Bank,43.291,-66.45433333,2023-09-15,258,German Bank,43.25,-66.3666666666667,108.0,711,2023TagReturns,,4Xq,4Xq
577445,2023-09-04,247,German Bank,43.25972222,-66.37611111,2023-09-15,258,German Bank,43.25,-66.3666666666667,108.0,11,2023TagReturns,,4Xq,4Xq
569147,2023-08-29,241,Scots Bay,45.15777778,-65.03361111,2023-09-15,258,German Bank,43.25,-66.3666666666667,108.0,17,2023TagReturns,,4Xr,4Xq
567157,2023-08-29,241,Scots Bay,45.20138889,-64.88638889,2023-09-15,258,German Bank,43.25,-66.3666666666667,108.0,17,2023TagReturns,,4Xr,4Xq
564517,2023-08-29,241,Scots Bay,45.19805556,-64.85777778,2023-09-17,260,Scots Bay,,,106.0,19,2023TagReturns,,4Xr,4Xs
510905,2022-09-01,244,German Bank,43.25,-66.35,2023-09-18,261,German Bank,,,121.0,382,2023TagReturns,,4Xq,4Xq
567420,2023-09-03,246,German Bank,43.27138889,-66.37361111,2023-09-18,261,German Bank,,,121.0,15,2023TagReturns,,4Xq,4Xq
578413,2023-09-14,257,German Bank,43.3075,-66.4,2023-09-18,261,German Bank,,,121.0,4,2023TagReturns,,4Xq,4Xq
532365,2023-09-11,254,German Bank,43.25,-66.4,2023-09-18,261,German Bank,,,121.0,7,2023TagReturns,,4Xq,4Xq
467543,2022-08-31,243,German Bank,43.277,-66.3662,2023-09-18,261,German Bank,,,121.0,383,2023TagReturns,,4Xq,4Xq
532385,2023-09-11,254,German Bank,43.25,-66.4,2023-09-18,261,German Bank,,,121.0,7,2023TagReturns,,4Xq,4Xq
567461,2023-09-03,246,German Bank,43.27138889,-66.37361111,2023-09-18,261,Seal Island,,,105.0,15,2023TagReturns,,4Xq,4Xo
574074,2023-09-12,255,German Bank,43.26888889,-66.37583333,2023-09-18,261,Seal Island,,,69.0,6,2023TagReturns,,4Xq,4Xo
532292,2023-09-11,254,German Bank,43.25,-66.4,2023-09-18,261,German Bank,,,,7,2023TagReturns,,4Xq,4Xq
577556,2023-09-04,247,German Bank,43.25055556,-66.38055556,2023-09-19,262,German Bank,,,108.0,15,2023TagReturns,,4Xq,4Xq
532375,2023-09-11,254,German Bank,43.25,-66.4,2023-09-19,262,German Bank,,,108.0,8,2023TagReturns,,4Xq,4Xq
577608,2023-09-04,247,German Bank,43.25055556,-66.38055556,2023-09-19,262,German Bank,,,108.0,15,2023TagReturns,,4Xq,4Xq
532427,2023-09-11,254,German Bank,43.25,-66.4,2023-09-19,262,German Bank,,,108.0,8,2023TagReturns,,4Xq,4Xq
574192,2023-09-12,255,German Bank,43.31,-66.2847,2023-09-19,262,German Bank,,,108.0,7,2023TagReturns,,4Xq,4Xq
528313,2023-09-06,249,German Bank,43.26472222,-66.35638889,2023-09-19,262,German Bank,,,108.0,13,2023TagReturns,,4Xq,4Xq
532392,2023-09-11,254,German Bank,43.25,-66.4,2023-09-19,262,German Bank,,,108.0,8,2023TagReturns,,4Xq,4Xq
578202,2023-09-14,257,German Bank,43.3075,-66.4,2023-09-19,262,German Bank,,,108.0,5,2023TagReturns,,4Xq,4Xq
573304,2023-09-14,257,German Bank,43.3075,-66.4,2023-09-19,262,German Bank,,,108.0,5,2023TagReturns,,4Xq,4Xq
532328,2023-09-11,254,German Bank,43.25,-66.4,2023-09-19,262,German Bank ,,,171.0,8,2023TagReturns,,4Xq,4Xq
573297,2023-09-14,257,German Bank,43.3075,-66.4,2023-09-19,262,German Bank ,,,171.0,5,2023TagReturns,,4Xq,4Xq
567517,2023-09-03,246,German Bank,43.27138889,-66.37361111,2023-09-19,262,German Bank ,,,171.0,16,2023TagReturns,,4Xq,4Xq
528223,2023-09-06,249,German Bank,43.26472222,-66.35638889,2023-09-19,262,German Bank ,,,171.0,13,2023TagReturns,,4Xq,4Xq
574256,2023-09-12,255,German Bank,43.31,-66.2847,2023-09-19,262,German Bank ,,,171.0,7,2023TagReturns,,4Xq,4Xq
528317,2023-09-06,249,German Bank,43.26472222,-66.35638889,2023-09-19,262,German Bank ,,,171.0,13,2023TagReturns,,4Xq,4Xq
532306,2023-09-11,254,German Bank,43.25,-66.4,2023-09-19,262,German Bank ,,,171.0,8,2023TagReturns,,4Xq,4Xq
574299,2023-09-12,255,German Bank,43.31,-66.2847,2023-09-19,262,German Bank ,,,171.0,7,2023TagReturns,,4Xq,4Xq
567425,2023-09-03,246,German Bank,43.27138889,-66.37361111,2023-09-19,262,German Bank ,,,171.0,16,2023TagReturns,,4Xq,4Xq
567564,2023-09-03,246,German Bank,43.27138889,-66.37361111,2023-09-19,262,German Bank ,,,47.0,16,2023TagReturns,,4Xq,4Xq
528373,2023-09-06,249,German Bank,43.26472222,-66.35638889,2023-09-19,262,German Bank ,,,47.0,13,2023TagReturns,,4Xq,4Xq
477062,2023-09-12,255,German Bank,43.285,-66.13166667,2023-09-19,262,Seal Island,,,99.0,7,2023TagReturns,,4Xq,4Xo
528281,2023-09-06,249,German Bank,43.26472222,-66.35638889,2023-09-19,262,Seal Island,,,99.0,13,2023TagReturns,,4Xq,4Xo
530634,2023-09-13,256,German Bank,43.28888889,-66.12555556,2023-09-19,262,Seal Island,,,99.0,6,2023TagReturns,,4Xq,4Xo
528324,2023-09-06,249,German Bank,43.26472222,-66.35638889,2023-09-19,262,German Bank,43.2666666666667,-66.3666666666667,116.0,13,2023TagReturns,,4Xq,4Xq
564740,2023-08-28,240,Scots Bay,45.18027778,-64.95611111,2023-09-19,262,German Bank,43.2666666666667,-66.3666666666667,116.0,22,2023TagReturns,,4Xr,4Xq
532087,2023-09-04,247,German Bank,43.25,-66.35,2023-09-19,262,German Bank,43.2666666666667,-66.3666666666667,116.0,15,2023TagReturns,,4Xq,4Xq
574585,2023-09-18,261,German Bank,43.26666667,-66.36666667,2023-09-21,264,German Bank ,,,121.0,3,2023TagReturns,,4Xq,4Xq
477328,2023-09-18,261,German Bank,43.28805556,-66.14,2023-09-21,264,German Bank ,,,121.0,3,2023TagReturns,,4Xq,4Xq
574191,2023-09-12,255,German Bank,43.31,-66.2847,2023-09-21,264,German Bank ,,,194.0,9,2023TagReturns,,4Xq,4Xq
567566,2023-09-03,246,German Bank,43.27138889,-66.37361111,2023-09-21,264,German Bank ,,,194.0,18,2023TagReturns,,4Xq,4Xq
532316,2023-09-11,254,German Bank,43.25,-66.4,2023-09-21,264,German Bank ,,,194.0,10,2023TagReturns,,4Xq,4Xq
574007,2023-09-12,255,German Bank,43.26888889,-66.37583333,2023-09-21,264,German Bank ,,,117.0,9,2023TagReturns,,4Xq,4Xq
574362,2023-09-18,261,German Bank,43.26666667,-66.36666667,2023-09-21,264,German Bank,43.2715,-66.1345,76.0,3,2023TagReturns,,4Xq,4Xq
573913,2023-09-21,264,German Bank,43.3225,-66.38194444,2023-09-22,265,German Bank,,,67.0,1,2023TagReturns,,4Xq,4Xq
574420,2023-09-18,261,German Bank,43.26666667,-66.36666667,2023-09-22,265,German Bank,,,67.0,4,2023TagReturns,,4Xq,4Xq
594136,2022-08-24,236,Scots Bay,45.14533333,-65.0025,2023-09-23,266,UNKNOWN,,,,395,2023TagReturns,,4Xr,
564852,2023-08-28,240,Scots Bay,45.18027778,-64.95611111,2023-09-23,266,UNKNOWN,,,,26,2023TagReturns,,4Xr,
532462,2023-09-11,254,German Bank,43.25,-66.4,2023-09-25,268,Seal Island,,,126.0,14,2023TagReturns,,4Xq,4Xo
567948,2023-09-10,253,Scots Bay,45.13833333,-65.0175,2023-09-25,268,Scots Bay ,,,126.0,15,2023TagReturns,,4Xr,4Xs
567858,2023-09-10,253,Scots Bay,45.13833333,-65.0175,2023-09-25,268,Scots Bay ,,,126.0,15,2023TagReturns,,4Xr,4Xs
569797,2023-09-12,255,Long Island,44.29472222,-66.34027778,2023-09-25,268,Scots Bay ,,,126.0,13,2023TagReturns,,4Xr,4Xs
567883,2023-09-10,253,Scots Bay,45.13833333,-65.0175,2023-09-25,268,Scots Bay,,,126.0,15,2023TagReturns,,4Xr,4Xs
567780,2023-09-10,253,Scots Bay,45.13833333,-65.0175,2023-09-25,268,Scots Bay ,,,126.0,15,2023TagReturns,,4Xr,4Xs
528601,2023-09-11,254,Scots Bay,45.14333333,-65.03972222,2023-09-25,268,Scots Bay ,,,126.0,14,2023TagReturns,,4Xr,4Xs
528701,2023-09-11,254,Scots Bay,45.14333333,-65.03972222,2023-09-25,268,Scots Bay ,,,126.0,14,2023TagReturns,,4Xr,4Xs
567819,2023-09-10,253,Scots Bay,45.13833333,-65.0175,2023-09-25,268,Scots Bay,,,126.0,15,2023TagReturns,,4Xr,4Xs
567922,2023-09-10,253,Scots Bay,45.13833333,-65.0175,2023-09-25,268,Scots Bay ,,,126.0,15,2023TagReturns,,4Xr,4Xs
532386,2023-09-11,254,German Bank,43.25,-66.4,2023-09-25,268,Seal Island,,,126.0,14,2023TagReturns,,4Xq,4Xo
477238,2023-09-18,261,German Bank,43.28805556,-66.14,2023-09-25,268,Seal Island,,,70.0,7,2023TagReturns,,4Xq,4Xo
578578,2023-09-04,247,German Bank,43.25305556,-66.36638889,2023-09-25,268,Seal Island,43.2933333333333,-66.1466666666667,118.0,21,2023TagReturns,,4Xq,4Xq
567565,2023-09-03,246,German Bank,43.27138889,-66.37361111,2023-09-25,268,Seal Island,43.2933333333333,-66.1466666666667,118.0,22,2023TagReturns,,4Xq,4Xq
569841,2023-09-12,255,Long Island,44.29472222,-66.34027778,2023-09-26,269,Scots Bay,,,110.0,14,2023TagReturns,,4Xr,4Xs
567852,2023-09-10,253,Scots Bay,45.13833333,-65.0175,2023-09-26,269,Scots Bay,,,110.0,16,2023TagReturns,,4Xr,4Xs
567811,2023-09-10,253,Scots Bay,45.13833333,-65.0175,2023-09-26,269,Scots Bay,,,110.0,16,2023TagReturns,,4Xr,4Xs
567978,2023-09-10,253,Scots Bay,45.13833333,-65.0175,2023-09-26,269,Scots Bay,,,110.0,16,2023TagReturns,,4Xr,4Xs
567827,2023-09-10,253,Scots Bay,45.13833333,-65.0175,2023-09-26,269,Scots Bay,,,110.0,16,2023TagReturns,,4Xr,4Xs
564900,2023-08-28,240,Scots Bay,45.18027778,-64.95611111,2023-09-26,269,Scots Bay,,,110.0,29,2023TagReturns,,4Xr,4Xs
528685,2023-09-11,254,Scots Bay,45.14333333,-65.03972222,2023-09-26,269,Scots Bay,,,110.0,15,2023TagReturns,,4Xr,4Xs
528662,2023-09-11,254,Scots Bay,45.14333333,-65.03972222,2023-09-26,269,Scots Bay,,,110.0,15,2023TagReturns,,4Xr,4Xs
567921,2023-09-10,253,Scots Bay,45.13833333,-65.0175,2023-09-26,269,Scots Bay,,,110.0,16,2023TagReturns,,4Xr,4Xs
567742,2023-09-10,253,Scots Bay,45.13833333,-65.0175,2023-09-26,269,Scots Bay,,,110.0,16,2023TagReturns,,4Xr,4Xs
528600,2023-09-11,254,Scots Bay,45.14333333,-65.03972222,2023-09-26,269,Scots Bay,,,110.0,15,2023TagReturns,,4Xr,4Xs
564455,2023-08-29,241,Scots Bay,45.19805556,-64.85777778,2023-09-26,269,Scots Bay,,,110.0,28,2023TagReturns,,4Xr,4Xs
567738,2023-09-10,253,Scots Bay,45.13833333,-65.0175,2023-09-26,269,Scots Bay,,,136.0,16,2023TagReturns,,4Xr,4Xs
567844,2023-09-10,253,Scots Bay,45.13833333,-65.0175,2023-09-26,269,Scots Bay ,,,136.0,16,2023TagReturns,,4Xr,4Xs
577890,2023-09-06,249,Scots Bay,45.15833333,-65.01138889,2023-09-26,269,Scots Bay ,,,136.0,20,2023TagReturns,,4Xr,4Xs
567940,2023-09-10,253,Scots Bay,45.13833333,-65.0175,2023-09-26,269,Scots Bay ,,,136.0,16,2023TagReturns,,4Xr,4Xs
528553,2023-09-11,254,Scots Bay,45.14333333,-65.03972222,2023-09-26,269,Scots Bay ,,,136.0,15,2023TagReturns,,4Xr,4Xs
567863,2023-09-10,253,Scots Bay,45.13833333,-65.0175,2023-09-26,269,Scots Bay,,,136.0,16,2023TagReturns,,4Xr,4Xs
530338,2023-09-11,254,Scots Bay,45.13083333,-65.045,2023-09-26,269,Scots Bay,,,43.0,15,2023TagReturns,,4Xr,4Xs
567759,2023-09-10,253,Scots Bay,45.13833333,-65.0175,2023-09-26,269,Scots Bay ,,,43.0,16,2023TagReturns,,4Xr,4Xs
567848,2023-09-10,253,Scots Bay,45.13833333,-65.0175,2023-09-26,269,Scots Bay ,,,43.0,16,2023TagReturns,,4Xr,4Xs
532319,2023-09-11,254,German Bank,43.25,-66.4,2023-09-28,271,German Bank ,,,82.0,17,2023TagReturns,,4Xq,4Xq
532013,2023-09-04,247,German Bank,43.25,-66.35,2023-09-28,271,German Bank ,,,,24,2023TagReturns,,4Xq,4Xq
528253,2023-09-06,249,German Bank,43.26472222,-66.35638889,2023-09-29,272,German Bank ,,,82.0,23,2023TagReturns,,4Xq,4Xq
510561,2022-08-29,241,German Bank,43.31666667,-66.36666667,2023-09-29,272,German Bank ,,,82.0,396,2023TagReturns,,4Xq,4Xq
564541,2023-08-29,241,Scots Bay,45.19805556,-64.85777778,2023-09-29,272,German Bank ,,,82.0,31,2023TagReturns,,4Xr,4Xq
564929,2023-08-28,240,Scots Bay,45.18027778,-64.95611111,2023-09-29,272,German Bank ,,,82.0,32,2023TagReturns,,4Xr,4Xq
569079,2023-08-29,241,Scots Bay,45.15777778,-65.03361111,2023-09-29,272,German Bank ,,,82.0,31,2023TagReturns,,4Xr,4Xq
564391,2023-08-29,241,Scots Bay,45.19805556,-64.85777778,2023-09-29,272,German Bank,,,82.0,31,2023TagReturns,,4Xr,4Xq
528796,2023-09-12,255,German Bank,43.31916667,-66.16166667,2023-09-29,272,German Bank ,,,82.0,17,2023TagReturns,,4Xq,4Xq
557922,2023-07-06,187,Grand Manan,44.58166667,-66.59333333,2023-10-02,275,Wolves ,,,58.0,88,2023TagReturns,,4Xs,4Xs
556606,2023-07-03,184,Scots Bay,45.27555556,-64.9625,2023-10-02,275,Wolves ,,,58.0,91,2023TagReturns,,4Xr,4Xs
529022,2023-10-01,274,Grand Manan,44.63277778,-66.63972222,2023-10-02,275,Grand Manan,,,42.0,1,2023TagReturns,,4Xs,4Xs
529172,2023-10-01,274,Grand Manan,44.63277778,-66.63972222,2023-10-03,276,White Head ,,,56.0,2,2023TagReturns,,4Xs,4Xr
603008,2022-08-30,242,German Bank,43.24338333,-66.33363333,2023-10-03,276,White Head ,,,56.0,399,2023TagReturns,,4Xq,4Xr
523371,2023-07-04,185,Grand Manan,44.6,-66.58305556,2023-10-03,276,White Head ,,,56.0,91,2023TagReturns,,4Xs,4Xr
529315,2023-10-02,275,Grand Manan,44.67416667,-66.65333333,2023-10-03,276,White Head ,,,56.0,1,2023TagReturns,,4Xs,4Xr
556565,2023-07-03,184,Scots Bay,45.27555556,-64.9625,2023-10-03,276,White Head ,,,56.0,92,2023TagReturns,,4Xr,4Xr
533762,2023-10-01,274,Grand Manan,44.65361111,-66.65333333,2023-10-03,276,White Head ,,,56.0,2,2023TagReturns,,4Xs,4Xr
521558,2023-08-28,240,Trinity,44.05,-66.46666667,2023-10-03,276,White Head ,,,56.0,36,2023TagReturns,,4Xr,4Xr
593730,2023-06-22,173,Grand Manan Banks,44.29798333,-66.93935,2023-10-03,276,White Head ,,,56.0,103,2023TagReturns,,5Yb,4Xr
533753,2023-10-01,274,Grand Manan,44.65361111,-66.65333333,2023-10-03,276,White Head ,,,56.0,2,2023TagReturns,,4Xs,4Xr
529109,2023-10-01,274,Grand Manan,44.63277778,-66.63972222,2023-10-03,276,White Head ,,,56.0,2,2023TagReturns,,4Xs,4Xr
529367,2023-10-02,275,Grand Manan,44.67416667,-66.65333333,2023-10-03,276,White Head ,,,63.0,1,2023TagReturns,,4Xs,4Xr
557866,2023-07-06,187,Grand Manan,44.58166667,-66.59333333,2023-10-04,277,White Head ,,,56.0,90,2023TagReturns,,4Xs,4Xr
529282,2023-10-02,275,Grand Manan,44.67416667,-66.65333333,2023-10-04,277,White Head ,,,56.0,2,2023TagReturns,,4Xs,4Xr
533981,2023-10-01,274,Grand Manan,44.65361111,-66.65333333,2023-10-04,277,White Head ,,,56.0,3,2023TagReturns,,4Xs,4Xr
565378,2023-07-03,184,Scots Bay,45.26888889,-64.85,2023-10-04,277,White Head ,,,123.0,93,2023TagReturns,,4Xr,4Xr
529014,2023-10-01,274,Grand Manan,44.63277778,-66.63972222,2023-10-04,277,White Head ,,,63.0,3,2023TagReturns,,4Xs,4Xr
533777,2023-10-01,274,Grand Manan,44.65361111,-66.65333333,2023-10-04,277,White Head,,,63.0,3,2023TagReturns,,4Xs,4Xr
529298,2023-10-02,275,Grand Manan,44.67416667,-66.65333333,2023-10-04,277,White Head ,,,63.0,2,2023TagReturns,,4Xs,4Xr
572173,2023-07-31,212,Grand Manan Banks,44.28555556,-67.00305556,2023-10-04,277,White Head ,,,63.0,65,2023TagReturns,,5Yb,4Xr
556931,2023-07-04,185,Grand Manan,44.60888889,-66.58833333,2023-10-04,277,White Head ,,,63.0,92,2023TagReturns,,4Xs,4Xr
529311,2023-10-02,275,Grand Manan,44.67416667,-66.65333333,2023-10-04,277,White Head ,,,63.0,2,2023TagReturns,,4Xs,4Xr
529230,2023-10-02,275,Grand Manan,44.67416667,-66.65333333,2023-10-04,277,White Head ,,,123.0,2,2023TagReturns,,4Xs,4Xr
487600,2022-10-12,285,Grand Manan,44.75,-66.71666667,2023-10-05,278,White Head,,,63.0,358,2023TagReturns,,4Xs,4Xr
567512,2023-09-03,246,German Bank,43.27138889,-66.37361111,2023-10-05,278,White Head,,,123.0,32,2023TagReturns,,4Xq,4Xr
574029,2023-09-12,255,German Bank,43.26888889,-66.37583333,2023-10-05,278,White Head,,,123.0,23,2023TagReturns,,4Xq,4Xr
529626,2023-10-05,278,German Bank,43.2353,-66.37277778,2023-10-06,279,German Bank,,,17.0,1,2023TagReturns,,4Xq,4Xq
573468,2023-09-17,260,German Bank,43.28388889,-66.39083333,2023-10-11,284,German Bank ,,,186.0,24,2023TagReturns,,4Xq,4Xq
564309,2023-08-29,241,Scots Bay,45.19805556,-64.85777778,2023-10-11,284,German Bank ,,,186.0,43,2023TagReturns,,4Xr,4Xq
533779,2023-10-01,274,Grand Manan,44.65361111,-66.65333333,2023-10-12,285,White Head,,,118.0,11,2023TagReturns,,4Xs,4Xr
529159,2023-10-01,274,Grand Manan,44.63277778,-66.63972222,2023-10-12,285,White Head,,,118.0,11,2023TagReturns,,4Xs,4Xr
564618,2023-08-29,241,Scots Bay,45.19805556,-64.85777778,2023-10-12,285,White Head,,,31.0,44,2023TagReturns,,4Xr,4Xr
521299,2023-08-23,235,German Bank,43.38333333,-66.16666667,2023-10-13,286,Long Island,,,97.0,51,2023TagReturns,,4Xq,4Xr
487835,2022-10-17,290,Grand Manan,44.76666667,-66.71666667,2023-10-13,286,White Head,,,46.0,361,2023TagReturns,,4Xs,4Xr
487541,2022-10-12,285,Grand Manan,44.75,-66.71666667,2023-10-13,286,White Head,,,46.0,366,2023TagReturns,,4Xs,4Xr
585870,2022-08-07,219,Scots Bay,45.146,-65.0465,2023-10-13,286,White Head,,,46.0,432,2023TagReturns,,4Xr,4Xr
529268,2023-10-02,275,Grand Manan,44.67416667,-66.65333333,2023-10-13,286,White Head,,,46.0,11,2023TagReturns,,4Xs,4Xr
557790,2023-07-06,187,Grand Manan,44.58166667,-66.59333333,2023-10-13,286,White Head,,,96.0,99,2023TagReturns,,4Xs,4Xr
564219,2023-08-28,240,Scots Bay,45.14111111,-65.05194444,2023-10-13,286,White Head,,,96.0,46,2023TagReturns,,4Xr,4Xr
564220,2023-08-28,240,Scots Bay,45.14111111,-65.05194444,2023-10-13,286,White Head,,,96.0,46,2023TagReturns,,4Xr,4Xr
529390,2023-10-02,275,Grand Manan,44.67416667,-66.65333333,2023-10-13,286,White Head,,,96.0,11,2023TagReturns,,4Xs,4Xr
533778,2023-10-01,274,Grand Manan,44.65361111,-66.65333333,2023-10-13,286,White Head,,,96.0,12,2023TagReturns,,4Xs,4Xr
529251,2023-10-02,275,Grand Manan,44.67416667,-66.65333333,2023-10-13,286,White Head,,,96.0,11,2023TagReturns,,4Xs,4Xr
529291,2023-10-02,275,Grand Manan,44.67416667,-66.65333333,2023-10-13,286,White Head,,,96.0,11,2023TagReturns,,4Xs,4Xr
529193,2023-10-01,274,Grand Manan,44.63277778,-66.63972222,2023-10-13,286,White Head,,,96.0,12,2023TagReturns,,4Xs,4Xr
563743,2023-08-14,226,Long Island,44.34916667,-66.35805556,2023-10-13,286,White Head,,,96.0,60,2023TagReturns,,4Xr,4Xr
564854,2023-08-28,240,Scots Bay,45.18027778,-64.95611111,2023-10-16,289,White Head,,,110.0,49,2023TagReturns,,4Xr,4Xr
529272,2023-10-02,275,Grand Manan,44.67416667,-66.65333333,2023-10-16,289,White Head,,,110.0,14,2023TagReturns,,4Xs,4Xr
529121,2023-10-01,274,Grand Manan,44.63277778,-66.63972222,2023-10-16,289,Wolves ,,,143.0,15,2023TagReturns,,4Xs,4Xs
533931,2023-10-01,274,Grand Manan,44.65361111,-66.65333333,2023-10-16,289,Wolves ,,,143.0,15,2023TagReturns,,4Xs,4Xs
557814,2023-07-06,187,Grand Manan,44.58166667,-66.59333333,2023-10-16,289,White Head,,,110.0,102,2023TagReturns,,4Xs,4Xr
505237,2023-06-22,173,Grand Manan Banks,44.28333333,-66.98333333,2023-10-16,289,White Head,,,110.0,116,2023TagReturns,,5Yb,4Xr
565484,2023-07-03,184,Scots Bay,45.26888889,-64.85,2023-10-16,289,White Head,,,110.0,105,2023TagReturns,,4Xr,4Xr
593126,2023-06-20,171,Grand Manan Banks,44.2814,-66.96776667,2023-10-16,289,White Head,,,110.0,118,2023TagReturns,,5Yb,4Xr
497211,2023-06-12,163,Trinity,44.1,-66.48333333,2023-10-16,289,White Head,,,110.0,126,2023TagReturns,,4Xr,4Xr
521492,2023-08-23,235,German Bank,43.38333333,-66.16666667,2023-10-16,289,White Head ,,,110.0,54,2023TagReturns,,4Xq,4Xr
533937,2023-10-01,274,Grand Manan,44.65361111,-66.65333333,2023-10-16,289,White Head,,,110.0,15,2023TagReturns,,4Xs,4Xr
521788,2023-08-28,240,Trinity,44.05,-66.46666667,2023-10-16,289,White Head,,,110.0,49,2023TagReturns,,4Xr,4Xr
505150,2023-06-22,173,Grand Manan Banks,44.28333333,-66.98333333,2023-10-16,289,White Head ,,,110.0,116,2023TagReturns,,5Yb,4Xr
529286,2023-10-02,275,Grand Manan,44.67416667,-66.65333333,2023-10-16,289,White Head,,,110.0,14,2023TagReturns,,4Xs,4Xr
523345,2023-07-04,185,Grand Manan,44.6,-66.58305556,2023-10-16,289,White Head,,,110.0,104,2023TagReturns,,4Xs,4Xr
575759,2023-10-09,282,Grand Manan Banks,44.1547222,-67.10972222,2023-10-16,289,Grand Manan Banks,,,91.0,7,2023TagReturns,,5Yb,5Yb
529158,2023-10-01,274,Grand Manan,44.63277778,-66.63972222,2023-10-17,290,White Head,,,115.0,16,2023TagReturns,,4Xs,4Xr
529289,2023-10-02,275,Grand Manan,44.67416667,-66.65333333,2023-10-17,290,White Head,,,115.0,15,2023TagReturns,,4Xs,4Xr
509019,2023-07-05,186,Grand Manan,44.6166667,-66.58333333,2023-10-17,290,White Head,,,115.0,104,2023TagReturns,,4Xs,4Xr
473474,2023-07-07,188,Grand Manan,44.58111111,-66.58416667,2023-10-18,291,White Head,,,62.0,103,2023TagReturns,,4Xs,4Xr
577882,2023-09-06,249,Scots Bay,45.15833333,-65.01138889,2023-10-18,291,White Head,,,62.0,42,2023TagReturns,,4Xr,4Xr
529221,2023-10-01,274,Grand Manan,44.63277778,-66.63972222,2023-10-18,291,White Head,,,62.0,17,2023TagReturns,,4Xs,4Xr
533772,2023-10-01,274,Grand Manan,44.65361111,-66.65333333,2023-10-18,291,White Head,,,115.0,17,2023TagReturns,,4Xs,4Xr
498195,2022-08-16,228,German Bank,43.29838333,-66.42238333,2023-10-18,291,White Head,,,115.0,428,2023TagReturns,,4Xq,4Xr
521981,2023-08-28,240,Trinity,44.05,-66.46666667,2023-10-18,291,White Head,,,115.0,51,2023TagReturns,,4Xr,4Xr
569479,2023-08-30,242,Long Island,44.295,-66.42,2023-10-19,292,White Head,,,31.0,50,2023TagReturns,,4Xr,4Xr
533766,2023-10-01,274,Grand Manan,44.65361111,-66.65333333,2023-10-19,292,White Head,,,31.0,18,2023TagReturns,,4Xs,4Xr
556552,2023-07-03,184,Scots Bay,45.27555556,-64.9625,2023-10-19,292,North West Ledge,,,125.0,108,2023TagReturns,,4Xr,
529254,2023-10-02,275,Grand Manan,44.67416667,-66.65333333,2023-10-19,292,North West Ledge,,,125.0,17,2023TagReturns,,4Xs,
533867,2023-10-01,274,Grand Manan,44.65361111,-66.65333333,2023-10-20,293,White Head,,,109.0,19,2023TagReturns,,4Xs,4Xr
566638,2023-08-23,235,German Bank,43.48611111,-66.22694444,2025-02-04,35,UNKNOWN,,,,531,2025 Tag Returns,Found on Scots Bay beach. Website return. Date submitted to site is return date.,4Xq,
569215,2023-08-29,241,Scots Bay,45.18972222,-64.92277778,2023-09-01,244,UNKNOWN,43.2873333333333,-66.4115,84.0,3,2024 Tag Returns,,4Xr,4Xq
569032,2023-08-29,241,Scots Bay,45.15777778,-65.03361111,2023-09-01,244,UNKNOWN,43.2873333333333,-66.4115,84.0,3,2024 Tag Returns,,4Xr,4Xq
564460,2023-08-29,241,Scots Bay,45.19805556,-64.85777778,2023-09-01,244,UNKNOWN,43.2873333333333,-66.4115,84.0,3,2024 Tag Returns,,4Xr,4Xq
564341,2023-08-29,241,Scots Bay,45.19805556,-64.85777778,2023-09-01,244,UNKNOWN,43.2873333333333,-66.4115,84.0,3,2024 Tag Returns,,4Xr,4Xq
532275,2023-09-11,254,German Bank,43.25,-66.4,2024-11-01,306,German Bank,,,,417,2024 Tag Returns,,4Xq,4Xq
567881,2023-09-10,253,Scots Bay,45.13833333,-65.0175,2024-08-02,215,UNKNOWN,,,,327,2024 Tag Returns,,4Xr,
471754,2023-08-29,241,Scots Bay,45.21111111,-64.8225,2024-09-03,247,Scots Bay,45.131,-65.0706666666667,81.0,371,2024 Tag Returns,,4Xr,4Xr
502977,2022-08-24,236,German Bank,43.22238333,-66.35058333,2024-10-03,277,German Bank,,,,771,2024 Tag Returns,,4Xq,4Xq
566638,2023-08-23,235,German Bank,43.48611111,-66.22694444,2025-02-04,35,UNKNOWN,,,,531,2024 Tag Returns,,4Xq,
577472,2023-09-04,247,German Bank,43.25972222,-66.37611111,2023-09-05,248,UNKNOWN,43.2666666666667,-66.35,185.0,1,2024 Tag Returns,,4Xq,4Xq
567083,2023-08-29,241,Scots Bay,45.20138889,-64.88638889,2023-09-05,248,Seal Island,43.2666666666667,-66.385,78.0,7,2024 Tag Returns,,4Xr,4Xq
567442,2023-09-03,246,German Bank,43.27138889,-66.37361111,2023-09-05,248,Seal Island,43.2666666666667,-66.385,78.0,2,2024 Tag Returns,,4Xq,4Xq
564416,2023-08-29,241,Scots Bay,45.19805556,-64.85777778,2023-09-05,248,Seal Island,43.2666666666667,-66.385,78.0,7,2024 Tag Returns,,4Xr,4Xq
567465,2023-09-03,246,German Bank,43.27138889,-66.37361111,2023-09-05,248,Seal Island,43.2666666666667,-66.385,78.0,2,2024 Tag Returns,,4Xq,4Xq
564456,2023-08-29,241,Scots Bay,45.19805556,-64.85777778,2023-09-05,248,Seal Island,43.2666666666667,-66.385,78.0,7,2024 Tag Returns,,4Xr,4Xq
564640,2023-08-29,241,Scots Bay,45.19805556,-64.85777778,2023-09-05,248,Seal Island,43.2666666666667,-66.385,78.0,7,2024 Tag Returns,,4Xr,4Xq
564349,2023-08-29,241,Scots Bay,45.19805556,-64.85777778,2023-09-05,248,Seal Island,43.2666666666667,-66.385,78.0,7,2024 Tag Returns,,4Xr,4Xq
564107,2023-08-28,240,Scots Bay,45.14111111,-65.05194444,2024-08-06,219,Scots Bay,45.1626666666667,-64.9728333333333,106.0,344,2024 Tag Returns,,4Xr,4Xr
567570,2023-09-03,246,German Bank,43.27138889,-66.37361111,2023-09-06,249,UNKNOWN,43.25,-66.3833333333333,122.0,3,2024 Tag Returns,Used BP as Connors vessel that had the biggest catch on the day.,4Xq,4Xq
567207,2023-08-29,241,Scots Bay,45.20138889,-64.88638889,2023-09-06,249,UNKNOWN,43.25,-66.3833333333333,122.0,8,2024 Tag Returns,Used BP as Connors vessel that had the biggest catch on the day.,4Xr,4Xq
500940,2022-08-10,222,Scots Bay,45.18843333,-64.88335,2023-09-06,249,UNKNOWN,43.25,-66.3833333333333,122.0,392,2024 Tag Returns,Used BP as Connors vessel that had the biggest catch on the day.,4Xr,4Xq
471823,2023-08-29,241,Scots Bay,45.21111111,-64.8225,2023-09-06,249,UNKNOWN,43.25,-66.3833333333333,122.0,8,2024 Tag Returns,Used BP as Connors vessel that had the biggest catch on the day.,4Xr,4Xq
569073,2023-08-29,241,Scots Bay,45.15777778,-65.03361111,2023-09-06,249,UNKNOWN,43.25,-66.3833333333333,122.0,8,2024 Tag Returns,Used BP as Connors vessel that had the biggest catch on the day.,4Xr,4Xq
471652,2023-08-28,240,Scots Bay,45.1633,-64.9931,2023-09-06,249,UNKNOWN,43.25,-66.3833333333333,122.0,9,2024 Tag Returns,Used BP as Connors vessel that had the biggest catch on the day.,4Xr,4Xq
521399,2023-08-23,235,German Bank,43.38333333,-66.16666667,2024-06-07,159,Lurcher,43.9,-68.465,66.0,289,2024 Tag Returns,,4Xq,5Yc
528137,2023-09-05,248,German Bank,43.26666667,-66.36638889,2023-09-07,250,German Bank,45.1543333333333,-64.9923333333333,147.0,2,2024 Tag Returns,,4Xq,4Xr
567428,2023-09-03,246,German Bank,43.27138889,-66.37361111,2023-09-07,250,German Bank,45.1543333333333,-64.9923333333333,147.0,4,2024 Tag Returns,,4Xq,4Xr
564354,2023-08-29,241,Scots Bay,45.19805556,-64.85777778,2023-09-07,250,UNKNOWN,45.1333333333333,-65.05,119.0,9,2024 Tag Returns,Used FM as Connors vessel that had the biggest catch on the day.,4Xr,4Xr
567510,2023-09-03,246,German Bank,43.27138889,-66.37361111,2023-09-07,250,UNKNOWN,45.1333333333333,-65.05,119.0,4,2024 Tag Returns,Used FM as Connors vessel that had the biggest catch on the day.,4Xq,4Xr
564891,2023-08-28,240,Scots Bay,45.18027778,-64.95611111,2023-09-07,250,UNKNOWN,45.1333333333333,-65.05,119.0,10,2024 Tag Returns,Used FM as Connors vessel that had the biggest catch on the day.,4Xr,4Xr
471841,2023-08-29,241,Scots Bay,45.21111111,-64.8225,2023-09-07,250,UNKNOWN,45.1333333333333,-65.05,119.0,9,2024 Tag Returns,Used FM as Connors vessel that had the biggest catch on the day.,4Xr,4Xr
567176,2023-08-29,241,Scots Bay,45.20138889,-64.88638889,2023-09-07,250,UNKNOWN,45.1333333333333,-65.05,119.0,9,2024 Tag Returns,Used FM as Connors vessel that had the biggest catch on the day.,4Xr,4Xr
502446,2022-08-24,236,German Bank,43.29388333,-66.39218333,2023-09-07,250,UNKNOWN,45.1333333333333,-65.05,119.0,379,2024 Tag Returns,Used FM as Connors vessel that had the biggest catch on the day.,4Xq,4Xr
471495,2023-08-28,240,Scots Bay,45.1925,-64.8775,2023-09-07,250,UNKNOWN,45.1333333333333,-65.05,119.0,10,2024 Tag Returns,Used FM as Connors vessel that had the biggest catch on the day.,4Xr,4Xr
563788,2023-08-20,232,Scots Bay,45.12166667,-65.05638889,2023-09-07,250,UNKNOWN,45.1333333333333,-65.05,119.0,18,2024 Tag Returns,Used FM as Connors vessel that had the biggest catch on the day.,4Xr,4Xr
563824,2023-08-20,232,Scots Bay,45.12166667,-65.05638889,2023-09-07,250,UNKNOWN,45.1333333333333,-65.05,119.0,18,2024 Tag Returns,Used FM as Connors vessel that had the biggest catch on the day.,4Xr,4Xr
567199,2023-08-29,241,Scots Bay,45.20138889,-64.88638889,2023-09-07,250,UNKNOWN,45.1333333333333,-65.05,119.0,9,2024 Tag Returns,Used FM as Connors vessel that had the biggest catch on the day.,4Xr,4Xr
567221,2023-08-29,241,Scots Bay,45.20138889,-64.88638889,2023-09-07,250,UNKNOWN,45.1333333333333,-65.05,119.0,9,2024 Tag Returns,Used FM as Connors vessel that had the biggest catch on the day.,4Xr,4Xr
564937,2023-08-28,240,Scots Bay,45.18027778,-64.95611111,2023-09-07,250,UNKNOWN,45.1333333333333,-65.05,119.0,10,2024 Tag Returns,Used FM as Connors vessel that had the biggest catch on the day.,4Xr,4Xr
567200,2023-08-29,241,Scots Bay,45.20138889,-64.88638889,2023-09-07,250,UNKNOWN,45.1333333333333,-65.05,119.0,9,2024 Tag Returns,Used FM as Connors vessel that had the biggest catch on the day.,4Xr,4Xr
532142,2023-09-04,247,German Bank,43.25,-66.35,2023-09-07,250,UNKNOWN,45.1333333333333,-65.05,119.0,3,2024 Tag Returns,Used FM as Connors vessel that had the biggest catch on the day.,4Xq,4Xr
564665,2023-08-28,240,Scots Bay,45.18027778,-64.95611111,2023-09-07,250,UNKNOWN,45.1333333333333,-65.05,119.0,10,2024 Tag Returns,Used FM as Connors vessel that had the biggest catch on the day.,4Xr,4Xr
564319,2023-08-29,241,Scots Bay,45.19805556,-64.85777778,2023-09-07,250,UNKNOWN,45.1333333333333,-65.05,119.0,9,2024 Tag Returns,Used FM as Connors vessel that had the biggest catch on the day.,4Xr,4Xr
594136,2022-08-24,236,Scots Bay,45.14533333,-65.0025,2023-09-07,250,UNKNOWN,45.1333333333333,-65.05,119.0,379,2024 Tag Returns,Used FM as Connors vessel that had the biggest catch on the day.,4Xr,4Xr
564852,2023-08-28,240,Scots Bay,45.18027778,-64.95611111,2023-09-07,250,UNKNOWN,45.1333333333333,-65.05,119.0,10,2024 Tag Returns,Used FM as Connors vessel that had the biggest catch on the day.,4Xr,4Xr
567224,2023-08-29,241,Scots Bay,45.20138889,-64.88638889,2023-09-07,250,UNKNOWN,45.1333333333333,-65.05,119.0,9,2024 Tag Returns,Used FM as Connors vessel that had the biggest catch on the day.,4Xr,4Xr
572426,2023-08-27,239,Scots Bay,45.13527778,-65.06972222,2023-09-07,250,UNKNOWN,45.1333333333333,-65.05,119.0,11,2024 Tag Returns,Used FM as Connors vessel that had the biggest catch on the day.,4Xr,4Xr
471581,2023-08-28,240,Scots Bay,45.1925,-64.8775,2023-09-08,251,UNKNOWN,,,,11,2024 Tag Returns,,4Xr,
567116,2023-08-29,241,Scots Bay,45.20138889,-64.88638889,2023-09-08,251,UNKNOWN,,,,10,2024 Tag Returns,,4Xr,
471749,2023-08-29,241,Scots Bay,45.21111111,-64.8225,2023-09-08,251,UNKNOWN,,,,10,2024 Tag Returns,,4Xr,
564842,2023-08-28,240,Scots Bay,45.18027778,-64.95611111,2023-09-08,251,UNKNOWN,,,,11,2024 Tag Returns,,4Xr,
567037,2023-08-29,241,Scots Bay,45.20138889,-64.88638889,2023-09-08,251,UNKNOWN,,,,10,2024 Tag Returns,,4Xr,
564361,2023-08-29,241,Scots Bay,45.19805556,-64.85777778,2023-09-08,251,UNKNOWN,,,,10,2024 Tag Returns,,4Xr,
564318,2023-08-29,241,Scots Bay,45.19805556,-64.85777778,2023-09-08,251,UNKNOWN,,,,10,2024 Tag Returns,,4Xr,
578866,2023-09-07,250,Scots Bay,45.11333333,-65.09944444,2023-09-11,254,UNKNOWN,45.1166666666667,-65.0333333333333,152.0,4,2024 Tag Returns,Used FM as Connors vessel that had the biggest catch on the day.,4Xr,4Xr
521966,2023-08-28,240,Trinity,44.05,-66.46666667,2024-06-12,164,Grand Manan,43.5966666666667,-66.62,109.0,289,2024 Tag Returns,,4Xr,4Xq
569507,2023-08-30,242,Long Island,44.295,-66.42,2024-08-12,225,Scots Bay,45.0666666666667,-65.0,102.0,348,2024 Tag Returns,,4Xr,4Xr
564585,2023-08-29,241,Scots Bay,45.19805556,-64.85777778,2024-08-12,225,Scots Bay,45.16775,-64.9565,63.0,349,2024 Tag Returns,,4Xr,4Xr
529460,2023-10-04,277,Long Island,44.36222222,-66.32055556,2024-06-13,165,Grand Manan,44.5833333333333,-66.6016666666667,98.0,253,2024 Tag Returns,,4Xr,4Xs
528811,2023-09-12,255,German Bank,43.31916667,-66.16166667,2023-09-13,256,UNKNOWN,43.285,-66.1133333333333,136.0,1,2024 Tag Returns,,4Xq,4Xq
564756,2023-08-28,240,Scots Bay,45.18027778,-64.95611111,2023-09-15,258,UNKNOWN,43.275,-66.3833333333333,171.0,18,2024 Tag Returns,,4Xr,4Xq
567493,2023-09-03,246,German Bank,43.27138889,-66.37361111,2023-09-15,258,UNKNOWN,43.275,-66.3833333333333,171.0,12,2024 Tag Returns,,4Xq,4Xq
500534,2022-08-09,221,Scots Bay,45.16556667,-64.94023333,2023-09-15,258,UNKNOWN,43.25,-66.3666666666667,108.0,402,2024 Tag Returns,Used FM as Connors vessel that had the biggest catch on the day.,4Xr,4Xq
577946,2023-09-06,249,Scots Bay,45.15833333,-65.01138889,2023-09-15,258,UNKNOWN,43.25,-66.3666666666667,108.0,9,2024 Tag Returns,Used FM as Connors vessel that had the biggest catch on the day.,4Xr,4Xq
514040,2021-10-04,277,German Bank,43.291,-66.45433333,2023-09-15,258,UNKNOWN,43.25,-66.3666666666667,108.0,711,2024 Tag Returns,Used FM as Connors vessel that had the biggest catch on the day.,4Xq,4Xq
577445,2023-09-04,247,German Bank,43.25972222,-66.37611111,2023-09-15,258,UNKNOWN,43.25,-66.3666666666667,108.0,11,2024 Tag Returns,Used FM as Connors vessel that had the biggest catch on the day.,4Xq,4Xq
569057,2023-08-29,241,Scots Bay,45.15777778,-65.03361111,2023-09-15,258,UNKNOWN,43.25,-66.3666666666667,108.0,17,2024 Tag Returns,Used FM as Connors vessel that had the biggest catch on the day.,4Xr,4Xq
569147,2023-08-29,241,Scots Bay,45.15777778,-65.03361111,2023-09-15,258,UNKNOWN,43.25,-66.3666666666667,108.0,17,2024 Tag Returns,Used FM as Connors vessel that had the biggest catch on the day.,4Xr,4Xq
567157,2023-08-29,241,Scots Bay,45.20138889,-64.88638889,2023-09-15,258,UNKNOWN,43.25,-66.3666666666667,108.0,17,2024 Tag Returns,Used FM as Connors vessel that had the biggest catch on the day.,4Xr,4Xq
564179,2023-08-28,240,Scots Bay,45.14111111,-65.05194444,2024-09-17,261,Scots Bay,45.1333333333333,-65.05,88.0,386,2024 Tag Returns,,4Xr,4Xr
471737,2023-08-29,241,Scots Bay,45.21111111,-64.8225,2024-09-17,261,Scots Bay,45.1333333333333,-65.05,88.0,385,2024 Tag Returns,,4Xr,4Xr
567218,2023-08-29,241,Scots Bay,45.20138889,-64.88638889,2024-09-17,261,UNKNOWN,,,,385,2024 Tag Returns,,4Xr,
502001,2022-08-22,234,Scots Bay,45.12246667,-65.05455,2024-09-17,261,UNKNOWN,,,,757,2024 Tag Returns,,4Xr,
556292,2023-06-28,179,Grand Manan,44.62,-66.65611111,2024-09-17,261,UNKNOWN,,,,447,2024 Tag Returns,,4Xs,
473464,2023-07-07,188,Grand Manan,44.58111111,-66.58416667,2024-09-17,261,UNKNOWN,,,,438,2024 Tag Returns,,4Xs,
517984,2021-10-04,277,German Bank,43.291,-66.45433333,2024-09-17,261,UNKNOWN,,,,1079,2024 Tag Returns,,4Xq,
510556,2022-08-29,241,German Bank,43.31666667,-66.36666667,2024-09-17,261,UNKNOWN,,,,750,2024 Tag Returns,,4Xq,
557217,2023-07-05,186,Grand Manan,44.59305556,-66.58416667,2024-09-17,261,UNKNOWN,,,,440,2024 Tag Returns,,4Xs,
567458,2023-09-03,246,German Bank,43.27138889,-66.37361111,2024-09-17,261,UNKNOWN,,,,380,2024 Tag Returns,,4Xq,
498347,2022-08-16,228,German Bank,43.34535,-66.44735,2024-09-17,261,UNKNOWN,,,,763,2024 Tag Returns,,4Xq,
500573,2022-08-09,221,Scots Bay,45.16556667,-64.94023333,2024-09-17,261,Scots Bay,,,,770,2024 Tag Returns,,4Xr,4Xs
594122,2022-08-24,236,Scots Bay,45.14533333,-65.0025,2024-09-17,261,Scots Bay,,,,755,2024 Tag Returns,,4Xr,4Xs
590350,2021-08-17,229,Scots Bay,45.13388333,-65.0691,2024-09-17,261,Scots Bay,,,,1127,2024 Tag Returns,,4Xr,4Xs
507864,2022-07-08,189,Grand Manan,44.63333333,-66.65,2024-09-17,261,UNKNOWN,,,,802,2024 Tag Returns,,4Xs,
495668,2022-08-07,219,Scots Bay,45.1864,-64.92838333,2024-09-17,261,Scots Bay,,,,772,2024 Tag Returns,,4Xr,4Xs
564633,2023-08-29,241,Scots Bay,45.19805556,-64.85777778,2024-09-17,261,Scots Bay,,,,385,2024 Tag Returns,,4Xr,4Xs
512790,2021-08-10,222,Long Island,44.3525,-66.3735,2024-09-17,261,Other,,,,1134,2024 Tag Returns,,4Xr,
532292,2023-09-11,254,German Bank,43.25,-66.4,2023-09-18,261,German Bank,43.2983333333333,-66.135,132.0,7,2024 Tag Returns,,4Xq,4Xq
502414,2022-08-24,236,German Bank,43.29388333,-66.39218333,2022-09-19,262,UNKNOWN,43.2683333333333,-66.3516666666667,115.0,26,2024 Tag Returns,Used LM as Comeau vessel that had the biggest catch on the day.,4Xq,4Xq
528324,2023-09-06,249,German Bank,43.26472222,-66.35638889,2023-09-19,262,German Bank,43.2906666666667,-66.1223333333333,58.0,13,2024 Tag Returns,,4Xq,4Xq
564740,2023-08-28,240,Scots Bay,45.18027778,-64.95611111,2023-09-19,262,UNKNOWN,43.2683333333333,-66.3516666666667,115.0,22,2024 Tag Returns,Used LM as Comeau vessel that had the biggest catch on the day.,4Xr,4Xq
532087,2023-09-04,247,German Bank,43.25,-66.35,2023-09-19,262,UNKNOWN,,,189.0,15,2024 Tag Returns,Used FM as Connors vessel that had the biggest catch on the day. No lat and lons on length frequency sheet.,4Xq,
567880,2023-09-10,253,Scots Bay,45.13833333,-65.0175,2024-09-19,263,Scots Bay,45.1166666666667,-65.05,124.0,375,2024 Tag Returns,,4Xr,4Xr
566792,2023-08-23,235,German Bank,43.48611111,-66.22694444,2024-06-20,172,Scots Bay,44.68,-66.5666666666667,61.0,302,2024 Tag Returns,,4Xq,4Xs
564214,2023-08-28,240,Scots Bay,45.14111111,-65.05194444,2024-08-20,233,Scots Bay,45.1833333333333,-65.9,85.0,358,2024 Tag Returns,,4Xr,4Xs
567067,2023-08-29,241,Scots Bay,45.20138889,-64.88638889,2024-08-20,233,Scots Bay,45.1833333333333,-65.9,85.0,357,2024 Tag Returns,,4Xr,4Xs
574362,2023-09-18,261,German Bank,43.26666667,-66.36666667,2023-09-21,264,German Bank,43.2906666666667,-66.1223333333333,,3,2024 Tag Returns,,4Xq,4Xq
567226,2023-08-29,241,Scots Bay,45.20138889,-64.88638889,2024-08-22,235,Scots Bay,44.0666666666667,-65.0666666666667,115.0,359,2024 Tag Returns,,4Xr,4X
563741,2023-08-14,226,Long Island,44.34916667,-66.35805556,2023-08-23,235,UNKNOWN,,,134.0,9,2024 Tag Returns,Used BP as Connors vessel that had the biggest catch on the day.,4Xr,
498720,2022-08-22,234,Scots Bay,45.1461,-64.99368333,2023-08-23,235,UNKNOWN,,,134.0,366,2024 Tag Returns,Used BP as Connors vessel that had the biggest catch on the day.,4Xr,
563721,2023-08-14,226,Long Island,44.34916667,-66.35805556,2023-08-23,235,UNKNOWN,,,134.0,9,2024 Tag Returns,Used BP as Connors vessel that had the biggest catch on the day.,4Xr,
563828,2023-08-20,232,Scots Bay,45.12166667,-65.05638889,2023-08-23,235,UNKNOWN,,,134.0,3,2024 Tag Returns,Used BP as Connors vessel that had the biggest catch on the day.,4Xr,
563764,2023-08-20,232,Scots Bay,45.12166667,-65.05638889,2023-08-23,235,UNKNOWN,,,134.0,3,2024 Tag Returns,Used BP as Connors vessel that had the biggest catch on the day.,4Xr,
563731,2023-08-14,226,Long Island,44.34916667,-66.35805556,2023-08-23,235,UNKNOWN,,,134.0,9,2024 Tag Returns,Used BP as Connors vessel that had the biggest catch on the day.,4Xr,
563727,2023-08-14,226,Long Island,44.34916667,-66.35805556,2023-08-23,235,UNKNOWN,,,134.0,9,2024 Tag Returns,Used BP as Connors vessel that had the biggest catch on the day.,4Xr,
563712,2023-08-14,226,Long Island,44.34916667,-66.35805556,2023-08-23,235,UNKNOWN,,,134.0,9,2024 Tag Returns,Used BP as Connors vessel that had the biggest catch on the day.,4Xr,
563757,2023-08-20,232,Scots Bay,45.12166667,-65.05638889,2023-08-23,235,UNKNOWN,,,134.0,3,2024 Tag Returns,Used BP as Connors vessel that had the biggest catch on the day.,4Xr,
563702,2023-08-14,226,Long Island,44.34916667,-66.35805556,2023-08-23,235,UNKNOWN,,,134.0,9,2024 Tag Returns,Used BP as Connors vessel that had the biggest catch on the day.,4Xr,
567029,2023-08-29,241,Scots Bay,45.20138889,-64.88638889,2024-09-24,268,Scots Bay,45.165,-64.9785,91.0,392,2024 Tag Returns,,4Xr,4Xr
564204,2023-08-28,240,Scots Bay,45.14111111,-65.05194444,2024-06-25,177,White Head,45.1333333333333,-65.1166666666667,69.0,302,2024 Tag Returns,,4Xr,4Xr
578578,2023-09-04,247,German Bank,43.25305556,-66.36638889,2023-09-25,268,UNKNOWN,45.15,-64.8333333333333,132.0,21,2024 Tag Returns,Used C1 as Connors vessel that had the biggest catch.,4Xq,4Xr
567565,2023-09-03,246,German Bank,43.27138889,-66.37361111,2023-09-25,268,UNKNOWN,45.15,-64.8333333333333,132.0,22,2024 Tag Returns,Used C1 as Connors vessel that had the biggest catch.,4Xq,4Xr
529179,2023-10-01,274,Grand Manan,44.63277778,-66.63972222,2024-06-26,178,Grand Manan,44.5833333333333,-66.5966666666667,60.0,269,2024 Tag Returns,,4Xs,4Xs
577781,2023-09-06,249,Scots Bay,45.15833333,-65.01138889,2024-09-26,270,Scots Bay,45.1333333333333,-65.1166666666667,70.0,386,2024 Tag Returns,,4Xr,4Xr
603551,2022-09-12,255,German Bank,43.23446667,-66.34903333,2023-08-28,240,UNKNOWN,45.1333333333333,-65.05,107.0,350,2024 Tag Returns,Used FM as Connors vessel that had the biggest catch.,4Xq,4Xr
532013,2023-09-04,247,German Bank,43.25,-66.35,2023-09-28,271,UNKNOWN,45.1333333333333,-65.05,107.0,24,2024 Tag Returns,Used FM as Connors vessel that had the biggest catch.,4Xq,4Xr
471466,2023-08-28,240,Scots Bay,45.1925,-64.8775,2023-08-29,241,UNKNOWN,43.2375,-66.321,50.0,1,2024 Tag Returns,,4Xr,4Xq
564145,2023-08-28,240,Scots Bay,45.14111111,-65.05194444,2023-08-29,241,UNKNOWN,43.2375,-66.321,50.0,1,2024 Tag Returns,,4Xr,4Xq
572482,2023-08-27,239,Scots Bay,45.13527778,-65.06972222,2023-08-29,241,UNKNOWN,,,82.0,2,2024 Tag Returns,Used C1 as Connors vessel that had the biggest catch.,4Xr,
471259,2023-08-21,233,German Bank,43.26611111,-66.37361111,2023-08-29,241,UNKNOWN,,,82.0,8,2024 Tag Returns,Used C1 as Connors vessel that had the biggest catch.,4Xq,
564016,2023-08-28,240,Scots Bay,45.14111111,-65.05194444,2023-08-29,241,UNKNOWN,,,82.0,1,2024 Tag Returns,Used C1 as Connors vessel that had the biggest catch.,4Xr,
474896,2023-10-04,277,Long Island,44.30111111,-66.33555556,2024-07-30,212,Scots Bay,46.0,-64.9666666666667,56.0,300,2024 Tag Returns,,4Xr,4
603928,2022-09-13,256,German Bank,43.29043333,-66.4312,2023-08-30,242,UNKNOWN,43.264,-66.3456666666667,32.0,351,2024 Tag Returns,Used C1 as Connors only vessel out that day.,4Xq,4Xq
563703,2023-08-14,226,Long Island,44.34916667,-66.35805556,2023-08-30,242,UNKNOWN,43.264,-66.3456666666667,32.0,16,2024 Tag Returns,Used C1 as Connors only vessel out that day.,4Xr,4Xq
564573,2023-08-29,241,Scots Bay,45.19805556,-64.85777778,2023-08-30,242,UNKNOWN,43.264,-66.3456666666667,32.0,1,2024 Tag Returns,Used C1 as Connors only vessel out that day.,4Xr,4Xq
564038,2023-08-28,240,Scots Bay,45.14111111,-65.05194444,2023-08-30,242,UNKNOWN,43.264,-66.3456666666667,32.0,2,2024 Tag Returns,Used C1 as Connors only vessel out that day.,4Xr,4Xq
564593,2023-08-29,241,Scots Bay,45.19805556,-64.85777778,2023-08-30,242,UNKNOWN,43.264,-66.3456666666667,32.0,1,2024 Tag Returns,Used C1 as Connors only vessel out that day.,4Xr,4Xq
564713,2023-08-28,240,Scots Bay,45.18027778,-64.95611111,2023-08-30,242,UNKNOWN,43.2373333333333,-66.321,50.0,2,2024 Tag Returns,,4Xr,4Xq
564637,2023-08-29,241,Scots Bay,45.19805556,-64.85777778,2023-08-30,242,UNKNOWN,43.2373333333333,-66.321,50.0,1,2024 Tag Returns,,4Xr,4Xq
564334,2023-08-29,241,Scots Bay,45.19805556,-64.85777778,2023-08-30,242,UNKNOWN,43.2373333333333,-66.321,50.0,1,2024 Tag Returns,,4Xr,4Xq
564312,2023-08-29,241,Scots Bay,45.19805556,-64.85777778,2023-08-30,242,UNKNOWN,43.2373333333333,-66.321,50.0,1,2024 Tag Returns,,4Xr,4Xq
564783,2023-08-28,240,Scots Bay,45.18027778,-64.95611111,2023-08-30,242,UNKNOWN,43.2373333333333,-66.321,50.0,2,2024 Tag Returns,,4Xr,4Xq
564604,2023-08-29,241,Scots Bay,45.19805556,-64.85777778,2023-08-30,242,UNKNOWN,43.2373333333333,-66.321,50.0,1,2024 Tag Returns,,4Xr,4Xq
564864,2023-08-28,240,Scots Bay,45.18027778,-64.95611111,2023-08-30,242,UNKNOWN,43.2373333333333,-66.321,50.0,2,2024 Tag Returns,,4Xr,4Xq
564417,2023-08-29,241,Scots Bay,45.19805556,-64.85777778,2023-08-30,242,UNKNOWN,43.2373333333333,-66.321,50.0,1,2024 Tag Returns,,4Xr,4Xq
564764,2023-08-28,240,Scots Bay,45.18027778,-64.95611111,2023-08-30,242,UNKNOWN,43.2373333333333,-66.321,50.0,2,2024 Tag Returns,,4Xr,4Xq
564554,2023-08-29,241,Scots Bay,45.19805556,-64.85777778,2023-08-30,242,UNKNOWN,43.2373333333333,-66.321,50.0,1,2024 Tag Returns,,4Xr,4Xq
564761,2023-08-28,240,Scots Bay,45.18027778,-64.95611111,2023-08-30,242,UNKNOWN,43.2373333333333,-66.321,50.0,2,2024 Tag Returns,,4Xr,4Xq
564463,2023-08-29,241,Scots Bay,45.19805556,-64.85777778,2023-08-30,242,UNKNOWN,43.2373333333333,-66.321,50.0,1,2024 Tag Returns,,4Xr,4Xq
473112,2022-09-07,250,Scots Bay,45.19678333,-64.88591667,2023-08-30,242,UNKNOWN,44.3166666666667,-66.4116666666667,12.0,357,2024 Tag Returns,,4Xr,4Xr
471616,2023-08-28,240,Scots Bay,45.1925,-64.8775,2023-08-30,242,UNKNOWN,44.3166666666667,-66.4116666666667,12.0,2,2024 Tag Returns,,4Xr,4Xr
564411,2023-08-29,241,Scots Bay,45.19805556,-64.85777778,2023-08-30,242,UNKNOWN,44.3166666666667,-66.4116666666667,12.0,1,2024 Tag Returns,,4Xr,4Xr
564358,2023-08-29,241,Scots Bay,45.19805556,-64.85777778,2023-08-30,242,UNKNOWN,44.3166666666667,-66.4116666666667,12.0,1,2024 Tag Returns,,4Xr,4Xr
471558,2023-08-28,240,Scots Bay,45.1925,-64.8775,2023-08-30,242,UNKNOWN,44.3166666666667,-66.4116666666667,12.0,2,2024 Tag Returns,,4Xr,4Xr
603692,2022-09-13,256,German Bank,43.25433333,-66.39785,2023-08-31,243,UNKNOWN,,,,352,2024 Tag Returns,,4Xq,
