Vessel,Difference
BP,-1.4798989372508942
C1,0.9758111214738818
LB,0.7639840755891356
LJ,-2.02436314827078
SL,-1.2834049525844407
TM,2.642893062049467
NA,0
