Vessel,Transect.No.,Speed,Transect
BP,T01,8.739356063708005,T01
BP,T02,9.525292550134067,T02
C1,T01,8.881683892502656,T01
C1,T02,9.301561435419353,T02
LB,T01,8.52507177535412,T01
LB,T02,8.563831159695217,T02
LB,T03,6.976648630487317,T03
LB,T04,8.281450949561359,T04
LJ,T01,8.738533164105252,T01
LJ,T02,8.930792051882365,T02
SL,T01,8.76652818862837,T01
SL,T02,7.224752719815621,T02
SL,T03,8.434785678767774,T03
SL,T04,8.536053960407841,T04
TM,T01,8.195136920994088,T01
TM,T02,9.30527255172028,T02
