Vessel,Difference
FM,-0.03499120025088587
LJ,0.5278799204738647
LM,0.20139588272922992
MS,7.50374977604946
NA,0
