Vessel,Transect.No.,Speed,Transect
FM,T01,8.11330353067767,T01
FM,T02,7.792932203211564,T02
LJ,T01,8.31532332064716,T01
LJ,T02,7.78882224679894,T02
LM,T01,8.401876470995616,T01
LM,T02,8.213331424345592,T02
MS,T01,8.396028294765348,T01
MS,T02,7.153578032209634,T02
