Vessel,Difference
C1,1.4685522272371827
FM,0.5503618994121382
LB,0.4729534315700903
LJ,-0.7899631750544529
LM,0.45056263243765216
MS,-3.194079808813669
SL,3.260647962728754
NA,0
