Vessel,Transect.No.,Speed,Transect
C1,T01,8.849718398164816,T01
C1,T02,8.732764262228882,T02
FM,T01,8.732591681261088,T01
FM,T02,8.59667345650878,T02
LB,T01,8.695722912662946,T01
LB,T02,8.7286126114117,T02
LJ,T01,8.586390176469859,T01
LJ,T02,8.755704041519593,T02
LM,T01,8.314733482250167,T01
LM,T02,8.872420834288388,T02
MS,T01,8.703658141131084,T01
MS,T02,8.682366446617152,T02
SL,T01,8.43558839959595,T01
SL,T02,8.608586979405764,T02
