Vessel,Difference
BP,-1.771393396
FM,0.19567032
LB,3.024656594
LJ,0.428620239
LM,1.47903719
MS,1.27809117
