Vessel,Transect.No.,Speed,Transect
BP,T01,8.88956087609719,T01
BP,T02,8.431409931125593,T02
FM,T01,8.342602041197342,T01
FM,T02,8.400867148192505,T02
FM,T03,8.514646712954113,T03
FM,T04,7.711444647056131,T04
LB,T01,7.886343870902961,T01
LB,T02,6.935391780528363,T02
LJ,T01,8.369552148369182,T01
LJ,T02,7.894077115199304,T02
LM,T01,8.257375296195326,T01
LM,T02,7.997567125879579,T02
MS,T01,8.185384149065575,T01
MS,T02,6.963476794389513,T02
