Target Strength,Area (km2),Mean Sa,Density (kg/m2),Biomass (tons),Standard Error (tons),Standard Error (%),Layer
-35.5,632.829,-55.4447508087893,0.0101403363909561,6409.31021186901,979.194925120183,15.2776959259496,Main Box
-35.5,87.27066,-56.431764670959,0.00821538109635501,704.193145352795,235.80120325586,33.4853022657193,Northern Box
