Vessel,Transect.No.,Speed,Transect
BP,T01,7.7998823681105796,T01
BP,T02,8.807386123671163,T02
C1,T01,8.14883995940909,T01
C1,T02,8.857608534741987,T02
LM,T01,8.239157201300408,T01
LM,T02,9.856387987008695,T02
MS,T01,7.206120049235253,T01
MS,T02,8.912692545809858,T02
SL,T01,7.867307008847675,T01
SL,T02,8.452276380763193,T02
