Vessel,Difference
BP,108.68535229
FM,98.91622703
LJ,102.81724168000001
LM,90.28376444
MS,131.1187367
