Tag_Num,Date,Julian,Ground,Lat,Lon,returnedDate,returnedJulian,returnedArea,returnedLat,returnedLon,Catch.t,daysAtLarge,dataorigin,Comments,ReleaseNAFO,ReturnNAFO,GearType
420613,2016-06-28,180,Gannet Dry Ledge,43.605,-66.9362,2017-02-01,32,Area 1B,NA,NA,NA,218,complete.returns,,4Xq,,Mid Water Trawl
420289,2016-06-21,173,German Bank,43.4917,-66.7633,2017-03-01,60,Area 1B,NA,NA,NA,253,complete.returns,,4Xq,,Mid Water Trawl
430067,2016-08-15,228,Grand Manan Banks,44.2657,-67.0152,2016-09-27,271,Bradfords Cove Weir,NA,NA,NA,43,complete.returns,,5Yb,,Weir
442815,2018-06-27,178,Grand Manan Banks,44.44633333,-66.6723,2019-01-17,17,Bradfords Cove Weir,NA,NA,NA,204,complete.returns,,4Xs,,Weir/Shut-Off
444728,2017-07-25,206,Grand Manan Banks,44.25366667,-67.0403,2017-09-12,255,Bradfords Cove Weir,NA,NA,NA,49,complete.returns,,5Yb,,Weir
585004,2022-06-05,156,Grand Manan Banks,44.24748333,-67.0472,2022-07-19,200,Brier,NA,NA,42.9,44,complete.returns,,5Yb,,Purse Seine
450805,2018-07-03,184,Grand Manan,44.64683333,-66.6555,2019-01-16,16,Campobello North Road Shut Off,NA,NA,NA,197,complete.returns,,4Xs,,Weir/Shut-Off
445366,2018-07-03,184,Grand Manan,44.64683333,-66.6555,2019-01-17,17,Campobello Ship Head Weir,NA,NA,NA,198,complete.returns,,4Xs,,Weir/Shut-Off
465926,2020-07-02,184,German Bank,43.15397,-66.0777,2020-07-07,189,Casper,NA,NA,101,5,complete.returns,,4Xo,,Purse Seine
452321,2019-07-04,185,Grand Manan Banks,44.28208333,-66.9652,2019-08-28,240,Chattis Point,NA,NA,NA,55,complete.returns,,5Yb,4Xs,Weir
44374,2019-06-05,156,Grand Manan Banks,44.2885,-66.9765,2019-08-21,233,Cora Bell Weir Grand Manan,NA,NA,NA,77,complete.returns,,5Yb,,Shut-Off
44089,2019-06-05,156,Grand Manan Banks,44.2885,-66.9765,2019-08-27,239,Crow Island Weir,NA,NA,NA,83,complete.returns,,5Yb,,Weir
515650,2021-07-21,202,Long Island,44.21066667,-66.62083333,2021-10-15,288,Deer Island NB,NA,NA,14,86,complete.returns,,4Xr,,Weir/Black Water
44358,2019-06-05,156,Grand Manan Banks,44.2885,-66.9765,2019-08-27,239,Flagg Cove,NA,NA,NA,83,complete.returns,,5Yb,,Weir
443959,2019-06-04,155,Grand Manan Banks,44.291,-66.973,2019-08-28,240,Flagg Cove,NA,NA,NA,85,complete.returns,,5Yb,,Weir
452653,2019-07-04,185,Grand Manan Banks,44.2866,-67.1728,2019-08-30,242,Flagg Cove,NA,NA,NA,57,complete.returns,,5Yb,,Weir
580142,2021-06-14,165,Gannet Dry Ledge,43.62055,-66.97898333,2021-06-29,180,Gannet Dry Ledge,NA,NA,58,15,complete.returns,GANNET DRY LEDGE-AREA 5,4Xq,4Xq,Purse Seine
511150,2021-06-13,164,Gannet Dry Ledge,43.62583333,-67.00316667,2021-06-14,165,Gannet Dry Ledge,NA,NA,34,1,complete.returns,GANNET DRY LEDGE-AREA 5,4Xq,4Xq,Purse Seine
511097,2021-06-13,164,Gannet Dry Ledge,43.62583333,-67.00316667,2021-06-14,165,Gannet Dry Ledge,NA,NA,56,1,complete.returns,GANNET DRY LEDGE-AREA 5,4Xq,4Xq,Purse Seine
580326,2021-06-16,167,Gannet Dry Ledge,43.58883333,-66.78583333,2021-06-18,169,Gannet Dry Ledge,NA,NA,115,2,complete.returns,,4Xq,4Xq,Purse Seine
580683,2021-06-17,168,Gannet Dry Ledge,43.5883,-66.78375,2021-06-19,170,Gannet Dry Ledge,NA,NA,115,2,complete.returns,,4Xq,4Xq,Purse Seine
464823,2021-06-25,176,Lurcher,43.85333333,-67.02711667,2021-07-28,209,Gannet Dry Ledge,NA,NA,94,33,complete.returns,,5Yb,4Xq,Purse Seine
551485,2022-07-08,189,Grand Manan,44.624,-66.65133333,2022-07-14,195,Gannet Dry Ledge,NA,NA,NA,6,complete.returns,,4Xs,4Xq,Purse Seine
437082,2016-08-11,224,German Bank,43.3362,-66.4197,2017-07-19,200,German Bank,NA,NA,NA,342,complete.returns,,4Xq,4Xq,Purse Seine
441773,2018-08-13,225,Long Island,44.51016667,-66.096,2018-09-25,268,German Bank,NA,NA,NA,43,complete.returns,,4Xr,4Xq,Purse Seine
445880,2018-08-12,224,Long Island,44.57166667,-66.094,2018-09-24,267,German Bank,NA,NA,NA,43,complete.returns,,4Xr,4Xq,Purse Seine
445969,2018-08-12,224,Long Island,44.57166667,-66.094,2018-10-02,275,German Bank,NA,NA,NA,51,complete.returns,,4Xr,4Xq,Purse Seine
451520,2018-09-23,266,German Bank,43.46845,-66.3601,2018-10-04,277,German Bank,NA,NA,NA,11,complete.returns,,4Xq,4Xq,Purse Seine
454158,2017-07-25,206,German Bank,43.43866667,-66.3812,2017-08-31,243,German Bank,NA,NA,NA,37,complete.returns,,4Xq,4Xq,Purse Seine
454497,2017-07-26,207,German Bank,43.48667,-66.41,2017-09-11,254,German Bank,NA,NA,NA,47,complete.returns,,4Xq,4Xq,Purse Seine
457012,2017-07-20,201,Seal Island,43.22866667,-66.0465,2017-08-16,228,German Bank,NA,NA,NA,27,complete.returns,,4Xq,4Xq,Purse Seine
457449,2017-07-25,206,German Bank,43.43866667,-66.3812,2017-07-26,207,German Bank,NA,NA,NA,1,complete.returns,,4Xq,4Xq,Purse Seine
457550,2017-07-25,206,German Bank,43.43866667,-66.3812,2017-07-26,207,German Bank,NA,NA,NA,1,complete.returns,,4Xq,4Xq,Purse Seine
457761,2017-07-25,206,German Bank,43.43866667,-66.3812,2017-07-27,208,German Bank,NA,NA,NA,2,complete.returns,,4Xq,4Xq,Purse Seine
458295,2017-07-26,207,German Bank,43.3805,-66.362,2017-07-27,208,German Bank,NA,NA,NA,1,complete.returns,,4Xq,4Xq,Purse Seine
458336,2017-07-26,207,German Bank,43.3805,-66.362,2017-07-27,208,German Bank,NA,NA,NA,1,complete.returns,,4Xq,4Xq,Purse Seine
458887,2017-07-27,208,German Bank,43.43233333,-66.4178,2017-08-21,233,German Bank,NA,NA,NA,25,complete.returns,,4Xq,4Xq,Purse Seine
460132,2019-07-23,204,Lurcher,43.91701667,-66.5047,2019-10-01,274,German Bank,NA,NA,NA,70,complete.returns,,4Xq,4Xq,Purse Seine
467016,2022-08-29,241,German Bank,43.28333333,-66.37416667,2022-09-02,245,German Bank,NA,NA,107,4,complete.returns,,4Xq,4Xq,Purse Seine
467021,2022-08-29,241,German Bank,43.28333333,-66.37416667,2022-09-02,245,German Bank,NA,NA,107,4,complete.returns,,4Xq,4Xq,Purse Seine
467273,2022-08-30,242,German Bank,43.28433333,-66.3675,2022-09-01,244,German Bank,NA,NA,78,2,complete.returns,,4Xq,4Xq,Purse Seine
467344,2022-08-30,242,German Bank,43.28433333,-66.3675,2022-09-01,244,German Bank,NA,NA,78,2,complete.returns,,4Xq,4Xq,Purse Seine
467356,2022-08-30,242,German Bank,43.28433333,-66.3675,2022-09-02,245,German Bank,NA,NA,107,3,complete.returns,,4Xq,4Xq,Purse Seine
467423,2022-08-30,242,German Bank,43.28433333,-66.3675,2022-09-01,244,German Bank,NA,NA,78,2,complete.returns,,4Xq,4Xq,Purse Seine
467545,2022-08-31,243,German Bank,43.277,-66.3662,2022-09-02,245,German Bank,NA,NA,107,2,complete.returns,,4Xq,4Xq,Purse Seine
467673,2022-08-31,243,German Bank,43.30738333,-66.3797,2022-09-02,245,German Bank,NA,NA,107,2,complete.returns,,4Xq,4Xq,Purse Seine
475464,2022-08-31,243,German Bank,43.27755,-66.38485,2022-09-02,245,German Bank,NA,NA,107,2,complete.returns,,4Xq,4Xq,Purse Seine
481072,2020-09-14,258,German Bank,43.45883333,-66.3398,2021-09-09,252,German Bank,NA,NA,104,360,complete.returns,German Bank (Area 7),4Xq,4Xq,Purse Seine
481556,2020-09-14,258,German Bank,43.25595,-66.3474,2020-09-16,260,German Bank,NA,NA,60,2,complete.returns,,4Xq,4Xq,Purse Seine
481753,2020-09-24,268,German Bank,43.31285,-66.2112,2021-10-26,299,German Bank,NA,NA,71,397,complete.returns,German Bank (Area 7),4Xq,4Xq,Purse Seine
481979,2020-09-28,272,German Bank,43.28278,-66.4392,2021-10-05,278,German Bank,NA,NA,139,372,complete.returns,German Bank (Area 7),4Xq,4Xq,Purse Seine
491360,2022-09-12,255,SW Grounds,43.0025,-66.00383333,2022-09-14,257,German Bank,NA,NA,115,2,complete.returns,,4Xo,4Xq,Purse Seine
491420,2022-09-12,255,SW Grounds,43.0025,-66.00383333,2022-09-14,257,German Bank,NA,NA,115,2,complete.returns,,4Xo,4Xq,Purse Seine
493022,2021-10-20,293,German Bank,43.319583,-66.387583,2021-10-22,295,German Bank,NA,NA,74,2,complete.returns,German Bank (Area 7),4Xq,4Xq,Purse Seine
493151,2021-10-21,294,German Bank,43.261467,-66.373683,2021-10-26,299,German Bank,NA,NA,71,5,complete.returns,German Bank (Area 7),4Xq,4Xq,Purse Seine
498282,2022-08-16,228,German Bank,43.29838333,-66.42238333,2022-08-26,238,German Bank,NA,NA,69,10,complete.returns,,4Xq,4Xq,Purse Seine
498300,2022-08-16,228,German Bank,43.29838333,-66.42238333,2022-08-26,238,German Bank,NA,NA,89,10,complete.returns,,4Xq,4Xq,Purse Seine
498371,2022-08-16,228,German Bank,43.34535,-66.44735,2022-08-26,238,German Bank,NA,NA,89,10,complete.returns,,4Xq,4Xq,Purse Seine
498624,2022-08-16,228,German Bank,43.34535,-66.44735,2022-09-01,244,German Bank,NA,NA,78,16,complete.returns,,4Xq,4Xq,Purse Seine
499884,2022-08-15,227,German Bank,43.26666667,-66.36666667,2022-08-26,238,German Bank,NA,NA,89,11,complete.returns,,4Xq,4Xq,Purse Seine
499954,2022-08-15,227,German Bank,43.26666667,-66.36666667,2022-08-26,238,German Bank,NA,NA,89,11,complete.returns,,4Xq,4Xq,Purse Seine
502308,2022-08-24,236,German Bank,43.29388333,-66.39218333,2022-08-30,242,German Bank,NA,NA,116,6,complete.returns,,4Xq,4Xq,Purse Seine
502309,2022-08-24,236,German Bank,43.29388333,-66.39218333,2022-09-02,245,German Bank,NA,NA,107,9,complete.returns,,4Xq,4Xq,Purse Seine
502337,2022-08-24,236,German Bank,43.29388333,-66.39218333,2022-09-01,244,German Bank,NA,NA,78,8,complete.returns,,4Xq,4Xq,Purse Seine
502361,2022-08-24,236,German Bank,43.29388333,-66.39218333,2022-08-26,238,German Bank,NA,NA,69,2,complete.returns,,4Xq,4Xq,Purse Seine
502380,2022-08-24,236,German Bank,43.29388333,-66.39218333,2022-09-01,244,German Bank,NA,NA,78,8,complete.returns,,4Xq,4Xq,Purse Seine
502496,2022-08-24,236,German Bank,43.29388333,-66.39218333,2022-09-01,244,German Bank,NA,NA,78,8,complete.returns,,4Xq,4Xq,Purse Seine
502653,2022-08-24,236,German Bank,43.27011667,-66.37978333,2022-09-02,245,German Bank,NA,NA,107,9,complete.returns,,4Xq,4Xq,Purse Seine
502723,2022-08-24,236,German Bank,43.22238333,-66.35058333,2022-08-30,242,German Bank,NA,NA,116,6,complete.returns,,4Xq,4Xq,Purse Seine
502724,2022-08-24,236,German Bank,43.22238333,-66.35058333,2022-08-26,238,German Bank,NA,NA,69,2,complete.returns,,4Xq,4Xq,Purse Seine
502769,2022-08-24,236,German Bank,43.22238333,-66.35058333,2022-08-26,238,German Bank,NA,NA,69,2,complete.returns,,4Xq,4Xq,Purse Seine
502796,2022-08-24,236,German Bank,43.22238333,-66.35058333,2022-08-30,242,German Bank,NA,NA,116,6,complete.returns,,4Xq,4Xq,Purse Seine
502797,2022-08-24,236,German Bank,43.22238333,-66.35058333,2022-08-26,238,German Bank,NA,NA,69,2,complete.returns,,4Xq,4Xq,Purse Seine
502903,2022-08-24,236,German Bank,43.22238333,-66.35058333,2022-09-02,245,German Bank,NA,NA,107,9,complete.returns,,4Xq,4Xq,Purse Seine
502933,2022-08-24,236,German Bank,43.22238333,-66.35058333,2022-08-26,238,German Bank,NA,NA,89,2,complete.returns,,4Xq,4Xq,Purse Seine
502976,2022-08-24,236,German Bank,43.22238333,-66.35058333,2022-08-26,238,German Bank,NA,NA,69,2,complete.returns,,4Xq,4Xq,Purse Seine
502992,2022-08-30,242,German Bank,43.24338333,-66.33363333,2022-09-01,244,German Bank,NA,NA,78,2,complete.returns,,4Xq,4Xq,Purse Seine
510529,2022-08-29,241,German Bank,43.31666667,-66.36666667,2022-09-02,245,German Bank,NA,NA,107,4,complete.returns,,4Xq,4Xq,Purse Seine
510587,2022-08-29,241,German Bank,43.31666667,-66.36666667,2022-09-02,245,German Bank,NA,NA,107,4,complete.returns,,4Xq,4Xq,Purse Seine
510638,2022-09-01,244,German Bank,43.26666667,-66.35,2022-09-02,245,German Bank,NA,NA,107,1,complete.returns,,4Xq,4Xq,Purse Seine
514221,2021-10-05,278,German Bank,43.28733333,-66.45016667,2021-10-06,279,German Bank,NA,NA,273,1,complete.returns,German Bank (Area 7),4Xq,4Xq,Purse Seine
516733,2021-10-21,294,German Bank,43.32933333,-66.355,2021-10-22,295,German Bank,NA,NA,74,1,complete.returns,German Bank (Area 7),4Xq,4Xq,Purse Seine
516784,2021-10-21,294,German Bank,43.32933333,-66.355,2021-10-22,295,German Bank,NA,NA,233,1,complete.returns,German Bank (Area 7),4Xq,4Xq,Purse Seine
522460,2022-08-16,228,German Bank,43.32573333,-66.45521667,2022-09-02,245,German Bank,NA,NA,107,17,complete.returns,,4Xq,4Xq,Purse Seine
522469,2022-08-16,228,German Bank,43.32573333,-66.45521667,2022-08-26,238,German Bank,NA,NA,89,10,complete.returns,,4Xq,4Xq,Purse Seine
522544,2022-08-11,223,Scots Bay,45.1933,-64.88655,2022-09-02,245,German Bank,NA,NA,107,22,complete.returns,,4Xr,4Xq,Purse Seine
522665,2022-08-16,228,German Bank,43.32573333,-66.45521667,2022-08-26,238,German Bank,NA,NA,89,10,complete.returns,,4Xq,4Xq,Purse Seine
522747,2022-08-16,228,German Bank,43.32573333,-66.45521667,2022-08-26,238,German Bank,NA,NA,69,10,complete.returns,,4Xq,4Xq,Purse Seine
522803,2022-08-24,236,German Bank,43.289,-66.368317,2022-09-02,245,German Bank,NA,NA,107,9,complete.returns,,4Xq,4Xq,Purse Seine
522877,2022-08-24,236,German Bank,43.289,-66.368317,2022-08-30,242,German Bank,NA,NA,116,6,complete.returns,,4Xq,4Xq,Purse Seine
522891,2022-08-24,236,German Bank,43.289,-66.368317,2022-08-26,238,German Bank,NA,NA,69,2,complete.returns,,4Xq,4Xq,Purse Seine
522911,2022-08-24,236,German Bank,43.289,-66.368317,2022-08-26,238,German Bank,NA,NA,89,2,complete.returns,,4Xq,4Xq,Purse Seine
522938,2022-08-24,236,German Bank,43.289,-66.368317,2022-09-01,244,German Bank,NA,NA,78,8,complete.returns,,4Xq,4Xq,Purse Seine
586078,2022-09-01,244,German Bank,43.2689,-66.35883333,2022-09-02,245,German Bank,NA,NA,107,1,complete.returns,,4Xq,4Xq,Purse Seine
590862,2021-08-25,237,German Bank,43.2792,-66.40478333,2021-09-01,244,German Bank,NA,NA,129,7,complete.returns,German Bank (Area 7),4Xq,4Xq,Purse Seine
603036,2022-08-30,242,German Bank,43.24338333,-66.33363333,2022-09-01,244,German Bank,NA,NA,78,2,complete.returns,,4Xq,4Xq,Purse Seine
603451,2022-08-31,243,German Bank,43.25115,-66.35738333,2022-09-02,245,German Bank,NA,NA,107,2,complete.returns,,4Xq,4Xq,Purse Seine
603519,2022-09-12,255,German Bank,43.23446667,-66.34903333,2022-09-14,257,German Bank,NA,NA,115,2,complete.returns,,4Xq,4Xq,Purse Seine
603644,2022-09-13,256,German Bank,43.25433333,-66.39785,2022-09-19,262,German Bank,NA,NA,102,6,complete.returns,,4Xq,4Xq,Purse Seine
499949,2022-08-15,227,German Bank,43.26666667,-66.36666667,2022-08-16,228,German Bank,NA,NA,99,1,complete.returns,German Bank (Area 7),4Xq,4Xq,Purse Seine
499939,2022-08-15,227,German Bank,43.26666667,-66.36666667,2022-08-16,228,German Bank,NA,NA,99,1,complete.returns,German Bank (Area 7),4Xq,4Xq,Purse Seine
499943,2022-08-15,227,German Bank,43.26666667,-66.36666667,2022-08-16,228,German Bank,NA,NA,99,1,complete.returns,German Bank (Area 7),4Xq,4Xq,Purse Seine
499966,2022-08-15,227,German Bank,43.26666667,-66.36666667,2022-08-16,228,German Bank,NA,NA,99,1,complete.returns,German Bank (Area 7),4Xq,4Xq,Purse Seine
502516,2022-08-24,236,German Bank,43.27011667,-66.37978333,2022-08-26,238,German Bank,NA,NA,51,2,complete.returns,German Bank (Area 7),4Xq,4Xq,Purse Seine
502885,2022-08-24,236,German Bank,43.22238333,-66.35058333,2022-08-26,238,German Bank,NA,NA,51,2,complete.returns,German Bank (Area 7),4Xq,4Xq,Purse Seine
502718,2022-08-24,236,German Bank,43.22238333,-66.35058333,2022-08-26,238,German Bank,NA,NA,51,2,complete.returns,German Bank (Area 7),4Xq,4Xq,Purse Seine
498552,2022-08-16,228,German Bank,43.34535,-66.44735,2022-08-26,238,German Bank,NA,NA,96,10,complete.returns,German Bank (Area 7),4Xq,4Xq,Purse Seine
502385,2022-08-24,236,German Bank,43.29388333,-66.39218333,2022-08-26,238,German Bank,NA,NA,96,2,complete.returns,German Bank (Area 7),4Xq,4Xq,Purse Seine
502550,2022-08-24,236,German Bank,43.27011667,-66.37978333,2022-08-26,238,German Bank,NA,NA,96,2,complete.returns,German Bank (Area 7),4Xq,4Xq,Purse Seine
498250,2022-08-16,228,German Bank,43.29838333,-66.42238333,2022-08-26,238,German Bank,NA,NA,96,10,complete.returns,German Bank (Area 7),4Xq,4Xq,Purse Seine
499957,2022-08-15,227,German Bank,43.26666667,-66.36666667,2022-08-26,238,German Bank,NA,NA,96,11,complete.returns,German Bank (Area 7),4Xq,4Xq,Purse Seine
498420,2022-08-16,228,German Bank,43.34535,-66.44735,2022-08-26,238,German Bank,NA,NA,96,10,complete.returns,German Bank (Area 7),4Xq,4Xq,Purse Seine
502546,2022-08-24,236,German Bank,43.27011667,-66.37978333,2022-08-26,238,German Bank,NA,NA,96,2,complete.returns,German Bank (Area 7),4Xq,4Xq,Purse Seine
498479,2022-08-16,228,German Bank,43.34535,-66.44735,2022-08-26,238,German Bank,NA,NA,96,10,complete.returns,German Bank (Area 7),4Xq,4Xq,Purse Seine
502429,2022-08-24,236,German Bank,43.29388333,-66.39218333,2022-08-26,238,German Bank,NA,NA,96,2,complete.returns,German Bank (Area 7),4Xq,4Xq,Purse Seine
498441,2022-08-16,228,German Bank,43.34535,-66.44735,2022-08-30,242,German Bank,NA,NA,151,14,complete.returns,German Bank (Area 7),4Xq,4Xq,Purse Seine
498533,2022-08-16,228,German Bank,43.34535,-66.44735,2022-08-30,242,German Bank,NA,NA,151,14,complete.returns,German Bank (Area 7),4Xq,4Xq,Purse Seine
467085,2022-08-29,241,German Bank,43.28333333,-66.37416667,2022-08-30,242,German Bank,NA,NA,53,1,complete.returns,German Bank (Area 7),4Xq,4Xq,Purse Seine
498641,2022-08-16,228,German Bank,43.34535,-66.44735,2022-08-31,243,German Bank,NA,NA,74,15,complete.returns,German Bank (Area 7),4Xq,4Xq,Purse Seine
510570,2022-08-29,241,German Bank,43.31666667,-66.36666667,2022-08-31,243,German Bank,NA,NA,78,2,complete.returns,German Bank (Area 7),4Xq,4Xq,Purse Seine
502850,2022-08-24,236,German Bank,43.22238333,-66.35058333,2022-08-31,243,German Bank,NA,NA,78,7,complete.returns,German Bank (Area 7),4Xq,4Xq,Purse Seine
467076,2022-08-29,241,German Bank,43.28333333,-66.37416667,2022-08-31,243,German Bank,NA,NA,78,2,complete.returns,German Bank (Area 7),4Xq,4Xq,Purse Seine
498315,2022-08-16,228,German Bank,43.29838333,-66.42238333,2022-08-31,243,German Bank,NA,NA,78,15,complete.returns,German Bank (Area 7),4Xq,4Xq,Purse Seine
502315,2022-08-24,236,German Bank,43.29388333,-66.39218333,2022-08-31,243,German Bank,NA,NA,78,7,complete.returns,German Bank (Area 7),4Xq,4Xq,Purse Seine
510611,2022-08-29,241,German Bank,43.31666667,-66.36666667,2022-08-31,243,German Bank,NA,NA,74,2,complete.returns,German Bank (Area 7),4Xq,4Xq,Purse Seine
502622,2022-08-24,236,German Bank,43.27011667,-66.37978333,2022-08-31,243,German Bank,NA,NA,74,7,complete.returns,German Bank (Area 7),4Xq,4Xq,Purse Seine
467067,2022-08-29,241,German Bank,43.28333333,-66.37416667,2022-09-01,244,German Bank,NA,NA,36,3,complete.returns,German Bank (Area 7),4Xq,4Xq,Purse Seine
467367,2022-08-30,242,German Bank,43.28433333,-66.3675,2022-09-01,244,German Bank,NA,NA,36,2,complete.returns,German Bank (Area 7),4Xq,4Xq,Purse Seine
510552,2022-08-29,241,German Bank,43.31666667,-66.36666667,2022-09-01,244,German Bank,NA,NA,36,3,complete.returns,German Bank (Area 7),4Xq,4Xq,Purse Seine
510467,2022-08-29,241,German Bank,43.31666667,-66.36666667,2022-09-01,244,German Bank,NA,NA,36,3,complete.returns,German Bank (Area 7),4Xq,4Xq,Purse Seine
491540,2022-09-13,256,German Bank,43.26666667,-66.38333333,2022-09-14,257,German Bank,NA,NA,86,1,complete.returns,German Bank (Area 7),4Xq,4Xq,Purse Seine
491543,2022-09-13,256,German Bank,43.26666667,-66.38333333,2022-09-14,257,German Bank,NA,NA,79,1,complete.returns,German Bank (Area 7),4Xq,4Xq,Purse Seine
491590,2022-09-13,256,German Bank,43.26666667,-66.38333333,2022-09-14,257,German Bank,NA,NA,79,1,complete.returns,German Bank (Area 7),4Xq,4Xq,Purse Seine
491594,2022-09-13,256,German Bank,43.26666667,-66.38333333,2022-09-14,257,German Bank,NA,NA,79,1,complete.returns,German Bank (Area 7),4Xq,4Xq,Purse Seine
603511,2022-09-12,255,German Bank,43.23446667,-66.34903333,2022-09-14,257,German Bank,NA,NA,79,2,complete.returns,German Bank (Area 7),4Xq,4Xq,Purse Seine
491582,2022-09-13,256,German Bank,43.26666667,-66.38333333,2022-09-14,257,German Bank,NA,NA,79,1,complete.returns,German Bank (Area 7),4Xq,4Xq,Purse Seine
491577,2022-09-13,256,German Bank,43.26666667,-66.38333333,2022-09-14,257,German Bank,NA,NA,79,1,complete.returns,German Bank (Area 7),4Xq,4Xq,Purse Seine
491701,2022-09-13,256,German Bank,43.26666667,-66.38333333,2022-09-14,257,German Bank,NA,NA,79,1,complete.returns,German Bank (Area 7),4Xq,4Xq,Purse Seine
522854,2022-08-24,236,German Bank,43.289,-66.368317,2022-08-26,238,German Bank,NA,NA,89,2,complete.returns,,4Xq,4Xq,Purse Seine
491388,2022-09-12,255,SW Grounds,43.0025,-66.00383333,2022-09-14,257,German Bank,NA,NA,59,2,complete.returns,,4Xo,4Xq,Purse Seine
603503,2022-09-12,255,German Bank,43.23446667,-66.34903333,2022-09-14,257,German Bank,NA,NA,59,2,complete.returns,,4Xq,4Xq,Purse Seine
499869,2022-08-15,227,German Bank,43.26666667,-66.36666667,2022-08-16,228,German Bank,NA,NA,124,1,complete.returns,,4Xq,4Xq,Purse Seine
481051,2020-09-14,258,German Bank,43.45883333,-66.3398,2022-08-30,242,German Bank,NA,NA,224,715,complete.returns,,4Xq,4Xq,Purse Seine
498647,2022-08-16,228,German Bank,43.34535,-66.44735,2022-08-30,242,German Bank,NA,NA,224,14,complete.returns,,4Xq,4Xq,Purse Seine
502898,2022-08-24,236,German Bank,43.22238333,-66.35058333,2022-08-30,242,German Bank,NA,NA,224,6,complete.returns,,4Xq,4Xq,Purse Seine
502692,2022-08-24,236,German Bank,43.22238333,-66.35058333,2022-08-30,242,German Bank,NA,NA,224,6,complete.returns,,4Xq,4Xq,Purse Seine
499931,2022-08-15,227,German Bank,43.26666667,-66.36666667,2022-08-31,243,German Bank,NA,NA,224,16,complete.returns,,4Xq,4Xq,Purse Seine
498408,2022-08-16,228,German Bank,43.34535,-66.44735,2022-08-31,243,German Bank,NA,NA,224,15,complete.returns,,4Xq,4Xq,Purse Seine
500735,2022-08-10,222,Scots Bay,45.15665,-64.97125,2022-08-30,242,German Bank,NA,NA,224,20,complete.returns,,4Xr,4Xq,Purse Seine
522754,2022-08-16,228,German Bank,43.32573333,-66.45521667,2022-08-30,242,German Bank,NA,NA,224,14,complete.returns,,4Xq,4Xq,Purse Seine
502664,2022-08-24,236,German Bank,43.27011667,-66.37978333,2022-08-31,243,German Bank,NA,NA,224,7,complete.returns,,4Xq,4Xq,Purse Seine
498158,2022-08-16,228,German Bank,43.29838333,-66.42238333,2022-08-31,243,German Bank,NA,NA,224,15,complete.returns,,4Xq,4Xq,Purse Seine
502801,2022-08-24,236,German Bank,43.22238333,-66.35058333,2022-08-31,243,German Bank,NA,NA,224,7,complete.returns,,4Xq,4Xq,Purse Seine
498289,2022-08-16,228,German Bank,43.29838333,-66.42238333,2022-08-31,243,German Bank,NA,NA,224,15,complete.returns,,4Xq,4Xq,Purse Seine
498427,2022-08-16,228,German Bank,43.34535,-66.44735,2022-08-31,243,German Bank,NA,NA,224,15,complete.returns,,4Xq,4Xq,Purse Seine
502660,2022-08-24,236,German Bank,43.27011667,-66.37978333,2022-08-31,243,German Bank,NA,NA,224,7,complete.returns,,4Xq,4Xq,Purse Seine
590964,2021-08-25,237,German Bank,43.2792,-66.40478333,2022-08-31,243,German Bank,NA,NA,224,371,complete.returns,,4Xq,4Xq,Purse Seine
498433,2022-08-16,228,German Bank,43.34535,-66.44735,2022-08-31,243,German Bank,NA,NA,224,15,complete.returns,,4Xq,4Xq,Purse Seine
498598,2022-08-16,228,German Bank,43.34535,-66.44735,2022-08-31,243,German Bank,NA,NA,224,15,complete.returns,,4Xq,4Xq,Purse Seine
502431,2022-08-24,236,German Bank,43.29388333,-66.39218333,2022-08-31,243,German Bank,NA,NA,224,7,complete.returns,,4Xq,4Xq,Purse Seine
522687,2022-08-16,228,German Bank,43.32573333,-66.45521667,2022-08-31,243,German Bank,NA,NA,224,15,complete.returns,,4Xq,4Xq,Purse Seine
502304,2022-08-24,236,German Bank,43.29388333,-66.39218333,2022-08-31,243,German Bank,NA,NA,224,7,complete.returns,,4Xq,4Xq,Purse Seine
498443,2022-08-16,228,German Bank,43.34535,-66.44735,2022-08-31,243,German Bank,NA,NA,224,15,complete.returns,,4Xq,4Xq,Purse Seine
491365,2022-09-12,255,SW Grounds,43.0025,-66.00383333,2022-09-14,257,German Bank,NA,NA,125,2,complete.returns,,4Xo,4Xq,Purse Seine
603505,2022-09-12,255,German Bank,43.23446667,-66.34903333,2022-09-14,257,German Bank,NA,NA,125,2,complete.returns,,4Xq,4Xq,Purse Seine
603522,2022-09-12,255,German Bank,43.23446667,-66.34903333,2022-09-14,257,German Bank,NA,NA,125,2,complete.returns,,4Xq,4Xq,Purse Seine
603526,2022-09-12,255,German Bank,43.23446667,-66.34903333,2022-09-14,257,German Bank,NA,NA,125,2,complete.returns,,4Xq,4Xq,Purse Seine
603527,2022-09-12,255,German Bank,43.23446667,-66.34903333,2022-09-14,257,German Bank,NA,NA,125,2,complete.returns,,4Xq,4Xq,Purse Seine
491282,2022-09-12,255,SW Grounds,43.0025,-66.00383333,2022-09-14,257,German Bank,NA,NA,125,2,complete.returns,,4Xo,4Xq,Purse Seine
473252,2022-09-12,255,German Bank,43.27091667,-66.36568333,2022-09-13,256,German Bank,NA,NA,105,1,complete.returns,,4Xq,4Xq,Purse Seine
473184,2022-09-12,255,German Bank,43.27091667,-66.36568333,2022-09-14,257,German Bank,NA,NA,103,2,complete.returns,,4Xq,4Xq,Purse Seine
473264,2022-09-12,255,German Bank,43.27091667,-66.36568333,2022-09-14,257,German Bank,NA,NA,125,2,complete.returns,,4Xq,4Xq,Purse Seine
603546,2022-09-12,255,German Bank,43.23446667,-66.34903333,2022-09-14,257,German Bank,NA,NA,125,2,complete.returns,,4Xq,4Xq,Purse Seine
491344,2022-09-12,255,SW Grounds,43.0025,-66.00383333,2022-09-14,257,German Bank,NA,NA,125,2,complete.returns,,4Xo,4Xq,Purse Seine
491352,2022-09-12,255,SW Grounds,43.0025,-66.00383333,2022-09-14,257,German Bank,NA,NA,125,2,complete.returns,,4Xo,4Xq,Purse Seine
601412,2022-09-28,271,German Bank,43.26085,-66.32086667,2022-09-30,273,German Bank,NA,NA,83,2,complete.returns,,4Xq,4Xq,Purse Seine
491324,2022-09-12,255,SW Grounds,43.0025,-66.00383333,2022-09-19,262,German Bank,NA,NA,115,7,complete.returns,,4Xo,4Xq,Purse Seine
467290,2022-08-30,242,German Bank,43.28433333,-66.3675,2022-09-02,245,German Bank,NA,NA,66,3,complete.returns,,4Xq,4Xq,Purse Seine
522875,2022-08-24,236,German Bank,43.289,-66.368317,2022-09-02,245,German Bank,NA,NA,66,9,complete.returns,,4Xq,4Xq,Purse Seine
510594,2022-08-29,241,German Bank,43.31666667,-66.36666667,2022-09-01,244,German Bank,NA,NA,19,3,complete.returns,,4Xq,4Xq,Purse Seine
467488,2022-08-31,243,German Bank,43.277,-66.3662,2022-09-01,244,German Bank,NA,NA,19,1,complete.returns,,4Xq,4Xq,Purse Seine
502847,2022-08-24,236,German Bank,43.22238333,-66.35058333,2022-08-31,243,German Bank,NA,NA,13,7,complete.returns,,4Xq,4Xq,Purse Seine
522729,2022-08-16,228,German Bank,43.32573333,-66.45521667,2022-08-26,238,German Bank,NA,NA,NA,10,complete.returns,,4Xq,4Xq,Purse Seine
488355,2021-09-01,244,German Bank,43.332,-66.4175,2021-09-02,245,German Bank,NA,NA,156,1,complete.returns,,4Xq,4Xq,Purse Seine
488266,2021-09-01,244,German Bank,43.332,-66.4175,2021-09-02,245,German Bank,NA,NA,156,1,complete.returns,,4Xq,4Xq,Purse Seine
488618,2021-09-01,244,German Bank,43.376,-66.436,2021-09-02,245,German Bank,NA,NA,156,1,complete.returns,,4Xq,4Xq,Purse Seine
488534,2021-09-01,244,German Bank,43.376,-66.436,2021-09-02,245,German Bank,NA,NA,156,1,complete.returns,,4Xq,4Xq,Purse Seine
488533,2021-09-01,244,German Bank,43.376,-66.436,2021-09-02,245,German Bank,NA,NA,156,1,complete.returns,,4Xq,4Xq,Purse Seine
581796,2021-06-13,164,Gannet Dry Ledge,43.630833,-66.996111,2021-09-08,251,German Bank,NA,NA,104,87,complete.returns,,4Xq,4Xq,Purse Seine
464297,2021-06-17,168,Gannet Dry Ledge,43.58328333,-66.78353333,2021-09-08,251,German Bank,NA,NA,83,83,complete.returns,,4Xq,4Xq,Purse Seine
580818,2021-06-17,168,Gannet Dry Ledge,43.5883,-66.78375,2021-09-08,251,German Bank,NA,NA,104,83,complete.returns,,4Xq,4Xq,Purse Seine
488502,2021-09-01,244,German Bank,43.376,-66.436,2021-09-08,251,German Bank,NA,NA,104,7,complete.returns,,4Xq,4Xq,Purse Seine
463962,2021-08-31,243,Scots Bay,45.13268333,-65.04171667,2021-09-09,252,German Bank,NA,NA,83,9,complete.returns,,4Xr,4Xq,Purse Seine
463779,2021-08-30,242,Scots Bay,45.12588333,-65.0624,2021-09-15,258,German Bank,NA,NA,97,16,complete.returns,,4Xr,4Xq,Purse Seine
580835,2021-06-17,168,Gannet Dry Ledge,43.5883,-66.78375,2021-09-15,258,German Bank,NA,NA,97,90,complete.returns,,4Xq,4Xq,Purse Seine
463482,2021-08-18,230,Scots Bay,45.1419,-65.03458333,2021-09-15,258,German Bank,NA,NA,97,28,complete.returns,,4Xr,4Xq,Purse Seine
511231,2021-06-14,165,Gannet Dry Ledge,43.6125,-66.96216667,2021-09-15,258,German Bank,NA,NA,97,93,complete.returns,,4Xq,4Xq,Purse Seine
488198,2021-08-31,243,Scots Bay,45.12833333,-65.0535,2021-09-15,258,German Bank,NA,NA,97,15,complete.returns,,4Xr,4Xq,Purse Seine
510156,2021-10-18,291,German Bank,43.29266667,-66.33083333,2021-10-21,294,German Bank,NA,NA,NA,3,complete.returns,,4Xq,4Xq,Purse Seine
42544,2019-10-14,287,German Bank,43.30968333,-66.1393,2021-10-26,299,German Bank,NA,NA,NA,743,complete.returns,,4Xq,4Xq,Purse Seine
581777,2021-06-13,164,Gannet Dry Ledge,43.630833,-66.996111,2021-06-24,175,German Bank,NA,NA,90,11,complete.returns,,4Xq,4Xq,Purse Seine
205155,2019-10-13,286,German Bank,43.2669,-66.0784,2021-09-08,251,German Bank,NA,NA,101,696,complete.returns,,4Xq,4Xq,Purse Seine
489754,2021-09-07,250,German Bank,43.2875,-66.38495,2021-09-09,252,German Bank,NA,NA,33,2,complete.returns,,4Xq,4Xq,Purse Seine
488595,2021-09-01,244,German Bank,43.376,-66.436,2021-09-09,252,German Bank,NA,NA,66,8,complete.returns,,4Xq,4Xq,Purse Seine
488585,2021-09-01,244,German Bank,43.376,-66.436,2021-09-09,252,German Bank,NA,NA,66,8,complete.returns,,4Xq,4Xq,Purse Seine
489473,2021-09-21,264,German Bank,43.28245,-66.40563333,2021-09-23,266,German Bank,NA,NA,95,2,complete.returns,,4Xq,4Xq,Purse Seine
514422,2021-10-05,278,German Bank,43.28733333,-66.45016667,2021-10-06,279,German Bank,NA,NA,137,1,complete.returns,,4Xq,4Xq,Purse Seine
514447,2021-10-05,278,German Bank,43.28733333,-66.45016667,2021-10-06,279,German Bank,NA,NA,137,1,complete.returns,,4Xq,4Xq,Purse Seine
514164,2021-10-04,277,German Bank,43.296111,-66.457222,2021-10-06,279,German Bank,NA,NA,137,2,complete.returns,,4Xq,4Xq,Purse Seine
516640,2021-10-20,293,German Bank,43.295,-66.38633333,2021-10-21,294,German Bank,NA,NA,115,1,complete.returns,,4Xq,4Xq,Purse Seine
493029,2021-10-20,293,German Bank,43.319583,-66.387583,2021-10-21,294,German Bank,NA,NA,115,1,complete.returns,,4Xq,4Xq,Purse Seine
526873,2021-10-20,293,German Bank,43.304,-66.385683,2021-10-21,294,German Bank,NA,NA,115,1,complete.returns,,4Xq,4Xq,Purse Seine
510146,2021-10-18,291,German Bank,43.29266667,-66.33083333,2021-10-21,294,German Bank,NA,NA,115,3,complete.returns,,4Xq,4Xq,Purse Seine
510089,2021-10-18,291,German Bank,43.29266667,-66.33083333,2021-10-21,294,German Bank,NA,NA,115,3,complete.returns,,4Xq,4Xq,Purse Seine
516656,2021-10-20,293,German Bank,43.295,-66.38633333,2021-10-21,294,German Bank,NA,NA,53,1,complete.returns,,4Xq,4Xq,Purse Seine
516759,2021-10-21,294,German Bank,43.32933333,-66.355,2021-10-22,295,German Bank,NA,NA,53,1,complete.returns,,4Xq,4Xq,Purse Seine
510101,2021-10-18,291,German Bank,43.29266667,-66.33083333,2021-10-22,295,German Bank,NA,NA,53,4,complete.returns,,4Xq,4Xq,Purse Seine
516745,2021-10-21,294,German Bank,43.32933333,-66.355,2021-10-22,295,German Bank,NA,NA,53,1,complete.returns,,4Xq,4Xq,Purse Seine
516963,2021-10-21,294,German Bank,43.32933333,-66.355,2021-10-26,299,German Bank,NA,NA,88,5,complete.returns,,4Xq,4Xq,Purse Seine
516760,2021-10-21,294,German Bank,43.32933333,-66.355,2021-10-26,299,German Bank,NA,NA,88,5,complete.returns,,4Xq,4Xq,Purse Seine
493025,2021-10-20,293,German Bank,43.319583,-66.387583,2021-10-26,299,German Bank,NA,NA,88,6,complete.returns,,4Xq,4Xq,Purse Seine
414230,2019-08-27,239,German Bank,43.39391667,-66.3496,2020-09-28,272,German Bank,NA,NA,118,398,complete.returns,,4Xq,4Xq,Purse Seine
554713,2020-10-11,285,NB Coastal,44.9805,-66.7118,2020-10-14,288,German Bank,NA,NA,134,3,complete.returns,,4Xs,4Xq,Purse Seine
552588,2020-10-06,280,NB Coastal,44.95083,-66.7407,2020-10-14,288,German Bank,NA,NA,134,8,complete.returns,,4Xs,4Xq,Purse Seine
554694,2020-10-11,285,NB Coastal,44.9805,-66.7118,2020-10-14,288,German Bank,NA,NA,134,3,complete.returns,,4Xs,4Xq,Purse Seine
554687,2020-10-11,285,NB Coastal,44.9805,-66.7118,2020-10-14,288,German Bank,NA,NA,134,3,complete.returns,,4Xs,4Xq,Purse Seine
554718,2020-10-11,285,NB Coastal,44.9805,-66.7118,2020-10-14,288,German Bank,NA,NA,134,3,complete.returns,,4Xs,4Xq,Purse Seine
552085,2020-10-06,280,NB Coastal,44.94533,-66.742,2020-10-14,288,German Bank,NA,NA,134,8,complete.returns,,4Xs,4Xq,Purse Seine
554722,2020-10-11,285,NB Coastal,44.9805,-66.7118,2020-10-14,288,German Bank,NA,NA,134,3,complete.returns,,4Xs,4Xq,Purse Seine
554792,2020-10-11,285,NB Coastal,44.9805,-66.7118,2020-10-14,288,German Bank,NA,NA,134,3,complete.returns,,4Xs,4Xq,Purse Seine
481022,2020-09-14,258,German Bank,43.45883333,-66.3398,2020-10-05,279,German Bank,NA,NA,64,21,complete.returns,,4Xq,4Xq,Purse Seine
531489,2020-08-17,230,German Bank,43.45705,-66.4307,2020-08-18,231,German Bank,NA,NA,99,1,complete.returns,,4Xq,4Xq,Purse Seine
208065,2019-09-12,255,German Bank,43.27,-66.3662,2019-09-27,270,German Bank,NA,NA,NA,15,complete.returns,,4Xq,4Xq,Purse Seine
208140,2019-09-12,255,German Bank,43.27,-66.3662,2019-09-27,270,German Bank,NA,NA,NA,15,complete.returns,,4Xq,4Xq,Purse Seine
408257,2019-09-10,253,German Bank,43.27106667,-66.3585,2019-09-27,270,German Bank,NA,NA,NA,17,complete.returns,,4Xq,4Xq,Purse Seine
419252,2016-06-15,167,German Bank,43.5015,-66.7742,2016-06-21,173,German Bank,NA,NA,NA,6,complete.returns,,4Xq,4Xq,Purse Seine
419373,2016-06-15,167,German Bank,43.5015,-66.7742,2016-08-25,238,German Bank,NA,NA,NA,71,complete.returns,,4Xq,4Xq,Purse Seine
419581,2016-06-16,168,Gannet Dry Ledge,43.6117,-66.935,2016-06-17,169,German Bank,NA,NA,NA,1,complete.returns,,4Xq,4Xq,Purse Seine
420881,2016-07-04,186,German Bank,43.5083,-66.7148,2016-07-05,187,German Bank,NA,NA,NA,1,complete.returns,NW of German Bank,4Xq,4Xq,Purse Seine
420894,2016-07-04,186,German Bank,43.5083,-66.7148,2016-07-05,187,German Bank,NA,NA,NA,1,complete.returns,NW of German Bank,4Xq,4Xq,Purse Seine
420908,2016-07-04,186,German Bank,43.5083,-66.7148,2016-09-02,246,German Bank,NA,NA,NA,60,complete.returns,,4Xq,4Xq,Purse Seine
420925,2016-07-04,186,German Bank,43.5083,-66.7148,2016-07-05,187,German Bank,NA,NA,NA,1,complete.returns,NW of German Bank,4Xq,4Xq,Purse Seine
420927,2016-07-04,186,German Bank,43.5083,-66.7148,2016-07-05,187,German Bank,NA,NA,NA,1,complete.returns,NW of German Bank,4Xq,4Xq,Purse Seine
420971,2016-07-04,186,German Bank,43.5083,-66.7148,2016-07-05,187,German Bank,NA,NA,NA,1,complete.returns,NW of German Bank,4Xq,4Xq,Purse Seine
420973,2016-07-04,186,German Bank,43.5083,-66.7148,2016-07-05,187,German Bank,NA,NA,NA,1,complete.returns,NW of German Bank,4Xq,4Xq,Purse Seine
421549,2016-07-04,186,German Bank,43.5,-66.7233,2016-08-29,242,German Bank,NA,NA,NA,56,complete.returns,,4Xq,4Xq,Purse Seine
421726,2016-07-05,187,German Bank,43.545,-66.6783,2016-08-25,238,German Bank,NA,NA,NA,51,complete.returns,,4Xq,4Xq,Purse Seine
421745,2016-07-05,187,German Bank,43.545,-66.6783,2016-08-22,235,German Bank,NA,NA,NA,48,complete.returns,,4Xq,4Xq,Purse Seine
422345,2016-07-06,188,Gannet Dry Ledge,43.5067,-66.7723,2016-08-30,243,German Bank,NA,NA,NA,55,complete.returns,,4Xq,4Xq,Purse Seine
422788,2016-08-01,214,German Bank,43.4042,-66.3963,2016-08-31,244,German Bank,NA,NA,NA,30,complete.returns,,4Xq,4Xq,Purse Seine
422951,2016-08-01,214,German Bank,43.4042,-66.3963,2016-08-16,229,German Bank,NA,NA,NA,15,complete.returns,,4Xq,4Xq,Purse Seine
423063,2016-08-02,215,German Bank,43.3678,-66.3952,2016-08-25,238,German Bank,NA,NA,NA,23,complete.returns,,4Xq,4Xq,Purse Seine
423592,2016-08-03,216,German Bank,43.3908,-66.3952,2016-08-11,224,German Bank,NA,NA,NA,8,complete.returns,,4Xq,4Xq,Purse Seine
423786,2016-08-03,216,German Bank,43.3908,-66.3952,2017-09-07,250,German Bank,NA,NA,NA,400,complete.returns,,4Xq,4Xq,Purse Seine
424951,2016-08-07,220,German Bank,43.4618,-66.3385,2016-08-17,230,German Bank,NA,NA,NA,10,complete.returns,,4Xq,4Xq,Purse Seine
424996,2016-08-07,220,German Bank,43.4618,-66.3385,2016-08-10,223,German Bank,NA,NA,NA,3,complete.returns,,4Xq,4Xq,Purse Seine
426821,2016-08-02,215,Grand Manan Banks,44.1733,-67.105,2016-09-07,251,German Bank,NA,NA,NA,36,complete.returns,,5Yb,4Xq,Purse Seine
431162,2016-08-10,223,German Bank,43.4248,-66.398,2016-08-22,235,German Bank,NA,NA,NA,12,complete.returns,,4Xq,4Xq,Purse Seine
431354,2016-08-10,223,German Bank,43.4248,-66.398,2016-08-16,229,German Bank,NA,NA,NA,6,complete.returns,,4Xq,4Xq,Purse Seine
431506,2016-08-11,224,German Bank,43.4623,-66.349,2016-08-25,238,German Bank,NA,NA,NA,14,complete.returns,,4Xq,4Xq,Purse Seine
431509,2016-08-11,224,German Bank,43.4623,-66.349,2016-08-23,236,German Bank,NA,NA,NA,12,complete.returns,,4Xq,4Xq,Purse Seine
431543,2016-08-11,224,German Bank,43.4623,-66.349,2016-08-23,236,German Bank,NA,NA,NA,12,complete.returns,,4Xq,4Xq,Purse Seine
431545,2016-08-11,224,German Bank,43.4623,-66.349,2016-08-17,230,German Bank,NA,NA,NA,6,complete.returns,,4Xq,4Xq,Purse Seine
431555,2016-08-11,224,German Bank,43.4623,-66.349,2016-08-23,236,German Bank,NA,NA,NA,12,complete.returns,,4Xq,4Xq,Purse Seine
431635,2016-08-11,224,German Bank,43.4623,-66.349,2016-08-23,236,German Bank,NA,NA,NA,12,complete.returns,,4Xq,4Xq,Purse Seine
431647,2016-08-11,224,German Bank,43.4623,-66.349,2016-08-15,228,German Bank,NA,NA,NA,4,complete.returns,,4Xq,4Xq,Purse Seine
431662,2016-08-11,224,German Bank,43.4623,-66.349,2016-08-17,230,German Bank,NA,NA,NA,6,complete.returns,,4Xq,4Xq,Purse Seine
431690,2016-08-11,224,German Bank,43.4623,-66.349,2016-08-25,238,German Bank,NA,NA,NA,14,complete.returns,,4Xq,4Xq,Purse Seine
431699,2016-08-11,224,German Bank,43.4623,-66.349,2016-08-22,235,German Bank,NA,NA,NA,11,complete.returns,,4Xq,4Xq,Purse Seine
431880,2016-08-11,224,German Bank,43.3127,-66.4268,2016-09-02,246,German Bank,NA,NA,NA,22,complete.returns,,4Xq,4Xq,Purse Seine
435040,2016-08-11,224,German Bank,43.3127,-66.4268,2016-08-22,235,German Bank,NA,NA,NA,11,complete.returns,,4Xq,4Xq,Purse Seine
435461,2016-08-11,224,German Bank,43.3305,-66.4655,2016-08-12,225,German Bank,NA,NA,NA,1,complete.returns,,4Xq,4Xq,Purse Seine
435502,2016-08-11,224,German Bank,43.3305,-66.4655,2016-09-13,257,German Bank,NA,NA,NA,33,complete.returns,,4Xq,4Xq,Purse Seine
437173,2016-08-11,224,German Bank,43.3362,-66.4197,2016-09-13,257,German Bank,NA,NA,NA,33,complete.returns,,4Xq,4Xq,Purse Seine
437865,2016-08-12,225,German Bank,43.3017,-66.3945,2016-08-22,235,German Bank,NA,NA,NA,10,complete.returns,,4Xq,4Xq,Purse Seine
440021,2016-08-07,220,German Bank,43.4618,-66.3385,2016-08-15,228,German Bank,NA,NA,NA,8,complete.returns,,4Xq,4Xq,Purse Seine
440457,2016-08-07,220,German Bank,43.456,-66.3372,2016-08-17,230,German Bank,NA,NA,NA,10,complete.returns,,4Xq,4Xq,Purse Seine
440591,2016-08-10,223,German Bank,43.352,-66.4175,2016-08-25,238,German Bank,NA,NA,NA,15,complete.returns,,4Xq,4Xq,Purse Seine
440787,2016-08-10,223,German Bank,43.352,-66.4175,2016-08-23,236,German Bank,NA,NA,NA,13,complete.returns,,4Xq,4Xq,Purse Seine
440888,2016-08-10,223,German Bank,43.352,-66.4175,2016-09-13,257,German Bank,NA,NA,NA,34,complete.returns,,4Xq,4Xq,Purse Seine
440910,2016-08-10,223,German Bank,43.352,-66.4175,2016-08-12,225,German Bank,NA,NA,NA,2,complete.returns,,4Xq,4Xq,Purse Seine
448003,2017-06-12,163,Gannet Dry Ledge,43.60833333,-66.9297,2017-07-27,208,German Bank,NA,NA,NA,45,complete.returns,,4Xq,4Xq,Purse Seine
457506,2017-07-25,206,German Bank,43.43866667,-66.3812,2017-08-17,229,German Bank,NA,NA,NA,23,complete.returns,,4Xq,4Xq,Purse Seine
457674,2017-07-25,206,German Bank,43.43866667,-66.3812,2017-07-27,208,German Bank,NA,NA,NA,2,complete.returns,,4Xq,4Xq,Purse Seine
458234,2017-07-26,207,German Bank,43.3805,-66.362,2017-09-11,254,German Bank,NA,NA,NA,47,complete.returns,,4Xq,4Xq,Purse Seine
493430,2021-10-25,298,German Bank,43.21255,-66.331333,2021-11-03,307,German Bank,NA,NA,143,9,complete.returns,,4Xq,4Xq,Purse Seine
488738,2021-09-07,250,German Bank,43.2765,-66.37366667,2021-09-09,252,German Bank,NA,NA,67,2,complete.returns,,4Xq,4Xq,Purse Seine
498968,2022-08-23,235,Scots Bay,45.12695,-65.0344,2022-10-11,284,German Bank,NA,NA,NA,49,complete.returns,,4Xr,4Xq,Purse Seine
471228,2023-08-21,233,German Bank,43.26611111,-66.37361111,2023-08-24,236,German Bank,NA,NA,60,3,complete.returns,,4Xq,4Xq,Purse Seine
577024,2023-08-30,242,German Bank,43.25305556,-66.345,2023-09-05,248,German Bank,NA,NA,116,6,complete.returns,,4Xq,4Xq,Purse Seine
467003,2022-08-29,241,German Bank,43.28333333,-66.37416667,2023-09-05,248,German Bank,NA,NA,116,372,complete.returns,,4Xq,4Xq,Purse Seine
577080,2023-08-30,242,German Bank,43.25305556,-66.345,2023-09-05,248,German Bank,NA,NA,116,6,complete.returns,,4Xq,4Xq,Purse Seine
498467,2022-08-16,228,German Bank,43.34535,-66.44735,2023-09-05,248,German Bank,NA,NA,116,385,complete.returns,,4Xq,4Xq,Purse Seine
577167,2023-08-31,243,German Bank,43.28888889,-66.42055556,2023-09-05,248,German Bank,NA,NA,116,5,complete.returns,,4Xq,4Xq,Purse Seine
578643,2023-09-04,247,German Bank,43.25305556,-66.36638889,2023-09-06,249,German Bank,NA,NA,102,2,complete.returns,,4Xq,4Xq,Purse Seine
532001,2023-09-04,247,German Bank,43.25,-66.35,2023-09-06,249,German Bank,NA,NA,102,2,complete.returns,,4Xq,4Xq,Purse Seine
567542,2023-09-03,246,German Bank,43.27138889,-66.37361111,2023-09-06,249,German Bank,NA,NA,102,3,complete.returns,,4Xq,4Xq,Purse Seine
578658,2023-09-04,247,German Bank,43.25305556,-66.36638889,2023-09-06,249,German Bank,NA,NA,102,2,complete.returns,,4Xq,4Xq,Purse Seine
577160,2023-08-31,243,German Bank,43.28888889,-66.42055556,2023-09-06,249,German Bank,NA,NA,98,6,complete.returns,,4Xq,4Xq,Purse Seine
577260,2023-08-31,243,German Bank,43.28888889,-66.42055556,2023-09-06,249,German Bank,NA,NA,98,6,complete.returns,,4Xq,4Xq,Purse Seine
532020,2023-09-04,247,German Bank,43.25,-66.35,2023-09-06,249,German Bank,NA,NA,102,2,complete.returns,,4Xq,4Xq,Purse Seine
567576,2023-09-03,246,German Bank,43.27138889,-66.37361111,2023-09-06,249,German Bank,NA,NA,102,3,complete.returns,,4Xq,4Xq,Purse Seine
567454,2023-09-03,246,German Bank,43.27138889,-66.37361111,2023-09-06,249,German Bank,NA,NA,102,3,complete.returns,,4Xq,4Xq,Purse Seine
532029,2023-09-04,247,German Bank,43.25,-66.35,2023-09-06,249,German Bank,NA,NA,102,2,complete.returns,,4Xq,4Xq,Purse Seine
532110,2023-09-04,247,German Bank,43.25,-66.35,2023-09-06,249,German Bank,NA,NA,102,2,complete.returns,,4Xq,4Xq,Purse Seine
567443,2023-09-03,246,German Bank,43.27138889,-66.37361111,2023-09-06,249,German Bank,NA,NA,102,3,complete.returns,,4Xq,4Xq,Purse Seine
567494,2023-09-03,246,German Bank,43.27138889,-66.37361111,2023-09-06,249,German Bank,NA,NA,102,3,complete.returns,,4Xq,4Xq,Purse Seine
567475,2023-09-03,246,German Bank,43.27138889,-66.37361111,2023-09-06,249,German Bank,NA,NA,102,3,complete.returns,,4Xq,4Xq,Purse Seine
577724,2023-09-04,247,German Bank,43.25055556,-66.38055556,2023-09-06,249,German Bank,NA,NA,102,2,complete.returns,,4Xq,4Xq,Purse Seine
528099,2023-09-05,248,German Bank,43.26666667,-66.36638889,2023-09-06,249,German Bank,NA,NA,102,1,complete.returns,,4Xq,4Xq,Purse Seine
567624,2023-09-03,246,German Bank,43.27138889,-66.37361111,2023-09-06,249,German Bank,NA,NA,102,3,complete.returns,,4Xq,4Xq,Purse Seine
567481,2023-09-03,246,German Bank,43.27138889,-66.37361111,2023-09-06,249,German Bank,NA,NA,102,3,complete.returns,,4Xq,4Xq,Purse Seine
577411,2023-09-04,247,German Bank,43.25972222,-66.37611111,2023-09-06,249,German Bank,NA,NA,102,2,complete.returns,,4Xq,4Xq,Purse Seine
528138,2023-09-05,248,German Bank,43.26666667,-66.36638889,2023-09-07,250,German Bank,NA,NA,110,2,complete.returns,,4Xq,4Xq,Purse Seine
567369,2023-09-03,246,German Bank,43.27138889,-66.37361111,2023-09-07,250,German Bank,NA,NA,110,4,complete.returns,,4Xq,4Xq,Purse Seine
577185,2023-08-31,243,German Bank,43.28888889,-66.42055556,2023-09-07,250,German Bank,NA,NA,110,7,complete.returns,,4Xq,4Xq,Purse Seine
528133,2023-09-05,248,German Bank,43.26666667,-66.36638889,2023-09-07,250,German Bank,NA,NA,110,2,complete.returns,,4Xq,4Xq,Purse Seine
567416,2023-09-03,246,German Bank,43.27138889,-66.37361111,2023-09-07,250,German Bank,NA,NA,110,4,complete.returns,,4Xq,4Xq,Purse Seine
578599,2023-09-04,247,German Bank,43.25305556,-66.36638889,2023-09-07,250,German Bank,NA,NA,110,3,complete.returns,,4Xq,4Xq,Purse Seine
532355,2023-09-11,254,German Bank,43.25,-66.4,2023-09-15,258,German Bank,NA,NA,96,4,complete.returns,,4Xq,4Xq,Purse Seine
532421,2023-09-11,254,German Bank,43.25,-66.4,2023-09-15,258,German Bank,NA,NA,96,4,complete.returns,,4Xq,4Xq,Purse Seine
528173,2023-09-06,249,German Bank,43.26472222,-66.35638889,2023-09-15,258,German Bank,NA,NA,96,9,complete.returns,,4Xq,4Xq,Purse Seine
528274,2023-09-06,249,German Bank,43.26472222,-66.35638889,2023-09-15,258,German Bank,NA,NA,96,9,complete.returns,,4Xq,4Xq,Purse Seine
532267,2023-09-11,254,German Bank,43.25,-66.4,2023-09-15,258,German Bank,NA,NA,96,4,complete.returns,,4Xq,4Xq,Purse Seine
567598,2023-09-03,246,German Bank,43.27138889,-66.37361111,2023-09-15,258,German Bank,NA,NA,96,12,complete.returns,,4Xq,4Xq,Purse Seine
567546,2023-09-03,246,German Bank,43.27138889,-66.37361111,2023-09-15,258,German Bank,NA,NA,96,12,complete.returns,,4Xq,4Xq,Purse Seine
567628,2023-09-03,246,German Bank,43.27138889,-66.37361111,2023-09-15,258,German Bank,NA,NA,96,12,complete.returns,,4Xq,4Xq,Purse Seine
528203,2023-09-06,249,German Bank,43.26472222,-66.35638889,2023-09-15,258,German Bank,NA,NA,96,9,complete.returns,,4Xq,4Xq,Purse Seine
567533,2023-09-03,246,German Bank,43.27138889,-66.37361111,2023-09-15,258,German Bank,NA,NA,96,12,complete.returns,,4Xq,4Xq,Purse Seine
510905,2022-09-01,244,German Bank,43.25,-66.35,2023-09-18,261,German Bank,NA,NA,121,382,complete.returns,,4Xq,4Xq,Purse Seine
567420,2023-09-03,246,German Bank,43.27138889,-66.37361111,2023-09-18,261,German Bank,NA,NA,121,15,complete.returns,,4Xq,4Xq,Purse Seine
578413,2023-09-14,257,German Bank,43.3075,-66.4,2023-09-18,261,German Bank,NA,NA,121,4,complete.returns,,4Xq,4Xq,Purse Seine
532365,2023-09-11,254,German Bank,43.25,-66.4,2023-09-18,261,German Bank,NA,NA,121,7,complete.returns,,4Xq,4Xq,Purse Seine
467543,2022-08-31,243,German Bank,43.277,-66.3662,2023-09-18,261,German Bank,NA,NA,121,383,complete.returns,,4Xq,4Xq,Purse Seine
532385,2023-09-11,254,German Bank,43.25,-66.4,2023-09-18,261,German Bank,NA,NA,121,7,complete.returns,,4Xq,4Xq,Purse Seine
577556,2023-09-04,247,German Bank,43.25055556,-66.38055556,2023-09-19,262,German Bank,NA,NA,108,15,complete.returns,,4Xq,4Xq,Purse Seine
532375,2023-09-11,254,German Bank,43.25,-66.4,2023-09-19,262,German Bank,NA,NA,108,8,complete.returns,,4Xq,4Xq,Purse Seine
577608,2023-09-04,247,German Bank,43.25055556,-66.38055556,2023-09-19,262,German Bank,NA,NA,108,15,complete.returns,,4Xq,4Xq,Purse Seine
532427,2023-09-11,254,German Bank,43.25,-66.4,2023-09-19,262,German Bank,NA,NA,108,8,complete.returns,,4Xq,4Xq,Purse Seine
574192,2023-09-12,255,German Bank,43.31,-66.2847,2023-09-19,262,German Bank,NA,NA,108,7,complete.returns,,4Xq,4Xq,Purse Seine
528313,2023-09-06,249,German Bank,43.26472222,-66.35638889,2023-09-19,262,German Bank,NA,NA,108,13,complete.returns,,4Xq,4Xq,Purse Seine
532392,2023-09-11,254,German Bank,43.25,-66.4,2023-09-19,262,German Bank,NA,NA,108,8,complete.returns,,4Xq,4Xq,Purse Seine
578202,2023-09-14,257,German Bank,43.3075,-66.4,2023-09-19,262,German Bank,NA,NA,108,5,complete.returns,,4Xq,4Xq,Purse Seine
573304,2023-09-14,257,German Bank,43.3075,-66.4,2023-09-19,262,German Bank,NA,NA,108,5,complete.returns,,4Xq,4Xq,Purse Seine
564391,2023-08-29,241,Scots Bay,45.19805556,-64.85777778,2023-09-29,272,German Bank,NA,NA,82,31,complete.returns,,4Xr,4Xq,Purse Seine
572780,2023-08-29,241,German Bank,43.28722222,-66.38833333,2023-08-30,242,German Bank,NA,NA,63,1,complete.returns,German Bank (Area 7),4Xq,4Xq,Purse Seine
577051,2023-08-30,242,German Bank,43.25305556,-66.345,2023-09-01,244,German Bank,NA,NA,84,2,complete.returns,,4Xq,4Xq,Purse Seine
577064,2023-08-30,242,German Bank,43.25305556,-66.345,2023-09-01,244,German Bank,NA,NA,84,2,complete.returns,,4Xq,4Xq,Purse Seine
577204,2023-08-31,243,German Bank,43.28888889,-66.42055556,2023-09-05,248,German Bank,NA,NA,78,5,complete.returns,,4Xq,4Xq,Purse Seine
577295,2023-08-31,243,German Bank,43.28888889,-66.42055556,2023-09-05,248,German Bank,NA,NA,37,5,complete.returns,,4Xq,4Xq,Purse Seine
567373,2023-09-03,246,German Bank,43.27138889,-66.37361111,2023-09-06,249,German Bank,NA,NA,148,3,complete.returns,,4Xq,4Xq,Purse Seine
567462,2023-09-03,246,German Bank,43.27138889,-66.37361111,2023-09-06,249,German Bank,NA,NA,148,3,complete.returns,,4Xq,4Xq,Purse Seine
567466,2023-09-03,246,German Bank,43.27138889,-66.37361111,2023-09-06,249,German Bank,NA,NA,148,3,complete.returns,,4Xq,4Xq,Purse Seine
567515,2023-09-03,246,German Bank,43.27138889,-66.37361111,2023-09-06,249,German Bank,NA,NA,148,3,complete.returns,,4Xq,4Xq,Purse Seine
567641,2023-09-03,246,German Bank,43.27138889,-66.37361111,2023-09-06,249,German Bank,NA,NA,148,3,complete.returns,,4Xq,4Xq,Purse Seine
567648,2023-09-03,246,German Bank,43.27138889,-66.37361111,2023-09-06,249,German Bank,NA,NA,148,3,complete.returns,,4Xq,4Xq,Purse Seine
577351,2023-09-04,247,German Bank,43.25972222,-66.37611111,2023-09-06,249,German Bank,NA,NA,148,2,complete.returns,,4Xq,4Xq,Purse Seine
577577,2023-09-04,247,German Bank,43.25055556,-66.38055556,2023-09-06,249,German Bank,NA,NA,148,2,complete.returns,,4Xq,4Xq,Purse Seine
564787,2023-08-28,240,Scots Bay,45.18027778,-64.95611111,2023-09-07,250,German Bank,NA,NA,147,10,complete.returns,,4Xr,4Xq,Purse Seine
567435,2023-09-03,246,German Bank,43.27138889,-66.37361111,2023-09-07,250,German Bank,NA,NA,94,4,complete.returns,,4Xq,4Xq,Purse Seine
567650,2023-09-03,246,German Bank,43.27138889,-66.37361111,2023-09-07,250,German Bank,NA,NA,94,4,complete.returns,,4Xq,4Xq,Purse Seine
577420,2023-09-04,247,German Bank,43.25972222,-66.37611111,2023-09-07,250,German Bank,NA,NA,94,3,complete.returns,,4Xq,4Xq,Purse Seine
577602,2023-09-04,247,German Bank,43.25055556,-66.38055556,2023-09-07,250,German Bank,NA,NA,94,3,complete.returns,,4Xq,4Xq,Purse Seine
532366,2023-09-11,254,German Bank,43.25,-66.4,2023-09-15,258,German Bank,NA,NA,171,4,complete.returns,,4Xq,4Xq,Purse Seine
574037,2023-09-12,255,German Bank,43.26888889,-66.37583333,2023-09-15,258,German Bank,NA,NA,17,3,complete.returns,,4Xq,4Xq,Purse Seine
574087,2023-09-12,255,German Bank,43.26888889,-66.37583333,2023-09-15,258,German Bank,NA,NA,65,3,complete.returns,,4Xq,4Xq,Purse Seine
573913,2023-09-21,264,German Bank,43.3225,-66.38194444,2023-09-22,265,German Bank,NA,NA,67,1,complete.returns,,4Xq,4Xq,Purse Seine
574420,2023-09-18,261,German Bank,43.26666667,-66.36666667,2023-09-22,265,German Bank,NA,NA,67,4,complete.returns,,4Xq,4Xq,Purse Seine
529626,2023-10-05,278,German Bank,43.2353,-66.37277778,2023-10-06,279,German Bank,NA,NA,17,1,complete.returns,,4Xq,4Xq,Purse Seine
502977,2022-08-24,236,German Bank,43.22238333,-66.35058333,2024-10-03,277,German Bank,NA,NA,NA,771,complete.returns,,4Xq,4Xq,Purse Seine
532275,2023-09-11,254,German Bank,43.25,-66.4,2024-11-01,306,German Bank,NA,NA,NA,417,complete.returns,,4Xq,4Xq,Purse Seine
569215,2023-08-29,241,Scots Bay,45.18972222,-64.92277778,2023-09-01,244,German Bank,NA,NA,NA,3,complete.returns,,4Xr,4Xq,Purse Seine
569032,2023-08-29,241,Scots Bay,45.15777778,-65.03361111,2023-09-01,244,German Bank,NA,NA,NA,3,complete.returns,,4Xr,4Xq,Purse Seine
564460,2023-08-29,241,Scots Bay,45.19805556,-64.85777778,2023-09-01,244,German Bank,NA,NA,NA,3,complete.returns,,4Xr,4Xq,Purse Seine
564341,2023-08-29,241,Scots Bay,45.19805556,-64.85777778,2023-09-01,244,German Bank,NA,NA,NA,3,complete.returns,,4Xr,4Xq,Purse Seine
564756,2023-08-28,240,Scots Bay,45.18027778,-64.95611111,2023-09-15,258,German Bank,NA,NA,NA,18,complete.returns,,4Xr,4Xq,Purse Seine
574362,2023-09-18,261,German Bank,43.26666667,-66.36666667,2023-09-21,264,German Bank,NA,NA,NA,3,complete.returns,,4Xq,4Xq,Purse Seine
528324,2023-09-06,249,German Bank,43.26472222,-66.35638889,2023-09-19,262,German Bank,NA,NA,NA,13,complete.returns,,4Xq,4Xq,Purse Seine
532292,2023-09-11,254,German Bank,43.25,-66.4,2023-09-18,261,German Bank,NA,NA,NA,7,complete.returns,,4Xq,4Xq,Purse Seine
567493,2023-09-03,246,German Bank,43.27138889,-66.37361111,2023-09-15,258,German Bank,NA,NA,NA,12,complete.returns,,4Xq,4Xq,Purse Seine
567570,2023-09-03,246,German Bank,43.27138889,-66.37361111,2023-09-06,249,German Bank,NA,NA,NA,3,complete.returns,,4Xq,4Xq,Purse Seine
500534,2022-08-09,221,Scots Bay,45.16556667,-64.94023333,2023-09-15,258,German Bank,NA,NA,NA,402,complete.returns,,4Xr,4Xq,Purse Seine
564740,2023-08-28,240,Scots Bay,45.18027778,-64.95611111,2023-09-19,262,German Bank,NA,NA,NA,22,complete.returns,,4Xr,4Xq,Purse Seine
567207,2023-08-29,241,Scots Bay,45.20138889,-64.88638889,2023-09-06,249,German Bank,NA,NA,NA,8,complete.returns,,4Xr,4Xq,Purse Seine
532087,2023-09-04,247,German Bank,43.25,-66.35,2023-09-19,262,German Bank,NA,NA,NA,15,complete.returns,,4Xq,4Xq,Purse Seine
500940,2022-08-10,222,Scots Bay,45.18843333,-64.88335,2023-09-06,249,German Bank,NA,NA,NA,392,complete.returns,,4Xr,4Xq,Purse Seine
471823,2023-08-29,241,Scots Bay,45.21111111,-64.8225,2023-09-06,249,German Bank,NA,NA,NA,8,complete.returns,,4Xr,4Xq,Purse Seine
577946,2023-09-06,249,Scots Bay,45.15833333,-65.01138889,2023-09-15,258,German Bank,NA,NA,NA,9,complete.returns,,4Xr,4Xq,Purse Seine
514040,2021-10-04,277,German Bank,43.291,-66.45433333,2023-09-15,258,German Bank,NA,NA,NA,711,complete.returns,,4Xq,4Xq,Purse Seine
577445,2023-09-04,247,German Bank,43.25972222,-66.37611111,2023-09-15,258,German Bank,NA,NA,NA,11,complete.returns,,4Xq,4Xq,Purse Seine
569147,2023-08-29,241,Scots Bay,45.15777778,-65.03361111,2023-09-15,258,German Bank,NA,NA,NA,17,complete.returns,,4Xr,4Xq,Purse Seine
567157,2023-08-29,241,Scots Bay,45.20138889,-64.88638889,2023-09-15,258,German Bank,NA,NA,NA,17,complete.returns,,4Xr,4Xq,Purse Seine
569073,2023-08-29,241,Scots Bay,45.15777778,-65.03361111,2023-09-06,249,German Bank,NA,NA,NA,8,complete.returns,,4Xr,4Xq,Purse Seine
471652,2023-08-28,240,Scots Bay,45.1633,-64.9931,2023-09-06,249,German Bank,NA,NA,NA,9,complete.returns,,4Xr,4Xq,Purse Seine
567423,2023-09-03,246,German Bank,43.27138889,-66.37361111,2023-09-05,248,German Bank ,NA,NA,216,2,complete.returns,,4Xq,4Xq,Purse Seine
577188,2023-08-31,243,German Bank,43.28888889,-66.42055556,2023-09-05,248,German Bank ,NA,NA,145,5,complete.returns,,4Xq,4Xq,Purse Seine
569222,2023-08-29,241,Scots Bay,45.18972222,-64.92277778,2023-09-15,258,German Bank ,NA,NA,107,17,complete.returns,,4Xr,4Xq,Purse Seine
564577,2023-08-29,241,Scots Bay,45.19805556,-64.85777778,2023-09-15,258,German Bank ,NA,NA,43,17,complete.returns,,4Xr,4Xq,Purse Seine
471671,2023-08-28,240,Scots Bay,45.1633,-64.9931,2023-09-15,258,German Bank ,NA,NA,106,18,complete.returns,,4Xr,4Xq,Purse Seine 
564925,2023-08-28,240,Scots Bay,45.18027778,-64.95611111,2023-09-15,258,German Bank ,NA,NA,107,18,complete.returns,,4Xr,4Xq,Purse Seine
564033,2023-08-28,240,Scots Bay,45.14111111,-65.05194444,2023-09-15,258,German Bank ,NA,NA,107,18,complete.returns,,4Xr,4Xq,Purse Seine
572437,2023-08-27,239,Scots Bay,45.13527778,-65.06972222,2023-09-15,258,German Bank ,NA,NA,107,19,complete.returns,,4Xr,4Xq,Purse Seine
567558,2023-09-03,246,German Bank,43.27138889,-66.37361111,2023-09-15,258,German Bank ,NA,NA,107,12,complete.returns,,4Xq,4Xq,Purse Seine
567504,2023-09-03,246,German Bank,43.27138889,-66.37361111,2023-09-15,258,German Bank ,NA,NA,107,12,complete.returns,,4Xq,4Xq,Purse Seine
532380,2023-09-11,254,German Bank,43.25,-66.4,2023-09-15,258,German Bank ,NA,NA,107,4,complete.returns,,4Xq,4Xq,Purse Seine
528334,2023-09-06,249,German Bank,43.26472222,-66.35638889,2023-09-15,258,German Bank ,NA,NA,107,9,complete.returns,,4Xq,4Xq,Purse Seine
567366,2023-09-03,246,German Bank,43.27138889,-66.37361111,2023-09-15,258,German Bank ,NA,NA,107,12,complete.returns,,4Xq,4Xq,Purse Seine 
567456,2023-09-03,246,German Bank,43.27138889,-66.37361111,2023-09-15,258,German Bank ,NA,NA,107,12,complete.returns,,4Xq,4Xq,Purse Seine
532379,2023-09-11,254,German Bank,43.25,-66.4,2023-09-15,258,German Bank ,NA,NA,107,4,complete.returns,,4Xq,4Xq,Purse Seine 
528252,2023-09-06,249,German Bank,43.26472222,-66.35638889,2023-09-15,258,German Bank ,NA,NA,107,9,complete.returns,,4Xq,4Xq,Purse Seine
532328,2023-09-11,254,German Bank,43.25,-66.4,2023-09-19,262,German Bank ,NA,NA,171,8,complete.returns,,4Xq,4Xq,Purse Seine
573297,2023-09-14,257,German Bank,43.3075,-66.4,2023-09-19,262,German Bank ,NA,NA,171,5,complete.returns,,4Xq,4Xq,Purse Seine
567517,2023-09-03,246,German Bank,43.27138889,-66.37361111,2023-09-19,262,German Bank ,NA,NA,171,16,complete.returns,,4Xq,4Xq,Purse Seine
528223,2023-09-06,249,German Bank,43.26472222,-66.35638889,2023-09-19,262,German Bank ,NA,NA,171,13,complete.returns,,4Xq,4Xq,Purse Seine
574256,2023-09-12,255,German Bank,43.31,-66.2847,2023-09-19,262,German Bank ,NA,NA,171,7,complete.returns,,4Xq,4Xq,Purse Seine 
528317,2023-09-06,249,German Bank,43.26472222,-66.35638889,2023-09-19,262,German Bank ,NA,NA,171,13,complete.returns,,4Xq,4Xq,Purse Seine
532306,2023-09-11,254,German Bank,43.25,-66.4,2023-09-19,262,German Bank ,NA,NA,171,8,complete.returns,,4Xq,4Xq,Purse Seine 
574299,2023-09-12,255,German Bank,43.31,-66.2847,2023-09-19,262,German Bank ,NA,NA,171,7,complete.returns,,4Xq,4Xq,Purse Seine
567425,2023-09-03,246,German Bank,43.27138889,-66.37361111,2023-09-19,262,German Bank ,NA,NA,171,16,complete.returns,,4Xq,4Xq,Purse Seine
567564,2023-09-03,246,German Bank,43.27138889,-66.37361111,2023-09-19,262,German Bank ,NA,NA,47,16,complete.returns,,4Xq,4Xq,Purse Seine
528373,2023-09-06,249,German Bank,43.26472222,-66.35638889,2023-09-19,262,German Bank ,NA,NA,47,13,complete.returns,,4Xq,4Xq,Purse Seine
574585,2023-09-18,261,German Bank,43.26666667,-66.36666667,2023-09-21,264,German Bank ,NA,NA,121,3,complete.returns,,4Xq,4Xq,Purse Seine
477328,2023-09-18,261,German Bank,43.28805556,-66.14,2023-09-21,264,German Bank ,NA,NA,121,3,complete.returns,,4Xq,4Xq,Purse Seine
574191,2023-09-12,255,German Bank,43.31,-66.2847,2023-09-21,264,German Bank ,NA,NA,194,9,complete.returns,,4Xq,4Xq,Purse Seine 
567566,2023-09-03,246,German Bank,43.27138889,-66.37361111,2023-09-21,264,German Bank ,NA,NA,194,18,complete.returns,,4Xq,4Xq,Purse Seine
532316,2023-09-11,254,German Bank,43.25,-66.4,2023-09-21,264,German Bank ,NA,NA,194,10,complete.returns,,4Xq,4Xq,Purse Seine 
574007,2023-09-12,255,German Bank,43.26888889,-66.37583333,2023-09-21,264,German Bank ,NA,NA,117,9,complete.returns,,4Xq,4Xq,Purse Seine
528253,2023-09-06,249,German Bank,43.26472222,-66.35638889,2023-09-29,272,German Bank ,NA,NA,82,23,complete.returns,,4Xq,4Xq,Purse Seine
510561,2022-08-29,241,German Bank,43.31666667,-66.36666667,2023-09-29,272,German Bank ,NA,NA,82,396,complete.returns,,4Xq,4Xq,Purse Seine
564541,2023-08-29,241,Scots Bay,45.19805556,-64.85777778,2023-09-29,272,German Bank ,NA,NA,82,31,complete.returns,,4Xr,4Xq,Purse Seine
564929,2023-08-28,240,Scots Bay,45.18027778,-64.95611111,2023-09-29,272,German Bank ,NA,NA,82,32,complete.returns,,4Xr,4Xq,Purse Seine
532319,2023-09-11,254,German Bank,43.25,-66.4,2023-09-28,271,German Bank ,NA,NA,82,17,complete.returns,,4Xq,4Xq,Purse Seine
569079,2023-08-29,241,Scots Bay,45.15777778,-65.03361111,2023-09-29,272,German Bank ,NA,NA,82,31,complete.returns,,4Xr,4Xq,Purse Seine
528796,2023-09-12,255,German Bank,43.31916667,-66.16166667,2023-09-29,272,German Bank ,NA,NA,82,17,complete.returns,,4Xq,4Xq,Purse Seine
573468,2023-09-17,260,German Bank,43.28388889,-66.39083333,2023-10-11,284,German Bank ,NA,NA,186,24,complete.returns,,4Xq,4Xq,Purse Seine
564309,2023-08-29,241,Scots Bay,45.19805556,-64.85777778,2023-10-11,284,German Bank ,NA,NA,186,43,complete.returns,,4Xr,4Xq,Purse Seine
532013,2023-09-04,247,German Bank,43.25,-66.35,2023-09-28,271,German Bank ,NA,NA,NA,24,complete.returns,,4Xq,4Xq,Purse Seine
418251,2016-07-11,193,Grand Manan Banks,44.13,-67.1183,2016-11-08,313,Grand Manan,NA,NA,NA,120,complete.returns,,5Yb,4Xs,Purse Seine
524812,2023-07-18,199,Grand Manan,44.60277778,-66.59166667,2023-07-20,201,Grand Manan,NA,NA,62,2,complete.returns,,4Xs,4Xs,Purse Seine
593841,2023-06-22,173,Grand Manan Banks,44.29798333,-66.93935,2023-07-07,188,Grand Manan,NA,NA,125,15,complete.returns,,5Yb,4Xs,Purse Seine
509990,2023-07-10,191,Grand Manan,44.63333333,-66.63333333,2023-07-11,192,Grand Manan,NA,NA,20,1,complete.returns,,4Xs,4Xs,Purse Seine
556394,2023-06-28,179,Grand Manan,44.64388889,-66.65,2023-07-11,192,Grand Manan,NA,NA,20,13,complete.returns,,4Xs,4Xs,Purse Seine
557233,2023-07-05,186,Grand Manan,44.59305556,-66.58416667,2023-07-19,200,Grand Manan,NA,NA,95,14,complete.returns,AREA 1 GRAND MANAN,4Xs,4Xs,Purse Seine
501859,2023-06-26,177,Grand Manan,44.60116667,-66.59533333,2023-07-20,201,Grand Manan,NA,NA,46,24,complete.returns,AREA 1 GRAND MANAN,4Xs,4Xs,Purse Seine
529022,2023-10-01,274,Grand Manan,44.63277778,-66.63972222,2023-10-02,275,Grand Manan,NA,NA,42,1,complete.returns,,4Xs,4Xs,Purse Seine
521966,2023-08-28,240,Trinity,44.05,-66.46666667,2024-06-12,164,Grand Manan,NA,NA,NA,289,complete.returns,,4Xr,4Xs,Purse Seine
529460,2023-10-04,277,Long Island,44.36222222,-66.32055556,2024-06-13,165,Grand Manan,NA,NA,NA,253,complete.returns,,4Xr,4Xs,Purse Seine
529179,2023-10-01,274,Grand Manan,44.63277778,-66.63972222,2024-06-26,178,Grand Manan,NA,NA,NA,269,complete.returns,,4Xs,4Xs,Purse Seine
487227,2022-10-12,285,Grand Manan,44.75,-66.71666667,2022-10-17,290,Grand Manan ,NA,NA,103,5,complete.returns,,4Xs,4Xs,Purse Seine
469700,2021-07-18,199,Scots Bay,45.29146667,-64.92868333,2021-10-14,287,Grand Manan Banks,NA,NA,80,88,complete.returns,,4Xr,5Yb,Purse Seine
584951,2021-07-06,187,Grand Manan Banks,44.26341667,-66.99936667,2021-10-24,297,Grand Manan Banks,NA,NA,137,110,complete.returns,,5Yb,5Yb,Purse Seine
426494,2016-07-26,208,Grand Manan Banks,44.1407,-67.1493,2016-08-31,244,Grand Manan Banks,NA,NA,NA,36,complete.returns,,5Yb,5Yb,Purse Seine
593181,2023-06-20,171,Grand Manan Banks,44.2814,-66.96776667,2023-06-21,172,Grand Manan Banks,NA,NA,10,1,complete.returns,,5Yb,5Yb,Purse Seine
575759,2023-10-09,282,Grand Manan Banks,44.1547222,-67.10972222,2023-10-16,289,Grand Manan Banks,NA,NA,91,7,complete.returns,,5Yb,5Yb,Purse Seine
449455,2018-06-27,178,Grand Manan Banks,44.44633333,-66.6723,2019-01-08,8,Grand Manan Mumps Weir,NA,NA,NA,195,complete.returns,,4Xs,,Weir/Shut-Off
450645,2018-07-02,183,Grand Manan,44.61216667,-66.6405,2019-01-08,8,Grand Manan Mumps Weir,NA,NA,NA,190,complete.returns,,4Xs,,Weir/Shut-Off
423308,2016-08-02,215,German Bank,43.3678,-66.3952,2016-08-04,217,Gully 4Xq,NA,NA,NA,2,complete.returns,,4Xq,,Purse Seine
459573,2019-08-06,218,Scots Bay,45.18925,-65.0085,2019-08-19,231,Leroy Island Shore (4WX),NA,NA,NA,13,complete.returns,,4Xr,,Purse Seine
431444,2016-08-10,223,German Bank,43.4248,-66.398,2016-09-14,258,Long Island,NA,NA,NA,35,complete.returns,,4Xq,4Xr,Purse Seine
433596,2016-08-17,230,Grand Manan Banks,44.258,-66.9992,2016-10-04,278,Long Island,NA,NA,NA,48,complete.returns,,5Yb,4Xr,Purse Seine
453163,2017-07-27,208,German Bank,43.43233333,-66.4178,2018-06-01,152,Long Island,NA,NA,NA,309,complete.returns,,4Xq,4Xr,Purse Seine
459473,2019-08-06,218,Scots Bay,45.06175,-65.1709,2019-08-19,231,Long Island,NA,NA,NA,13,complete.returns,,4Xr,4Xr,Purse Seine
521299,2023-08-23,235,German Bank,43.38333333,-66.16666667,2023-10-13,286,Long Island,NA,NA,97,51,complete.returns,,4Xq,4Xr,Purse Seine
500271,2022-08-07,219,Scots Bay,45.15536667,-65.10636667,2022-08-11,223,Long Island Shore,NA,NA,25,4,complete.returns,,4Xr,,Purse Seine
513256,2021-07-01,182,Trinity,43.88933333,-66.48716667,2021-07-05,186,Long Island Shore,NA,NA,100,4,complete.returns,,4Xq,,Purse Seine
206567,2020-07-16,198,Trinity,44.07733,-66.435,2020-08-17,230,Long Island Shore,NA,NA,84,32,complete.returns,,4Xr,,Purse Seine
206575,2020-07-16,198,Trinity,44.07733,-66.435,2020-08-18,231,Long Island Shore,NA,NA,84,33,complete.returns,,4Xr,,Purse Seine
480898,2020-08-24,237,Scots Bay,45.18795,-65.0152,2020-09-08,252,Lurcher,NA,NA,159,15,complete.returns,,4Xr,4Xq,Purse Seine
204908,2020-06-07,159,Grand Manan Banks,44.27216667,-67.0127,2020-07-17,199,Lurcher,NA,NA,37,40,complete.returns,,5Yb,4Xq,Purse Seine
521399,2023-08-23,235,German Bank,43.38333333,-66.16666667,2024-06-07,159,Lurcher,NA,NA,NA,289,complete.returns,,4Xq,4Xq,Purse Seine
515215,2021-07-18,199,Scots Bay,45.29666667,-64.85283333,2021-08-04,216,McDormand Patch,NA,NA,46,17,complete.returns,,4Xr,,Purse Seine
511675,2021-06-20,171,Scots Bay,45.117,-65.1205,2021-08-04,216,McDormand Patch,NA,NA,46,45,complete.returns,,4Xr,,Purse Seine
207368,2020-07-17,199,Trinity,44.06417,-66.4312,2020-07-22,204,McDormand Patch,NA,NA,71,5,complete.returns,,4Xr,,Purse Seine
34493,2019-07-08,189,Scots Bay,45.14918333,-64.9086,2019-09-06,249,McDormand Patch,NA,NA,NA,60,complete.returns,McDormant Patch,4Xr,,Purse Seine
414521,2019-08-28,240,Trinity,44.13136667,-66.4824,2019-09-06,249,McDormand Patch,NA,NA,NA,9,complete.returns,McDormant Patch,4Xr,,Purse Seine
445793,2018-08-12,224,Long Island,44.57166667,-66.094,2019-09-06,249,McDormand Patch,NA,NA,NA,390,complete.returns,McDormant Patch,4Xr,,Purse Seine
455333,2019-07-21,202,Scots Bay,45.1977,-64.9887,2019-08-01,213,McDormand Patch,NA,NA,NA,11,complete.returns,McDormant Patch,4Xr,,Purse Seine
455750,2019-07-21,202,Scots Bay,44.977,-65.4,2019-09-06,249,McDormand Patch,NA,NA,NA,47,complete.returns,McDormant Patch,4Xr,,Purse Seine
460329,2019-07-24,205,Lurcher,43.84401667,-66.5076,2019-09-06,249,McDormand Patch,NA,NA,NA,44,complete.returns,McDormant Patch,4Xq,,Purse Seine
442788,2018-06-26,177,Grand Manan Banks,44.44633333,-66.6723,2018-08-10,222,Mill Cove Back Bay,NA,NA,NA,45,complete.returns,,4Xs,,Shut-Off
449347,2018-06-27,178,Grand Manan Banks,44.44633333,-66.6723,2018-08-13,225,Mill Cove Back Bay,NA,NA,NA,47,complete.returns,,4Xs,,Shut-Off
460200,2019-07-24,205,Lurcher,43.84401667,-66.5076,2020-03-06,66,"Mill Cove, Campobello ",NA,NA,NA,226,complete.returns,,4Xq,,Shut-Off
449786,2018-07-02,183,Grand Manan,44.61216667,-66.6405,2018-08-07,219,Money Cove Weir,NA,NA,NA,36,complete.returns,,4Xs,,Weir
450446,2018-07-02,183,Grand Manan,44.61216667,-66.6405,2018-07-29,210,Money Cove Weir,NA,NA,NA,27,complete.returns,,4Xs,,Weir
450689,2018-07-02,183,Grand Manan,44.61216667,-66.6405,2018-08-06,218,Money Cove Weir,NA,NA,NA,35,complete.returns,,4Xs,,Weir
512567,2021-08-09,221,Long Island,44.3225,-66.38416667,2021-08-10,222,Moore's Ledge,NA,NA,48,1,complete.returns,,4Xr,,Purse Seine
512503,2021-08-09,221,Long Island,44.3225,-66.38416667,2021-08-10,222,Moore's Ledge,NA,NA,48,1,complete.returns,,4Xr,,Purse Seine
40619,2020-06-08,160,Gannet Dry Ledge,43.64667,-66.865,2020-09-04,248,Moore's Ledge,NA,NA,34,88,complete.returns,,4Xq,,Purse Seine
512543,2021-08-09,221,Long Island,44.3225,-66.38416667,2021-08-10,222,Moore's Ledge & Prong,NA,NA,31,1,complete.returns,,4Xr,,Purse Seine
442133,2018-06-26,177,Grand Manan Banks,44.44633333,-66.6723,2018-08-18,230,Mumps weir Shutoff,NA,NA,NA,53,complete.returns,,4Xs,,Weir/Shut-Off
513483,2021-07-01,182,Trinity,43.88933333,-66.48716667,2021-08-16,228,North West Ledge,NA,NA,98,46,complete.returns,,4Xq,,Purse Seine
206562,2020-07-16,198,Trinity,44.07733,-66.435,2020-09-03,247,North West Ledge,NA,NA,114,49,complete.returns,,4Xr,,Purse Seine
437718,2016-08-12,225,German Bank,43.3017,-66.3945,2016-10-03,277,North West Ledge,NA,NA,NA,52,complete.returns,,4Xq,,Purse Seine
440150,2016-08-07,220,German Bank,43.456,-66.3372,2016-10-04,278,North West Ledge,NA,NA,NA,58,complete.returns,,4Xq,,Purse Seine
556552,2023-07-03,184,Scots Bay,45.27555556,-64.9625,2023-10-19,292,North West Ledge,NA,NA,125,108,complete.returns,,4Xr,,Purse Seine
529254,2023-10-02,275,Grand Manan,44.67416667,-66.65333333,2023-10-19,292,North West Ledge,NA,NA,125,17,complete.returns,,4Xs,,Purse Seine
439384,2017-07-25,206,Grand Manan Banks,44.25366667,-67.0403,2017-09-26,269,Northeast Bank,NA,NA,NA,63,complete.returns,,5Yb,,Purse Seine
439468,2017-07-25,206,Grand Manan Banks,44.25366667,-67.0403,2017-09-25,268,Northeast Bank,NA,NA,NA,62,complete.returns,,5Yb,,Purse Seine
439523,2017-07-25,206,Grand Manan Banks,44.25366667,-67.0403,2017-09-19,262,Northeast Bank,NA,NA,NA,56,complete.returns,,5Yb,,Purse Seine
439546,2017-07-25,206,Grand Manan Banks,44.25366667,-67.0403,2017-09-18,261,Northeast Bank,NA,NA,NA,55,complete.returns,,5Yb,,Purse Seine
439872,2017-07-25,206,Grand Manan Banks,44.25366667,-67.0403,2017-09-26,269,Northeast Bank,NA,NA,NA,63,complete.returns,,5Yb,,Purse Seine
444640,2017-07-25,206,Grand Manan Banks,44.25366667,-67.0403,2017-09-18,261,Northeast Bank,NA,NA,NA,55,complete.returns,,5Yb,,Purse Seine
584493,2021-07-05,186,Grand Manan Banks,44.2862,-66.97301667,2021-08-13,225,Northeast Bank,NA,NA,42,39,complete.returns,,5Yb,,Purse Seine
580027,2021-06-14,165,Gannet Dry Ledge,43.62055,-66.97898333,2021-10-05,278,Northeast Bank,NA,NA,43,113,complete.returns,,4Xq,,Purse Seine
41118,2020-06-10,162,Lurcher,43.76833333,-66.8817,2020-10-21,295,Northeast Bank,NA,NA,29,133,complete.returns,,4Xq,,Purse Seine
204235,2019-06-12,163,Grand Manan Banks,44.392,-66.7198,2019-06-18,169,Northeast Bank,NA,NA,NA,6,complete.returns,,4Xs,,Purse Seine
417050,2016-07-11,193,Grand Manan Banks,44.13,-67.1183,2016-08-18,231,Northeast Bank,NA,NA,NA,38,complete.returns,,5Yb,,Purse Seine
417442,2016-07-12,194,Grand Manan Banks,44.1042,-67.1233,2016-08-17,230,Northeast Bank,NA,NA,NA,36,complete.returns,,5Yb,,Purse Seine
417451,2016-07-12,194,Grand Manan Banks,44.1042,-67.1233,2016-08-24,237,Northeast Bank,NA,NA,NA,43,complete.returns,,5Yb,,Purse Seine
417464,2016-07-12,194,Grand Manan Banks,44.1042,-67.1233,2016-08-29,242,Northeast Bank,NA,NA,NA,48,complete.returns,,5Yb,,Purse Seine
417512,2016-07-11,193,Grand Manan Banks,44.13,-67.1183,2016-08-17,230,Northeast Bank,NA,NA,NA,37,complete.returns,,5Yb,,Purse Seine
417617,2016-07-11,193,Grand Manan Banks,44.13,-67.1183,2016-08-17,230,Northeast Bank,NA,NA,NA,37,complete.returns,,5Yb,,Purse Seine
417874,2016-07-11,193,Grand Manan Banks,44.13,-67.1183,2016-08-31,244,Northeast Bank,NA,NA,NA,51,complete.returns,,5Yb,,Purse Seine
417887,2016-07-11,193,Grand Manan Banks,44.13,-67.1183,2016-09-07,251,Northeast Bank,NA,NA,NA,58,complete.returns,,5Yb,,Purse Seine
418119,2016-07-11,193,Grand Manan Banks,44.13,-67.1183,2016-09-09,253,Northeast Bank,NA,NA,NA,60,complete.returns,,5Yb,,Purse Seine
418175,2016-07-11,193,Grand Manan Banks,44.13,-67.1183,2016-09-01,245,Northeast Bank,NA,NA,NA,52,complete.returns,,5Yb,,Purse Seine
418828,2016-07-12,194,Grand Manan Banks,44.1042,-67.1233,2016-09-06,250,Northeast Bank,NA,NA,NA,56,complete.returns,,5Yb,,Purse Seine
418844,2016-07-12,194,Grand Manan Banks,44.1042,-67.1233,2016-08-16,229,Northeast Bank,NA,NA,NA,35,complete.returns,,5Yb,,Purse Seine
422173,2016-07-05,187,German Bank,43.4483,-66.7167,2016-09-30,274,Northeast Bank,NA,NA,NA,87,complete.returns,,4Xq,,Purse Seine
422812,2016-08-01,214,German Bank,43.4042,-66.3963,2016-10-14,288,Northeast Bank,NA,NA,NA,74,complete.returns,,4Xq,,Purse Seine
425061,2016-07-12,194,Grand Manan Banks,44.1042,-67.1233,2016-08-24,237,Northeast Bank,NA,NA,NA,43,complete.returns,,5Yb,,Purse Seine
425064,2016-07-12,194,Grand Manan Banks,44.1042,-67.1233,2016-09-01,245,Northeast Bank,NA,NA,NA,51,complete.returns,,5Yb,,Purse Seine
425765,2016-07-25,207,Grand Manan Banks,44.1367,-67.1485,2016-09-07,251,Northeast Bank,NA,NA,NA,44,complete.returns,,5Yb,,Purse Seine
425809,2016-07-25,207,Grand Manan Banks,44.1367,-67.1485,2016-08-22,235,Northeast Bank,NA,NA,NA,28,complete.returns,,5Yb,,Purse Seine
426125,2016-07-26,208,Grand Manan Banks,44.1407,-67.1493,2016-08-17,230,Northeast Bank,NA,NA,NA,22,complete.returns,,5Yb,,Purse Seine
426195,2016-07-26,208,Grand Manan Banks,44.1407,-67.1493,2016-09-07,251,Northeast Bank,NA,NA,NA,43,complete.returns,,5Yb,,Purse Seine
426234,2016-07-26,208,Grand Manan Banks,44.1407,-67.1493,2016-09-02,246,Northeast Bank,NA,NA,NA,38,complete.returns,,5Yb,,Purse Seine
426486,2016-07-26,208,Grand Manan Banks,44.1407,-67.1493,2016-09-08,252,Northeast Bank,NA,NA,NA,44,complete.returns,,5Yb,,Purse Seine
426633,2016-07-26,208,Grand Manan Banks,44.1407,-67.1493,2016-09-09,253,Northeast Bank,NA,NA,NA,45,complete.returns,,5Yb,,Purse Seine
426936,2016-08-02,215,Grand Manan Banks,44.1733,-67.105,2016-08-19,232,Northeast Bank,NA,NA,NA,17,complete.returns,,5Yb,,Purse Seine
427393,2016-08-02,215,Grand Manan Banks,44.1733,-67.105,2016-08-17,230,Northeast Bank,NA,NA,NA,15,complete.returns,,5Yb,,Purse Seine
427496,2016-08-02,215,Grand Manan Banks,44.1733,-67.105,2016-09-06,250,Northeast Bank,NA,NA,NA,35,complete.returns,,5Yb,,Purse Seine
427727,2016-08-03,216,Grand Manan Banks,44.125,-67.121,2016-08-25,238,Northeast Bank,NA,NA,NA,22,complete.returns,,5Yb,,Purse Seine
427813,2016-08-03,216,Grand Manan Banks,44.125,-67.121,2016-08-25,238,Northeast Bank,NA,NA,NA,22,complete.returns,,5Yb,,Purse Seine
427820,2016-08-03,216,Grand Manan Banks,44.125,-67.121,2016-08-19,232,Northeast Bank,NA,NA,NA,16,complete.returns,,5Yb,,Purse Seine
428167,2016-08-03,216,Grand Manan Banks,44.125,-67.121,2016-08-19,232,Northeast Bank,NA,NA,NA,16,complete.returns,,5Yb,,Purse Seine
428374,2016-08-04,217,Grand Manan Banks,44.0895,-67.1285,2016-08-23,236,Northeast Bank,NA,NA,NA,19,complete.returns,,5Yb,,Purse Seine
428401,2016-08-04,217,Grand Manan Banks,44.0895,-67.1285,2016-09-06,250,Northeast Bank,NA,NA,NA,33,complete.returns,,5Yb,,Purse Seine
428528,2016-08-04,217,Grand Manan Banks,44.0895,-67.1285,2016-09-06,250,Northeast Bank,NA,NA,NA,33,complete.returns,,5Yb,,Purse Seine
428586,2016-08-04,217,Grand Manan Banks,44.0895,-67.1285,2016-08-11,224,Northeast Bank,NA,NA,NA,7,complete.returns,,5Yb,,Purse Seine
428673,2016-08-04,217,Grand Manan Banks,44.0895,-67.1285,2016-09-06,250,Northeast Bank,NA,NA,NA,33,complete.returns,,5Yb,,Purse Seine
430078,2016-08-15,228,Grand Manan Banks,44.2657,-67.0152,2016-08-30,243,Northeast Bank,NA,NA,NA,15,complete.returns,,5Yb,,Purse Seine
430121,2016-08-15,228,Grand Manan Banks,44.2657,-67.0152,2016-09-08,252,Northeast Bank,NA,NA,NA,24,complete.returns,,5Yb,,Purse Seine
430142,2016-08-15,228,Grand Manan Banks,44.2657,-67.0152,2016-08-17,230,Northeast Bank,NA,NA,NA,2,complete.returns,,5Yb,,Purse Seine
430283,2016-08-15,228,Grand Manan Banks,44.2657,-67.0152,2016-08-17,230,Northeast Bank,NA,NA,NA,2,complete.returns,,5Yb,,Purse Seine
430295,2016-08-15,228,Grand Manan Banks,44.2657,-67.0152,2016-08-17,230,Northeast Bank,NA,NA,NA,2,complete.returns,,5Yb,,Purse Seine
430464,2016-08-15,228,Grand Manan Banks,44.2657,-67.0152,2016-08-17,230,Northeast Bank,NA,NA,NA,2,complete.returns,,5Yb,,Purse Seine
430522,2016-08-15,228,Grand Manan Banks,44.2657,-67.0152,2016-08-17,230,Northeast Bank,NA,NA,NA,2,complete.returns,,5Yb,,Purse Seine
430705,2016-08-15,228,Grand Manan Banks,44.2657,-67.0152,2016-08-17,230,Northeast Bank,NA,NA,NA,2,complete.returns,,5Yb,,Purse Seine
430859,2016-08-15,228,Grand Manan Banks,44.2657,-67.0152,2016-08-17,230,Northeast Bank,NA,NA,NA,2,complete.returns,,5Yb,,Purse Seine
430868,2016-08-15,228,Grand Manan Banks,44.2657,-67.0152,2016-08-19,232,Northeast Bank,NA,NA,NA,4,complete.returns,,5Yb,,Purse Seine
433341,2016-08-16,229,Grand Manan Banks,44.265,-67.1142,2016-09-09,253,Northeast Bank,NA,NA,NA,24,complete.returns,,5Yb,,Purse Seine
436142,2016-09-01,245,Grand Manan Banks,44.2843,-67.0095,2016-09-02,246,Northeast Bank,NA,NA,NA,1,complete.returns,,5Yb,,Purse Seine
436331,2016-09-01,245,Grand Manan Banks,44.2843,-67.0095,2016-09-06,250,Northeast Bank,NA,NA,NA,5,complete.returns,,5Yb,,Purse Seine
439800,2017-07-25,206,Grand Manan Banks,44.25366667,-67.0403,2017-09-26,269,Northeast Bank,NA,NA,NA,63,complete.returns,,5Yb,,Purse Seine
444649,2017-07-25,206,Grand Manan Banks,44.25366667,-67.0403,2017-09-19,262,Northeast Bank,NA,NA,NA,56,complete.returns,,5Yb,,Purse Seine
457452,2017-07-25,206,German Bank,43.43866667,-66.3812,2017-09-12,255,Northeast Bank,NA,NA,NA,49,complete.returns,,4Xq,,Purse Seine
444659,2017-07-25,206,Grand Manan Banks,44.25366667,-67.0403,2017-09-19,262,Northeast Bank,NA,NA,NA,56,complete.returns,,5Yb,,N/A
439808,2017-07-25,206,Grand Manan Banks,44.25366667,-67.0403,2017-09-26,269,Northeast Bank,NA,NA,NA,63,complete.returns,,5Yb,,N/A
593116,2023-06-20,171,Grand Manan Banks,44.2814,-66.96776667,2023-09-01,244,Northeast Bank,NA,NA,66,73,complete.returns,,5Yb,,Purse Seine
501835,2023-06-25,176,Grand Manan Banks,44.256,-67.01266667,2023-09-01,244,Northeast Bank,NA,NA,66,68,complete.returns,,5Yb,,Purse Seine
572251,2023-08-27,239,Scots Bay,45.13527778,-65.06972222,2023-08-31,243,Northeast Bank,NA,NA,26,4,complete.returns,,4Xr,,Purse Seine
564061,2023-08-28,240,Scots Bay,45.14111111,-65.05194444,2023-08-31,243,Northeast Bank,NA,NA,26,3,complete.returns,,4Xr,,Purse Seine
473086,2022-09-07,250,Scots Bay,45.19678333,-64.88591667,2023-08-31,243,Northeast Bank,NA,NA,26,358,complete.returns,,4Xr,,Purse Seine
567119,2023-08-29,241,Scots Bay,45.20138889,-64.88638889,2023-08-31,243,Northeast Bank,NA,NA,26,2,complete.returns,,4Xr,,Purse Seine
512790,2021-08-10,222,Long Island,44.3525,-66.3735,2024-09-17,261,Other,NA,NA,NA,1134,complete.returns,,4Xr,,Purse Seine
507308,2022-06-29,180,German Bank,43.616667,-66.6,2022-07-07,188,Patch,NA,NA,37.6,8,complete.returns,,4Xq,,Purse Seine
485775,2021-06-13,164,Gannet Dry Ledge,43.62583333,-67.00316667,2021-07-14,195,Prong,NA,NA,92,31,complete.returns,,4Xq,4Xs,Purse Seine
484725,2021-07-13,194,SW Grounds,43.0655,-65.959,2021-08-09,221,Prong,NA,NA,95,27,complete.returns,,4Xo,4Xs,Purse Seine
44186,2019-06-05,156,Grand Manan Banks,44.2885,-66.9765,2019-06-17,168,Prong,NA,NA,NA,12,complete.returns,,5Yb,4Xs,Purse Seine
44217,2019-06-05,156,Grand Manan Banks,44.2885,-66.9765,2019-06-20,171,Prong,NA,NA,NA,15,complete.returns,,5Yb,4Xs,Purse Seine
44882,2019-06-12,163,Grand Manan Banks,44.392,-66.7198,2019-06-17,168,Prong,NA,NA,NA,5,complete.returns,,4Xs,4Xs,Purse Seine
44979,2019-06-12,163,Grand Manan Banks,44.392,-66.7198,2019-06-18,169,Prong,NA,NA,NA,6,complete.returns,,4Xs,4Xs,Purse Seine
204236,2019-06-12,163,Grand Manan Banks,44.392,-66.7198,2019-06-20,171,Prong,NA,NA,NA,8,complete.returns,,4Xs,4Xs,Purse Seine
426370,2016-07-26,208,Grand Manan Banks,44.1407,-67.1493,2016-11-16,321,Prong,NA,NA,NA,113,complete.returns,,5Yb,4Xs,Purse Seine
426501,2016-07-26,208,Grand Manan Banks,44.1407,-67.1493,2016-09-20,264,Prong,NA,NA,NA,56,complete.returns,,5Yb,4Xs,Purse Seine
426600,2016-07-26,208,Grand Manan Banks,44.1407,-67.1493,2016-09-20,264,Prong,NA,NA,NA,56,complete.returns,,5Yb,4Xs,Purse Seine
426682,2016-07-26,208,Grand Manan Banks,44.1407,-67.1493,2016-09-20,264,Prong,NA,NA,NA,56,complete.returns,,5Yb,4Xs,Purse Seine
428420,2016-08-04,217,Grand Manan Banks,44.0895,-67.1285,2016-09-16,260,Prong,NA,NA,NA,43,complete.returns,,5Yb,4Xs,Purse Seine
433477,2016-08-17,230,Grand Manan Banks,44.258,-66.9992,2016-09-15,259,Prong,NA,NA,NA,29,complete.returns,,5Yb,4Xs,Purse Seine
438411,2019-06-04,155,Grand Manan Banks,44.291,-66.973,2019-06-06,157,Prong,NA,NA,NA,2,complete.returns,,5Yb,4Xs,Purse Seine
438662,2019-06-04,155,Grand Manan Banks,44.291,-66.973,2019-06-06,157,Prong,NA,NA,NA,2,complete.returns,,5Yb,4Xs,Purse Seine
438666,2019-06-04,155,Grand Manan Banks,44.291,-66.973,2019-06-20,171,Prong,NA,NA,NA,16,complete.returns,,5Yb,4Xs,Purse Seine
438687,2019-06-04,155,Grand Manan Banks,44.291,-66.973,2019-06-06,157,Prong,NA,NA,NA,2,complete.returns,,5Yb,4Xs,Purse Seine
438742,2019-06-04,155,Grand Manan Banks,44.291,-66.973,2019-06-06,157,Prong,NA,NA,NA,2,complete.returns,,5Yb,4Xs,Purse Seine
438877,2019-06-04,155,Grand Manan Banks,44.291,-66.973,2019-06-06,157,Prong,NA,NA,NA,2,complete.returns,,5Yb,4Xs,Purse Seine
438889,2019-06-04,155,Grand Manan Banks,44.291,-66.973,2019-06-06,157,Prong,NA,NA,NA,2,complete.returns,,5Yb,4Xs,Purse Seine
438897,2019-06-04,155,Grand Manan Banks,44.291,-66.973,2019-06-06,157,Prong,NA,NA,NA,2,complete.returns,,5Yb,4Xs,Purse Seine
438969,2019-06-04,155,Grand Manan Banks,44.291,-66.973,2019-06-06,157,Prong,NA,NA,NA,2,complete.returns,,5Yb,4Xs,Purse Seine
443903,2019-06-04,155,Grand Manan Banks,44.291,-66.973,2019-06-06,157,Prong,NA,NA,NA,2,complete.returns,,5Yb,4Xs,Purse Seine
443922,2019-06-04,155,Grand Manan Banks,44.291,-66.973,2019-06-06,157,Prong,NA,NA,NA,2,complete.returns,,5Yb,4Xs,Purse Seine
443926,2019-06-04,155,Grand Manan Banks,44.291,-66.973,2019-06-19,170,Prong,NA,NA,NA,15,complete.returns,,5Yb,4Xs,Purse Seine
443946,2019-06-04,155,Grand Manan Banks,44.291,-66.973,2019-06-06,157,Prong,NA,NA,NA,2,complete.returns,,5Yb,4Xs,Purse Seine
443983,2019-06-04,155,Grand Manan Banks,44.291,-66.973,2019-06-21,172,Prong,NA,NA,NA,17,complete.returns,,5Yb,4Xs,Purse Seine
445100,2018-07-03,184,Grand Manan,44.64683333,-66.6555,2019-06-20,171,Prong,NA,NA,NA,352,complete.returns,,4Xs,4Xs,Purse Seine
585308,2022-06-07,158,Grand Manan Banks,44.26686667,-67.02238333,2022-07-21,202,Sandy Cove,NA,NA,122.5,44,complete.returns,,5Yb,4Xs,Purse Seine
517337,2021-09-21,264,German Bank,43.265,-66.381,2022-08-22,234,Sandy Cove,NA,NA,117,335,complete.returns,,4Xq,4Xs,Purse Seine
41265,2020-06-10,162,Lurcher,43.76833333,-66.8817,2020-07-29,211,Sandy Cove,NA,NA,92,49,complete.returns,,4Xq,4Xs,Purse Seine
206160,2020-06-08,160,Grand Manan Banks,44.28066667,-66.9967,2020-07-28,210,Sandy Cove,NA,NA,88,50,complete.returns,,5Yb,4Xs,Purse Seine
207933,2020-07-17,199,Trinity,44.13183,-66.4868,2020-07-28,210,Sandy Cove,NA,NA,88,11,complete.returns,,4Xr,4Xs,Purse Seine
206632,2020-07-16,198,Trinity,44.07733,-66.435,2020-07-28,210,Sandy Cove,NA,NA,88,12,complete.returns,,4Xr,4Xs,Purse Seine
204869,2020-06-07,159,Grand Manan Banks,44.27216667,-67.0127,2020-07-28,210,Sandy Cove,NA,NA,88,51,complete.returns,,5Yb,4Xs,Purse Seine
416466,2019-08-05,217,Scots Bay,45.16448,-65.0497,2019-09-17,260,Sandy Cove NS,NA,NA,NA,43,complete.returns,,4Xr,,Purse Seine
416636,2019-08-19,231,Scots Bay,45.202,-64.98,2019-09-06,249,Sandy Cove NS,NA,NA,NA,18,complete.returns,,4Xr,,Purse Seine
446597,2019-06-19,170,Gannet Dry Ledge,43.63685,-66.9181,2019-07-11,192,Sandy Cove NS,NA,NA,NA,22,complete.returns,,4Xq,,Purse Seine
452393,2019-07-04,185,Grand Manan Banks,44.28208333,-66.9652,2019-07-10,191,Sandy Cove NS,NA,NA,NA,6,complete.returns,,5Yb,,Purse Seine
455068,2019-07-21,202,Scots Bay,45.1882,-65.0188,2019-08-20,232,Sandy Cove NS,NA,NA,NA,30,complete.returns,,4Xr,,Purse Seine
455602,2019-07-21,202,Scots Bay,44.977,-65.4,2019-08-20,232,Sandy Cove NS,NA,NA,NA,30,complete.returns,,4Xr,,Purse Seine
455976,2019-07-23,204,Lurcher,43.91701667,-66.5047,2019-08-20,232,Sandy Cove NS,NA,NA,NA,28,complete.returns,,4Xq,,Purse Seine
456401,2019-07-26,207,Lurcher,43.8427,-66.5043,2019-08-28,240,Sandy Cove NS,NA,NA,NA,33,complete.returns,,4Xq,,Purse Seine
459313,2019-08-05,217,Scots Bay,45.23232,-64.904,2019-09-06,249,Sandy Cove NS,NA,NA,NA,32,complete.returns,,4Xr,,Purse Seine
459364,2019-08-05,217,Scots Bay,45.23232,-64.904,2019-08-29,241,Sandy Cove NS,NA,NA,NA,24,complete.returns,,4Xr,,Purse Seine
459394,2019-08-05,217,Scots Bay,45.23232,-64.904,2019-08-28,240,Sandy Cove NS,NA,NA,NA,23,complete.returns,,4Xr,,Purse Seine
460003,2019-07-23,204,Lurcher,43.91701667,-66.5047,2019-09-06,249,Sandy Cove NS,NA,NA,NA,45,complete.returns,,4Xq,,Purse Seine
460094,2019-07-23,204,Lurcher,43.91701667,-66.5047,2019-08-20,232,Sandy Cove NS,NA,NA,NA,28,complete.returns,,4Xq,,Purse Seine
460183,2019-07-24,205,Lurcher,43.84401667,-66.5076,2019-09-17,260,Sandy Cove NS,NA,NA,NA,55,complete.returns,,4Xq,,Purse Seine
490487,2021-06-21,172,German Bank,43.48316667,-66.8665,2022-07-11,192,Scots Bay,NA,NA,182,385,complete.returns,,4Xq,4Xs,Purse Seine
41089,2020-06-10,162,Lurcher,43.76833333,-66.8817,2020-08-24,237,Scots Bay,NA,NA,126,75,complete.returns,,4Xq,4Xs,Purse Seine
416008,2019-08-05,217,Scots Bay,45.2091,-64.8406,2019-08-06,218,Scots Bay,NA,NA,NA,1,complete.returns,,4Xr,4Xs,Purse Seine
416418,2019-08-05,217,Scots Bay,45.16448,-65.0497,2020-08-25,238,Scots Bay,NA,NA,72,386,complete.returns,,4Xr,4Xs,Purse Seine
419912,2016-06-17,169,Gannet Dry Ledge,43.6007,-66.9387,2017-01-20,20,Scots Bay,NA,NA,NA,217,complete.returns,,4Xq,4Xs,Purse Seine
448912,2017-06-14,165,Lurcher,43.70683333,-66.8457,2017-07-31,212,Scots Bay,NA,NA,NA,47,complete.returns,,4Xq,4Xs,Purse Seine
455076,2019-07-21,202,Scots Bay,45.1882,-65.0188,2019-07-22,203,Scots Bay,NA,NA,NA,1,complete.returns,,4Xr,4Xs,Purse Seine
455079,2019-07-21,202,Scots Bay,45.1882,-65.0188,2019-07-22,203,Scots Bay,NA,NA,NA,1,complete.returns,,4Xr,4Xs,Purse Seine
455080,2019-07-21,202,Scots Bay,45.1882,-65.0188,2019-07-22,203,Scots Bay,NA,NA,NA,1,complete.returns,,4Xr,4Xs,Purse Seine
455143,2019-07-21,202,Scots Bay,45.1882,-65.0188,2019-07-22,203,Scots Bay,NA,NA,NA,1,complete.returns,,4Xr,4Xs,Purse Seine
455147,2019-07-21,202,Scots Bay,45.1882,-65.0188,2019-07-22,203,Scots Bay,NA,NA,NA,1,complete.returns,,4Xr,4Xs,Purse Seine
455260,2019-07-21,202,Scots Bay,45.1977,-64.9887,2019-07-22,203,Scots Bay,NA,NA,NA,1,complete.returns,,4Xr,4Xs,Purse Seine
455308,2019-07-21,202,Scots Bay,45.1977,-64.9887,2019-07-22,203,Scots Bay,NA,NA,NA,1,complete.returns,,4Xr,4Xs,Purse Seine
455322,2019-07-21,202,Scots Bay,45.1977,-64.9887,2019-07-22,203,Scots Bay,NA,NA,NA,1,complete.returns,,4Xr,4Xs,Purse Seine
455336,2019-07-21,202,Scots Bay,45.1977,-64.9887,2019-07-22,203,Scots Bay,NA,NA,NA,1,complete.returns,,4Xr,4Xs,Purse Seine
455352,2019-07-21,202,Scots Bay,45.1977,-64.9887,2019-07-22,203,Scots Bay,NA,NA,NA,1,complete.returns,,4Xr,4Xs,Purse Seine
455358,2019-07-21,202,Scots Bay,45.1977,-64.9887,2019-07-22,203,Scots Bay,NA,NA,NA,1,complete.returns,,4Xr,4Xs,Purse Seine
455361,2019-07-21,202,Scots Bay,45.1977,-64.9887,2019-07-22,203,Scots Bay,NA,NA,NA,1,complete.returns,,4Xr,4Xs,Purse Seine
455365,2019-07-21,202,Scots Bay,45.1977,-64.9887,2019-07-22,203,Scots Bay,NA,NA,NA,1,complete.returns,,4Xr,4Xs,Purse Seine
455390,2019-07-21,202,Scots Bay,45.1977,-64.9887,2019-07-22,203,Scots Bay,NA,NA,NA,1,complete.returns,,4Xr,4Xs,Purse Seine
455392,2019-07-21,202,Scots Bay,45.1977,-64.9887,2019-07-22,203,Scots Bay,NA,NA,NA,1,complete.returns,,4Xr,4Xs,Purse Seine
455493,2019-07-21,202,Scots Bay,45.1977,-64.9887,2019-07-22,203,Scots Bay,NA,NA,NA,1,complete.returns,,4Xr,4Xs,Purse Seine
455499,2019-07-21,202,Scots Bay,45.1977,-64.9887,2019-07-22,203,Scots Bay,NA,NA,NA,1,complete.returns,,4Xr,4Xs,Purse Seine
455500,2019-07-21,202,Scots Bay,45.1977,-64.9887,2019-07-22,203,Scots Bay,NA,NA,NA,1,complete.returns,,4Xr,4Xs,Purse Seine
456509,2019-07-28,209,Trinity,44.1137,-66.4637,2019-09-16,259,Scots Bay,NA,NA,NA,50,complete.returns,,4Xr,4Xs,Purse Seine
459268,2019-08-05,217,Scots Bay,45.23232,-64.904,2019-08-20,232,Scots Bay,NA,NA,NA,15,complete.returns,,4Xr,4Xs,Purse Seine
460131,2019-07-23,204,Lurcher,43.91701667,-66.5047,2019-09-03,246,Scots Bay,NA,NA,NA,42,complete.returns,,4Xq,4Xs,Purse Seine
461321,2018-09-03,246,Scots Bay,45.178,-64.9832,2018-09-04,247,Scots Bay,NA,NA,NA,1,complete.returns,,4Xr,4Xs,Purse Seine
461337,2018-09-03,246,Scots Bay,45.178,-64.9832,2018-09-04,247,Scots Bay,NA,NA,NA,1,complete.returns,,4Xr,4Xs,Purse Seine
462600,2021-08-02,214,Scots Bay,45.1503,-64.98566667,2021-08-18,230,Scots Bay,NA,NA,16,16,complete.returns,Scots Bay (Area 8),4Xr,4Xs,Purse Seine
462648,2021-08-02,214,Scots Bay,45.1503,-64.98566667,2021-08-03,215,Scots Bay,NA,NA,88,1,complete.returns,Scots Bay (Area 8),4Xr,4Xs,Purse Seine
463346,2021-08-17,229,Scots Bay,45.13168333,-65.07638333,2021-08-19,231,Scots Bay,NA,NA,79,2,complete.returns,Scots Bay (Area 8),4Xr,4Xs,Purse Seine
463463,2021-08-18,230,Scots Bay,45.1419,-65.03458333,2021-08-19,231,Scots Bay,NA,NA,134,1,complete.returns,Scots Bay (Area 8),4Xr,4Xs,Purse Seine
469727,2021-07-18,199,Scots Bay,45.29146667,-64.92868333,2021-07-20,201,Scots Bay,NA,NA,142,2,complete.returns,Scots Bay (Area 8),4Xr,4Xs,Purse Seine
469743,2021-07-18,199,Scots Bay,45.29146667,-64.92868333,2021-07-19,200,Scots Bay,NA,NA,110,1,complete.returns,Scots Bay (Area 8),4Xr,4Xs,Purse Seine
469867,2021-07-18,199,Scots Bay,45.30021667,-64.864,2021-07-21,202,Scots Bay,NA,NA,43,3,complete.returns,Scots Bay (Area 8),4Xr,4Xs,Purse Seine
470090,2022-07-26,207,Scots Bay,45.21168333,-64.852,2022-07-29,210,Scots Bay,NA,NA,99,3,complete.returns,,4Xr,4Xs,Purse Seine
480874,2020-08-24,237,Scots Bay,45.18795,-65.0152,2020-08-25,238,Scots Bay,NA,NA,72,1,complete.returns,,4Xr,4Xs,Purse Seine
486889,2021-08-02,214,Scots Bay,45.158,-64.97916667,2021-08-03,215,Scots Bay,NA,NA,55,1,complete.returns,Scots Bay (Area 8),4Xr,4Xs,Purse Seine
486911,2021-08-02,214,Scots Bay,45.158,-64.97916667,2021-08-03,215,Scots Bay,NA,NA,55,1,complete.returns,Scots Bay (Area 8),4Xr,4Xs,Purse Seine
494355,2021-08-17,229,Scots Bay,45.13783333,-65.061,2021-08-19,231,Scots Bay,NA,NA,87,2,complete.returns,Scots Bay (Area 8),4Xr,4Xs,Purse Seine
494392,2021-08-17,229,Scots Bay,45.13783333,-65.061,2021-08-19,231,Scots Bay,NA,NA,134,2,complete.returns,Scots Bay (Area 8),4Xr,4Xs,Purse Seine
494405,2021-08-17,229,Scots Bay,45.13783333,-65.061,2021-08-19,231,Scots Bay,NA,NA,87,2,complete.returns,Scots Bay (Area 8),4Xr,4Xs,Purse Seine
494476,2021-08-17,229,Scots Bay,45.154,-64.99533333,2021-08-19,231,Scots Bay,NA,NA,79,2,complete.returns,Scots Bay (Area 8),4Xr,4Xs,Purse Seine
495455,2022-08-07,219,Scots Bay,45.15131667,-65.03181667,2022-08-09,221,Scots Bay,NA,NA,116,2,complete.returns,,4Xr,4Xs,Purse Seine
495458,2022-08-07,219,Scots Bay,45.15131667,-65.03181667,2022-08-09,221,Scots Bay,NA,NA,116,2,complete.returns,,4Xr,4Xs,Purse Seine
495462,2022-08-07,219,Scots Bay,45.15131667,-65.03181667,2022-08-09,221,Scots Bay,NA,NA,116,2,complete.returns,,4Xr,4Xs,Purse Seine
495471,2022-08-07,219,Scots Bay,45.15131667,-65.03181667,2022-08-09,221,Scots Bay,NA,NA,116,2,complete.returns,,4Xr,4Xs,Purse Seine
495479,2022-08-07,219,Scots Bay,45.15131667,-65.03181667,2022-08-09,221,Scots Bay,NA,NA,116,2,complete.returns,,4Xr,4Xs,Purse Seine
495488,2022-08-07,219,Scots Bay,45.15131667,-65.03181667,2022-08-09,221,Scots Bay,NA,NA,116,2,complete.returns,,4Xr,4Xs,Purse Seine
495489,2022-08-07,219,Scots Bay,45.15131667,-65.03181667,2022-08-09,221,Scots Bay,NA,NA,116,2,complete.returns,,4Xr,4Xs,Purse Seine
495498,2022-08-07,219,Scots Bay,45.15131667,-65.03181667,2022-08-09,221,Scots Bay,NA,NA,116,2,complete.returns,,4Xr,4Xs,Purse Seine
495506,2022-08-07,219,Scots Bay,45.15131667,-65.03181667,2022-08-09,221,Scots Bay,NA,NA,116,2,complete.returns,,4Xr,4Xs,Purse Seine
495517,2022-08-07,219,Scots Bay,45.15131667,-65.03181667,2022-08-09,221,Scots Bay,NA,NA,116,2,complete.returns,,4Xr,4Xs,Purse Seine
495553,2022-08-07,219,Scots Bay,45.15131667,-65.03181667,2022-08-09,221,Scots Bay,NA,NA,116,2,complete.returns,,4Xr,4Xs,Purse Seine
495555,2022-08-07,219,Scots Bay,45.15131667,-65.03181667,2022-08-09,221,Scots Bay,NA,NA,116,2,complete.returns,,4Xr,4Xs,Purse Seine
495565,2022-08-07,219,Scots Bay,45.15131667,-65.03181667,2022-08-09,221,Scots Bay,NA,NA,116,2,complete.returns,,4Xr,4Xs,Purse Seine
495566,2022-08-07,219,Scots Bay,45.15131667,-65.03181667,2022-08-09,221,Scots Bay,NA,NA,116,2,complete.returns,,4Xr,4Xs,Purse Seine
495600,2022-08-07,219,Scots Bay,45.15131667,-65.03181667,2022-08-09,221,Scots Bay,NA,NA,116,2,complete.returns,,4Xr,4Xs,Purse Seine
495666,2022-08-07,219,Scots Bay,45.1864,-64.92838333,2022-08-10,222,Scots Bay,NA,NA,98,3,complete.returns,,4Xr,4Xs,Purse Seine
495848,2022-08-07,219,Scots Bay,45.1864,-64.92838333,2022-08-10,222,Scots Bay,NA,NA,98,3,complete.returns,,4Xr,4Xs,Purse Seine
495962,2022-08-07,219,Scots Bay,45.16176667,-65.00546667,2022-08-10,222,Scots Bay,NA,NA,98,3,complete.returns,,4Xr,4Xs,Purse Seine
495990,2022-08-07,219,Scots Bay,45.16176667,-65.00546667,2022-08-10,222,Scots Bay,NA,NA,98,3,complete.returns,,4Xr,4Xs,Purse Seine
495993,2022-08-07,219,Scots Bay,45.16176667,-65.00546667,2022-08-10,222,Scots Bay,NA,NA,98,3,complete.returns,,4Xr,4Xs,Purse Seine
499156,2022-07-27,208,Scots Bay,45.18333333,-64.91666667,2022-07-28,209,Scots Bay,NA,NA,55,1,complete.returns,,4Xr,4Xs,Purse Seine
499203,2022-07-27,208,Scots Bay,45.18333333,-64.91666667,2022-08-09,221,Scots Bay,NA,NA,116,13,complete.returns,,4Xr,4Xs,Purse Seine
500041,2022-08-07,219,Scots Bay,45.16176667,-65.00546667,2022-08-10,222,Scots Bay,NA,NA,98,3,complete.returns,,4Xr,4Xs,Purse Seine
500047,2022-08-07,219,Scots Bay,45.16176667,-65.00546667,2022-08-10,222,Scots Bay,NA,NA,98,3,complete.returns,,4Xr,4Xs,Purse Seine
500052,2022-08-07,219,Scots Bay,45.16176667,-65.00546667,2022-08-10,222,Scots Bay,NA,NA,98,3,complete.returns,,4Xr,4Xs,Purse Seine
500063,2022-08-07,219,Scots Bay,45.16176667,-65.00546667,2022-08-10,222,Scots Bay,NA,NA,98,3,complete.returns,,4Xr,4Xs,Purse Seine
500073,2022-08-07,219,Scots Bay,45.16176667,-65.00546667,2022-08-10,222,Scots Bay,NA,NA,98,3,complete.returns,,4Xr,4Xs,Purse Seine
500103,2022-08-07,219,Scots Bay,45.16176667,-65.00546667,2022-08-10,222,Scots Bay,NA,NA,98,3,complete.returns,,4Xr,4Xs,Purse Seine
500131,2022-08-07,219,Scots Bay,45.16176667,-65.00546667,2022-08-10,222,Scots Bay,NA,NA,98,3,complete.returns,,4Xr,4Xs,Purse Seine
500195,2022-08-07,219,Scots Bay,45.15536667,-65.10636667,2022-08-10,222,Scots Bay,NA,NA,98,3,complete.returns,,4Xr,4Xs,Purse Seine
500225,2022-08-07,219,Scots Bay,45.15536667,-65.10636667,2022-08-17,229,Scots Bay,NA,NA,115,10,complete.returns,,4Xr,4Xs,Purse Seine
500256,2022-08-07,219,Scots Bay,45.15536667,-65.10636667,2022-08-10,222,Scots Bay,NA,NA,98,3,complete.returns,,4Xr,4Xs,Purse Seine
500296,2022-08-07,219,Scots Bay,45.15536667,-65.10636667,2022-08-09,221,Scots Bay,NA,NA,116,2,complete.returns,,4Xr,4Xs,Purse Seine
506117,2022-08-09,221,Scots Bay,45.15576667,-65.01695,2022-08-10,222,Scots Bay,NA,NA,98,1,complete.returns,,4Xr,4Xs,Purse Seine
515196,2021-07-18,199,Scots Bay,45.28916667,-64.95966667,2021-07-19,200,Scots Bay,NA,NA,154,1,complete.returns,Scots Bay (Area 8),4Xr,4Xs,Purse Seine
515504,2021-07-18,199,Scots Bay,45.29666667,-64.85283333,2021-07-20,201,Scots Bay,NA,NA,72,2,complete.returns,Scots Bay (Area 8),4Xr,4Xs,Purse Seine
518513,2022-08-08,220,Scots Bay,45.1905,-64.899167,2022-08-10,222,Scots Bay,NA,NA,98,2,complete.returns,,4Xr,4Xs,Purse Seine
518517,2022-08-08,220,Scots Bay,45.1905,-64.899167,2022-08-10,222,Scots Bay,NA,NA,98,2,complete.returns,,4Xr,4Xs,Purse Seine
518626,2022-08-08,220,Scots Bay,45.1905,-64.899167,2022-08-10,222,Scots Bay,NA,NA,98,2,complete.returns,,4Xr,4Xs,Purse Seine
518630,2022-08-08,220,Scots Bay,45.1905,-64.899167,2022-08-10,222,Scots Bay,NA,NA,98,2,complete.returns,,4Xr,4Xs,Purse Seine
518735,2022-08-08,220,Scots Bay,45.1905,-64.899167,2022-08-10,222,Scots Bay,NA,NA,98,2,complete.returns,,4Xr,4Xs,Purse Seine
518748,2022-08-08,220,Scots Bay,45.1905,-64.899167,2022-08-10,222,Scots Bay,NA,NA,98,2,complete.returns,,4Xr,4Xs,Purse Seine
518780,2022-08-08,220,Scots Bay,45.1905,-64.899167,2022-08-10,222,Scots Bay,NA,NA,98,2,complete.returns,,4Xr,4Xs,Purse Seine
531273,2020-06-14,166,Scots Bay,45.26863,-64.9492,2020-06-15,167,Scots Bay,NA,NA,131,1,complete.returns,,4Xr,4Xs,Purse Seine
531382,2020-08-10,223,Scots Bay,45.09808,-65.0482,2020-08-13,226,Scots Bay,NA,NA,68,3,complete.returns,,4Xr,4Xs,Purse Seine
550037,2020-08-10,223,Scots Bay,45.11367,-65.016,2020-08-12,225,Scots Bay,NA,NA,71,2,complete.returns,,4Xr,4Xs,Purse Seine
581083,2021-06-06,157,Scots Bay,45.275,-64.961111,2021-06-08,159,Scots Bay,NA,NA,151.1,2,complete.returns,Scots Bay (Area 8),4Xr,4Xs,Purse Seine
585852,2022-08-07,219,Scots Bay,45.146,-65.0465,2022-08-09,221,Scots Bay,NA,NA,116,2,complete.returns,,4Xr,4Xs,Purse Seine
585856,2022-08-07,219,Scots Bay,45.146,-65.0465,2022-08-09,221,Scots Bay,NA,NA,116,2,complete.returns,,4Xr,4Xs,Purse Seine
585858,2022-08-07,219,Scots Bay,45.146,-65.0465,2022-08-09,221,Scots Bay,NA,NA,116,2,complete.returns,,4Xr,4Xs,Purse Seine
585860,2022-08-07,219,Scots Bay,45.146,-65.0465,2022-08-09,221,Scots Bay,NA,NA,116,2,complete.returns,,4Xr,4Xs,Purse Seine
585864,2022-08-07,219,Scots Bay,45.146,-65.0465,2022-08-09,221,Scots Bay,NA,NA,116,2,complete.returns,,4Xr,4Xs,Purse Seine
585876,2022-08-07,219,Scots Bay,45.146,-65.0465,2022-08-09,221,Scots Bay,NA,NA,116,2,complete.returns,,4Xr,4Xs,Purse Seine
585885,2022-08-07,219,Scots Bay,45.146,-65.0465,2022-08-09,221,Scots Bay,NA,NA,116,2,complete.returns,,4Xr,4Xs,Purse Seine
585894,2022-08-07,219,Scots Bay,45.146,-65.0465,2022-08-09,221,Scots Bay,NA,NA,116,2,complete.returns,,4Xr,4Xs,Purse Seine
585900,2022-08-07,219,Scots Bay,45.146,-65.0465,2022-08-09,221,Scots Bay,NA,NA,116,2,complete.returns,,4Xr,4Xs,Purse Seine
585910,2022-08-07,219,Scots Bay,45.146,-65.0465,2022-08-09,221,Scots Bay,NA,NA,116,2,complete.returns,,4Xr,4Xs,Purse Seine
585912,2022-08-07,219,Scots Bay,45.146,-65.0465,2022-08-09,221,Scots Bay,NA,NA,116,2,complete.returns,,4Xr,4Xs,Purse Seine
585919,2022-08-07,219,Scots Bay,45.146,-65.0465,2022-08-10,222,Scots Bay,NA,NA,98,3,complete.returns,,4Xr,4Xs,Purse Seine
585920,2022-08-07,219,Scots Bay,45.146,-65.0465,2022-08-09,221,Scots Bay,NA,NA,116,2,complete.returns,,4Xr,4Xs,Purse Seine
585938,2022-08-07,219,Scots Bay,45.146,-65.0465,2022-08-09,221,Scots Bay,NA,NA,116,2,complete.returns,,4Xr,4Xs,Purse Seine
585942,2022-08-07,219,Scots Bay,45.146,-65.0465,2022-08-09,221,Scots Bay,NA,NA,116,2,complete.returns,,4Xr,4Xs,Purse Seine
585945,2022-08-07,219,Scots Bay,45.146,-65.0465,2022-08-09,221,Scots Bay,NA,NA,116,2,complete.returns,,4Xr,4Xs,Purse Seine
585964,2022-08-07,219,Scots Bay,45.146,-65.0465,2022-08-09,221,Scots Bay,NA,NA,116,2,complete.returns,,4Xr,4Xs,Purse Seine
585967,2022-08-07,219,Scots Bay,45.146,-65.0465,2022-08-09,221,Scots Bay,NA,NA,116,2,complete.returns,,4Xr,4Xs,Purse Seine
585970,2022-08-07,219,Scots Bay,45.146,-65.0465,2022-08-09,221,Scots Bay,NA,NA,116,2,complete.returns,,4Xr,4Xs,Purse Seine
589502,2021-08-02,214,Scots Bay,45.11375,-65.08136667,2021-08-03,215,Scots Bay,NA,NA,55,1,complete.returns,Scots Bay (Area 8),4Xr,4Xs,Purse Seine
589507,2021-08-02,214,Scots Bay,45.11375,-65.08136667,2021-08-03,215,Scots Bay,NA,NA,55,1,complete.returns,Scots Bay (Area 8),4Xr,4Xs,Purse Seine
589533,2021-08-02,214,Scots Bay,45.11375,-65.08136667,2021-08-03,215,Scots Bay,NA,NA,53,1,complete.returns,Scots Bay (Area 8),4Xr,4Xs,Purse Seine
589571,2021-08-02,214,Scots Bay,45.11375,-65.08136667,2021-08-03,215,Scots Bay,NA,NA,88,1,complete.returns,Scots Bay (Area 8),4Xr,4Xs,Purse Seine
589646,2021-08-02,214,Scots Bay,45.11375,-65.08136667,2021-08-03,215,Scots Bay,NA,NA,35,1,complete.returns,Scots Bay (Area 8),4Xr,4Xs,Purse Seine
589805,2021-08-02,214,Scots Bay,45.1238,-65.06623333,2021-08-03,215,Scots Bay,NA,NA,35,1,complete.returns,Scots Bay (Area 8),4Xr,4Xs,Purse Seine
589890,2021-08-02,214,Scots Bay,45.1238,-65.06623333,2021-08-03,215,Scots Bay,NA,NA,88,1,complete.returns,Scots Bay (Area 8),4Xr,4Xs,Purse Seine
590150,2021-08-16,228,Scots Bay,45.15155,-65.01928333,2021-08-19,231,Scots Bay,NA,NA,79,3,complete.returns,Scots Bay (Area 8),4Xr,4Xs,Purse Seine
590200,2021-08-16,228,Scots Bay,45.15155,-65.01928333,2021-08-17,229,Scots Bay,NA,NA,109,1,complete.returns,Scots Bay (Area 8),4Xr,4Xs,Purse Seine
590536,2021-08-17,229,Scots Bay,45.149,-65.0011,2021-08-19,231,Scots Bay,NA,NA,47,2,complete.returns,Scots Bay (Area 8),4Xr,4Xs,Purse Seine
590687,2021-08-17,229,Scots Bay,45.149,-65.0011,2021-08-19,231,Scots Bay,NA,NA,79,2,complete.returns,Scots Bay (Area 8),4Xr,4Xs,Purse Seine
512376,2021-08-04,216,Scots Bay,45.10066667,-65.07766667,2022-07-28,209,Scots Bay,NA,NA,185,358,complete.returns,Scots Bay (Area 8),4Xr,4Xs,Purse Seine
499124,2022-07-27,208,Scots Bay,45.18333333,-64.91666667,2022-07-29,210,Scots Bay,NA,NA,69,2,complete.returns,Scots Bay (Area 8),4Xr,4Xs,Purse Seine
470031,2022-07-26,207,Scots Bay,45.21168333,-64.852,2022-07-29,210,Scots Bay,NA,NA,69,3,complete.returns,Scots Bay (Area 8),4Xr,4Xs,Purse Seine
470267,2022-07-28,209,Scots Bay,45.1982,-64.91198333,2022-08-08,220,Scots Bay,NA,NA,45,11,complete.returns,Scots Bay (Area 8),4Xr,4Xs,Purse Seine
585903,2022-08-07,219,Scots Bay,45.146,-65.0465,2022-08-09,221,Scots Bay,NA,NA,74,2,complete.returns,Scots Bay (Area 8),4Xr,4Xs,Purse Seine
495558,2022-08-07,219,Scots Bay,45.15131667,-65.03181667,2022-08-09,221,Scots Bay,NA,NA,74,2,complete.returns,Scots Bay (Area 8),4Xr,4Xs,Purse Seine
518776,2022-08-08,220,Scots Bay,45.1905,-64.899167,2022-08-10,222,Scots Bay,NA,NA,74,2,complete.returns,Scots Bay (Area 8),4Xr,4Xs,Purse Seine
495883,2022-08-07,219,Scots Bay,45.1864,-64.92838333,2022-08-10,222,Scots Bay,NA,NA,111,3,complete.returns,Scots Bay (Area 8),4Xr,4Xs,Purse Seine
518726,2022-08-08,220,Scots Bay,45.1905,-64.899167,2022-08-10,222,Scots Bay,NA,NA,74,2,complete.returns,Scots Bay (Area 8),4Xr,4Xs,Purse Seine
500213,2022-08-07,219,Scots Bay,45.15536667,-65.10636667,2022-08-10,222,Scots Bay,NA,NA,74,3,complete.returns,Scots Bay (Area 8),4Xr,4Xs,Purse Seine
518533,2022-08-08,220,Scots Bay,45.1905,-64.899167,2022-08-10,222,Scots Bay,NA,NA,74,2,complete.returns,Scots Bay (Area 8),4Xr,4Xs,Purse Seine
495876,2022-08-07,219,Scots Bay,45.1864,-64.92838333,2022-08-10,222,Scots Bay,NA,NA,74,3,complete.returns,Scots Bay (Area 8),4Xr,4Xs,Purse Seine
500115,2022-08-07,219,Scots Bay,45.16176667,-65.00546667,2022-08-10,222,Scots Bay,NA,NA,74,3,complete.returns,Scots Bay (Area 8),4Xr,4Xs,Purse Seine
518800,2022-08-08,220,Scots Bay,45.1905,-64.899167,2022-08-10,222,Scots Bay,NA,NA,74,2,complete.returns,Scots Bay (Area 8),4Xr,4Xs,Purse Seine
585944,2022-08-07,219,Scots Bay,45.146,-65.0465,2022-08-10,222,Scots Bay,NA,NA,111,3,complete.returns,Scots Bay (Area 8),4Xr,4Xs,Purse Seine
518644,2022-08-08,220,Scots Bay,45.1905,-64.899167,2022-08-10,222,Scots Bay,NA,NA,111,2,complete.returns,Scots Bay (Area 8),4Xr,4Xs,Purse Seine
495548,2022-08-07,219,Scots Bay,45.15131667,-65.03181667,2022-08-10,222,Scots Bay,NA,NA,111,3,complete.returns,Scots Bay (Area 8),4Xr,4Xs,Purse Seine
500297,2022-08-07,219,Scots Bay,45.15536667,-65.10636667,2022-08-10,222,Scots Bay,NA,NA,111,3,complete.returns,Scots Bay (Area 8),4Xr,4Xs,Purse Seine
495701,2022-08-07,219,Scots Bay,45.1864,-64.92838333,2022-08-10,222,Scots Bay,NA,NA,74,3,complete.returns,Scots Bay (Area 8),4Xr,4Xs,Purse Seine
495858,2022-08-07,219,Scots Bay,45.1864,-64.92838333,2022-08-10,222,Scots Bay,NA,NA,74,3,complete.returns,Scots Bay (Area 8),4Xr,4Xs,Purse Seine
495625,2022-08-07,219,Scots Bay,45.1864,-64.92838333,2022-08-10,222,Scots Bay,NA,NA,74,3,complete.returns,Scots Bay (Area 8),4Xr,4Xs,Purse Seine
495659,2022-08-07,219,Scots Bay,45.1864,-64.92838333,2022-08-10,222,Scots Bay,NA,NA,74,3,complete.returns,Scots Bay (Area 8),4Xr,4Xs,Purse Seine
518601,2022-08-08,220,Scots Bay,45.1905,-64.899167,2022-08-10,222,Scots Bay,NA,NA,74,2,complete.returns,Scots Bay (Area 8),4Xr,4Xs,Purse Seine
500249,2022-08-07,219,Scots Bay,45.15536667,-65.10636667,2022-08-11,223,Scots Bay,NA,NA,162,4,complete.returns,Scots Bay (Area 8),4Xr,4Xs,Purse Seine
518791,2022-08-08,220,Scots Bay,45.1905,-64.899167,2022-08-11,223,Scots Bay,NA,NA,73,3,complete.returns,Scots Bay (Area 8),4Xr,4Xs,Purse Seine
500352,2022-08-09,221,Scots Bay,45.16556667,-64.94023333,2022-08-11,223,Scots Bay,NA,NA,162,2,complete.returns,Scots Bay (Area 8),4Xr,4Xs,Purse Seine
500396,2022-08-09,221,Scots Bay,45.16556667,-64.94023333,2022-08-11,223,Scots Bay,NA,NA,73,2,complete.returns,Scots Bay (Area 8),4Xr,4Xs,Purse Seine
500486,2022-08-09,221,Scots Bay,45.16556667,-64.94023333,2022-08-11,223,Scots Bay,NA,NA,73,2,complete.returns,Scots Bay (Area 8),4Xr,4Xs,Purse Seine
495866,2022-08-07,219,Scots Bay,45.1864,-64.92838333,2022-08-11,223,Scots Bay,NA,NA,33,4,complete.returns,Scots Bay (Area 8),4Xr,4Xs,Purse Seine
500598,2022-08-09,221,Scots Bay,45.16556667,-64.94023333,2022-08-11,223,Scots Bay,NA,NA,73,2,complete.returns,Scots Bay (Area 8),4Xr,4Xs,Purse Seine
522389,2022-08-10,222,Scots Bay,45.14163333,-65.03943333,2022-08-11,223,Scots Bay,NA,NA,73,1,complete.returns,Scots Bay (Area 8),4Xr,4Xs,Purse Seine
522380,2022-08-10,222,Scots Bay,45.14163333,-65.03943333,2022-08-11,223,Scots Bay,NA,NA,73,1,complete.returns,Scots Bay (Area 8),4Xr,4Xs,Purse Seine
500049,2022-08-07,219,Scots Bay,45.16176667,-65.00546667,2022-08-11,223,Scots Bay,NA,NA,162,4,complete.returns,Scots Bay (Area 8),4Xr,4Xs,Purse Seine
522291,2022-08-10,222,Scots Bay,45.14163333,-65.03943333,2022-08-11,223,Scots Bay,NA,NA,162,1,complete.returns,Scots Bay (Area 8),4Xr,4Xs,Purse Seine
522223,2022-08-10,222,Scots Bay,45.14163333,-65.03943333,2022-08-23,235,Scots Bay,NA,NA,40,13,complete.returns,Scots Bay (Area 8),4Xr,4Xs,Purse Seine
498868,2022-08-23,235,Scots Bay,45.12695,-65.0344,2022-09-06,249,Scots Bay,NA,NA,NA,14,complete.returns,Scots Bay (Area 8),4Xr,4Xs,Purse Seine
475834,2022-09-06,249,Scots Bay,45.17516667,-64.98425,2022-09-07,250,Scots Bay,NA,NA,98,1,complete.returns,Scots Bay (Area 8),4Xr,4Xs,Purse Seine
502044,2022-08-22,234,Scots Bay,45.12246667,-65.05455,2022-09-08,251,Scots Bay,NA,NA,20,17,complete.returns,Scots Bay (Area 8),4Xr,4Xs,Purse Seine
522397,2022-08-10,222,Scots Bay,45.14163333,-65.03943333,2022-08-17,229,Scots Bay,NA,NA,113,7,complete.returns,,4Xr,4Xs,Purse Seine
500270,2022-08-07,219,Scots Bay,45.15536667,-65.10636667,2022-08-17,229,Scots Bay,NA,NA,113,10,complete.returns,,4Xr,4Xs,Purse Seine
499078,2022-07-27,208,Scots Bay,45.18333333,-64.91666667,2022-08-17,229,Scots Bay,NA,NA,113,21,complete.returns,,4Xr,4Xs,Purse Seine
495992,2022-08-07,219,Scots Bay,45.16176667,-65.00546667,2022-08-17,229,Scots Bay,NA,NA,113,10,complete.returns,,4Xr,4Xs,Purse Seine
522563,2022-08-11,223,Scots Bay,45.1933,-64.88655,2022-08-17,229,Scots Bay,NA,NA,113,6,complete.returns,,4Xr,4Xs,Purse Seine
585683,2022-06-13,164,Grand Manan Banks,44.28618333,-67.00335,2022-07-12,193,Scots Bay,NA,NA,150,29,complete.returns,,5Yb,4Xs,Purse Seine
469756,2021-07-18,199,Scots Bay,45.29146667,-64.92868333,2022-08-02,214,Scots Bay,NA,NA,149.4,380,complete.returns,,4Xr,4Xs,Purse Seine
495520,2022-08-07,219,Scots Bay,45.15131667,-65.03181667,2022-08-09,221,Scots Bay,NA,NA,139.5,2,complete.returns,,4Xr,4Xs,Purse Seine
495463,2022-08-07,219,Scots Bay,45.15131667,-65.03181667,2022-08-09,221,Scots Bay,NA,NA,139.5,2,complete.returns,,4Xr,4Xs,Purse Seine
516366,2021-10-07,280,Grand Manan Banks,44.277167,-67.017833,2022-08-10,222,Scots Bay,NA,NA,49.5,307,complete.returns,,5Yb,4Xs,Purse Seine
585883,2022-08-07,219,Scots Bay,45.146,-65.0465,2022-08-10,222,Scots Bay,NA,NA,49.5,3,complete.returns,,4Xr,4Xs,Purse Seine
506114,2022-08-09,221,Scots Bay,45.15576667,-65.01695,2022-08-10,222,Scots Bay,NA,NA,49.5,1,complete.returns,,4Xr,4Xs,Purse Seine
500223,2022-08-07,219,Scots Bay,45.15536667,-65.10636667,2022-08-11,223,Scots Bay,NA,NA,124.6,4,complete.returns,,4Xr,4Xs,Purse Seine
500253,2022-08-07,219,Scots Bay,45.15536667,-65.10636667,2022-08-11,223,Scots Bay,NA,NA,124.6,4,complete.returns,,4Xr,4Xs,Purse Seine
500952,2022-08-10,222,Scots Bay,45.18843333,-64.88335,2022-08-12,224,Scots Bay,NA,NA,139,2,complete.returns,,4Xr,4Xs,Purse Seine
522501,2022-08-11,223,Scots Bay,45.1933,-64.88655,2022-08-12,224,Scots Bay,NA,NA,139,1,complete.returns,,4Xr,4Xs,Purse Seine
500184,2022-08-07,219,Scots Bay,45.15536667,-65.10636667,2022-08-10,222,Scots Bay,NA,NA,49,3,complete.returns,,4Xr,4Xs,Purse Seine
500252,2022-08-07,219,Scots Bay,45.15536667,-65.10636667,2022-08-10,222,Scots Bay,NA,NA,49,3,complete.returns,,4Xr,4Xs,Purse Seine
500301,2022-08-07,219,Scots Bay,45.15536667,-65.10636667,2022-08-10,222,Scots Bay,NA,NA,49,3,complete.returns,,4Xr,4Xs,Purse Seine
495675,2022-08-07,219,Scots Bay,45.1864,-64.92838333,2022-08-10,222,Scots Bay,NA,NA,124,3,complete.returns,,4Xr,4Xs,Purse Seine
500226,2022-08-07,219,Scots Bay,45.15536667,-65.10636667,2022-08-10,222,Scots Bay,NA,NA,124,3,complete.returns,,4Xr,4Xs,Purse Seine
500056,2022-08-07,219,Scots Bay,45.16176667,-65.00546667,2022-08-10,222,Scots Bay,NA,NA,124,3,complete.returns,,4Xr,4Xs,Purse Seine
500283,2022-08-07,219,Scots Bay,45.15536667,-65.10636667,2022-08-10,222,Scots Bay,NA,NA,124,3,complete.returns,,4Xr,4Xs,Purse Seine
495496,2022-08-07,219,Scots Bay,45.15131667,-65.03181667,2022-08-10,222,Scots Bay,NA,NA,124,3,complete.returns,,4Xr,4Xs,Purse Seine
506149,2022-08-09,221,Scots Bay,45.15576667,-65.01695,2022-08-10,222,Scots Bay,NA,NA,49,1,complete.returns,,4Xr,4Xs,Purse Seine
500245,2022-08-07,219,Scots Bay,45.15536667,-65.10636667,2022-08-12,224,Scots Bay,NA,NA,149,5,complete.returns,,4Xr,4Xs,Purse Seine
500658,2022-08-09,221,Scots Bay,45.16556667,-64.94023333,2022-08-12,224,Scots Bay,NA,NA,149,3,complete.returns,,4Xr,4Xs,Purse Seine
522025,2022-08-11,223,Scots Bay,45.1933,-64.88655,2022-08-12,224,Scots Bay,NA,NA,149,1,complete.returns,,4Xr,4Xs,Purse Seine
500961,2022-08-10,222,Scots Bay,45.18843333,-64.88335,2022-08-12,224,Scots Bay,NA,NA,149,2,complete.returns,,4Xr,4Xs,Purse Seine
495826,2022-08-07,219,Scots Bay,45.1864,-64.92838333,2022-08-12,224,Scots Bay,NA,NA,149,5,complete.returns,,4Xr,4Xs,Purse Seine
498899,2022-08-23,235,Scots Bay,45.12695,-65.0344,2022-08-24,236,Scots Bay,NA,NA,111,1,complete.returns,,4Xr,4Xs,Purse Seine
498866,2022-08-23,235,Scots Bay,45.12695,-65.0344,2022-08-24,236,Scots Bay,NA,NA,111,1,complete.returns,,4Xr,4Xs,Purse Seine
498732,2022-08-22,234,Scots Bay,45.1461,-64.99368333,2022-08-24,236,Scots Bay,NA,NA,111,2,complete.returns,,4Xr,4Xs,Purse Seine
498935,2022-08-23,235,Scots Bay,45.12695,-65.0344,2022-08-24,236,Scots Bay,NA,NA,111,1,complete.returns,,4Xr,4Xs,Purse Seine
498795,2022-08-23,235,Scots Bay,45.1461,-64.99368333,2022-08-24,236,Scots Bay,NA,NA,111,1,complete.returns,,4Xr,4Xs,Purse Seine
480599,2020-08-11,224,Scots Bay,45.13012,-64.9917,2022-08-24,236,Scots Bay,NA,NA,57,743,complete.returns,,4Xr,4Xs,Purse Seine
498778,2022-08-23,235,Scots Bay,45.1461,-64.99368333,2022-08-24,236,Scots Bay,NA,NA,57,1,complete.returns,,4Xr,4Xs,Purse Seine
498747,2022-08-22,234,Scots Bay,45.1461,-64.99368333,2022-08-24,236,Scots Bay,NA,NA,57,2,complete.returns,,4Xr,4Xs,Purse Seine
500558,2022-08-09,221,Scots Bay,45.16556667,-64.94023333,2022-08-24,236,Scots Bay,NA,NA,111,15,complete.returns,,4Xr,4Xs,Purse Seine
498828,2022-08-23,235,Scots Bay,45.1461,-64.99368333,2022-08-24,236,Scots Bay,NA,NA,111,1,complete.returns,,4Xr,4Xs,Purse Seine
491020,2022-06-12,163,Grand Manan Banks,44.27366667,-67.00333333,2022-08-24,236,Scots Bay,NA,NA,105,73,complete.returns,,5Yb,4Xs,Purse Seine
495779,2022-08-07,219,Scots Bay,45.1864,-64.92838333,2022-08-24,236,Scots Bay,NA,NA,105,17,complete.returns,,4Xr,4Xs,Purse Seine
498911,2022-08-23,235,Scots Bay,45.12695,-65.0344,2022-08-25,237,Scots Bay,NA,NA,145,2,complete.returns,,4Xr,4Xs,Purse Seine
522029,2022-08-11,223,Scots Bay,45.1933,-64.88655,2022-08-12,224,Scots Bay,NA,NA,149,1,complete.returns,,4Xr,4Xs,Purse Seine
500392,2022-08-09,221,Scots Bay,45.16556667,-64.94023333,2022-08-12,224,Scots Bay,NA,NA,149,3,complete.returns,,4Xr,4Xs,Purse Seine
500695,2022-08-10,222,Scots Bay,45.15665,-64.97125,2022-08-12,224,Scots Bay,NA,NA,149,2,complete.returns,,4Xr,4Xs,Purse Seine
500458,2022-08-09,221,Scots Bay,45.16556667,-64.94023333,2022-08-12,224,Scots Bay,NA,NA,149,3,complete.returns,,4Xr,4Xs,Purse Seine
498082,2022-08-10,222,Scots Bay,45.18843333,-64.88335,2022-08-12,224,Scots Bay,NA,NA,149,2,complete.returns,,4Xr,4Xs,Purse Seine
502129,2022-08-24,236,Scots Bay,45.16295,-64.94386667,2022-09-06,249,Scots Bay,NA,NA,106,13,complete.returns,,4Xr,4Xs,Purse Seine
502148,2022-08-24,236,Scots Bay,45.16295,-64.94386667,2022-09-06,249,Scots Bay,NA,NA,106,13,complete.returns,,4Xr,4Xs,Purse Seine
502095,2022-08-24,236,Scots Bay,45.16295,-64.94386667,2022-09-06,249,Scots Bay,NA,NA,106,13,complete.returns,,4Xr,4Xs,Purse Seine
502111,2022-08-24,236,Scots Bay,45.16295,-64.94386667,2022-09-06,249,Scots Bay,NA,NA,106,13,complete.returns,,4Xr,4Xs,Purse Seine
502190,2022-08-24,236,Scots Bay,45.16295,-64.94386667,2022-09-06,249,Scots Bay,NA,NA,106,13,complete.returns,,4Xr,4Xs,Purse Seine
484666,2021-07-13,194,SW Grounds,43.0655,-65.959,2022-09-06,249,Scots Bay,NA,NA,106,420,complete.returns,,4Xo,4Xs,Purse Seine
594164,2022-08-24,236,Scots Bay,45.14533333,-65.0025,2022-09-06,249,Scots Bay,NA,NA,106,13,complete.returns,,4Xr,4Xs,Purse Seine
522021,2022-08-11,223,Scots Bay,45.1933,-64.88655,2022-09-06,249,Scots Bay,NA,NA,106,26,complete.returns,,4Xr,4Xs,Purse Seine
498963,2022-08-23,235,Scots Bay,45.12695,-65.0344,2022-09-06,249,Scots Bay,NA,NA,106,14,complete.returns,,4Xr,4Xs,Purse Seine
498814,2022-08-23,235,Scots Bay,45.1461,-64.99368333,2022-09-06,249,Scots Bay,NA,NA,106,14,complete.returns,,4Xr,4Xs,Purse Seine
594007,2022-08-24,236,Scots Bay,45.14533333,-65.0025,2022-09-06,249,Scots Bay,NA,NA,113,13,complete.returns,,4Xr,4Xs,Purse Seine
502247,2022-08-24,236,Scots Bay,45.16295,-64.94386667,2022-09-06,249,Scots Bay,NA,NA,113,13,complete.returns,,4Xr,4Xs,Purse Seine
594185,2022-08-24,236,Scots Bay,45.14533333,-65.0025,2022-09-06,249,Scots Bay,NA,NA,113,13,complete.returns,,4Xr,4Xs,Purse Seine
502094,2022-08-24,236,Scots Bay,45.16295,-64.94386667,2022-09-06,249,Scots Bay,NA,NA,113,13,complete.returns,,4Xr,4Xs,Purse Seine
502292,2022-08-24,236,Scots Bay,45.16295,-64.94386667,2022-09-08,251,Scots Bay,NA,NA,68,15,complete.returns,,4Xr,4Xs,Purse Seine
475812,2022-09-06,249,Scots Bay,45.17516667,-64.98425,2022-09-08,251,Scots Bay,NA,NA,68,2,complete.returns,,4Xr,4Xs,Purse Seine
475807,2022-09-06,249,Scots Bay,45.17516667,-64.98425,2022-09-08,251,Scots Bay,NA,NA,68,2,complete.returns,,4Xr,4Xs,Purse Seine
498352,2022-08-16,228,German Bank,43.34535,-66.44735,2022-09-02,245,Scots Bay,NA,NA,68,17,complete.returns,,4Xq,4Xs,Purse Seine
500217,2022-08-07,219,Scots Bay,45.15536667,-65.10636667,2022-09-07,250,Scots Bay,NA,NA,172,31,complete.returns,,4Xr,4Xs,Purse Seine
502085,2022-08-24,236,Scots Bay,45.16295,-64.94386667,2022-09-19,262,Scots Bay,NA,NA,203,26,complete.returns,,4Xr,4Xs,Purse Seine
475710,2022-09-06,249,Scots Bay,45.17516667,-64.98425,2022-09-19,262,Scots Bay,NA,NA,126,13,complete.returns,,4Xr,4Xs,Purse Seine
506218,2022-08-09,221,Scots Bay,45.15576667,-65.01695,2022-09-19,262,Scots Bay,NA,NA,126,41,complete.returns,,4Xr,4Xs,Purse Seine
475939,2022-09-07,250,Scots Bay,45.19678333,-64.88591667,2022-09-19,262,Scots Bay,NA,NA,203,12,complete.returns,,4Xr,4Xs,Purse Seine
475984,2022-09-07,250,Scots Bay,45.19678333,-64.88591667,2022-09-19,262,Scots Bay,NA,NA,126,12,complete.returns,,4Xr,4Xs,Purse Seine
499155,2022-07-27,208,Scots Bay,45.18333333,-64.91666667,2022-09-18,261,Scots Bay,NA,NA,126,53,complete.returns,,4Xr,4Xs,Purse Seine
495691,2022-08-07,219,Scots Bay,45.1864,-64.92838333,2022-08-10,222,Scots Bay,NA,NA,NA,3,complete.returns,,4Xr,4Xs,Purse Seine
495670,2022-08-07,219,Scots Bay,45.1864,-64.92838333,2022-08-10,222,Scots Bay,NA,NA,NA,3,complete.returns,,4Xr,4Xs,Purse Seine
495703,2022-08-07,219,Scots Bay,45.1864,-64.92838333,2022-08-10,222,Scots Bay,NA,NA,NA,3,complete.returns,,4Xr,4Xs,Purse Seine
500048,2022-08-07,219,Scots Bay,45.16176667,-65.00546667,2022-08-10,222,Scots Bay,NA,NA,NA,3,complete.returns,,4Xr,4Xs,Purse Seine
518505,2022-08-08,220,Scots Bay,45.1905,-64.899167,2022-08-10,222,Scots Bay,NA,NA,NA,2,complete.returns,,4Xr,4Xs,Purse Seine
518667,2022-08-08,220,Scots Bay,45.1905,-64.899167,2022-08-11,223,Scots Bay,NA,NA,NA,3,complete.returns,,4Xr,4Xs,Purse Seine
495560,2022-08-07,219,Scots Bay,45.15131667,-65.03181667,2022-08-09,221,Scots Bay,NA,NA,NA,2,complete.returns,,4Xr,4Xs,Purse Seine
585855,2022-08-07,219,Scots Bay,45.146,-65.0465,2022-08-09,221,Scots Bay,NA,NA,NA,2,complete.returns,,4Xr,4Xs,Purse Seine
580175,2021-06-14,165,Gannet Dry Ledge,43.62055,-66.97898333,2021-08-31,243,Scots Bay,NA,NA,146,78,complete.returns,Scots Bay (Area 8),4Xq,4Xs,Purse Seine
581226,2021-06-06,157,Scots Bay,45.280556,-64.924722,2021-06-10,161,Scots Bay,NA,NA,67,4,complete.returns,,4Xr,4Xs,Purse Seine
511454,2021-06-17,168,Gannet Dry Ledge,43.59533333,-66.79283333,2021-08-02,214,Scots Bay,NA,NA,68,46,complete.returns,,4Xq,4Xs,Purse Seine
511729,2021-06-20,171,Scots Bay,45.117,-65.1205,2021-08-03,215,Scots Bay,NA,NA,67,44,complete.returns,,4Xr,4Xs,Purse Seine
589877,2021-08-02,214,Scots Bay,45.1238,-65.06623333,2021-08-03,215,Scots Bay,NA,NA,86,1,complete.returns,,4Xr,4Xs,Purse Seine
589836,2021-08-02,214,Scots Bay,45.1238,-65.06623333,2021-08-03,215,Scots Bay,NA,NA,86,1,complete.returns,,4Xr,4Xs,Purse Seine
463444,2021-08-18,230,Scots Bay,45.1419,-65.03458333,2021-08-19,231,Scots Bay,NA,NA,36,1,complete.returns,,4Xr,4Xs,Purse Seine
463270,2021-08-17,229,Scots Bay,45.13168333,-65.07638333,2021-08-19,231,Scots Bay,NA,NA,36,2,complete.returns,,4Xr,4Xs,Purse Seine
590663,2021-08-17,229,Scots Bay,45.149,-65.0011,2021-08-19,231,Scots Bay,NA,NA,36,2,complete.returns,,4Xr,4Xs,Purse Seine
590170,2021-08-16,228,Scots Bay,45.15155,-65.01928333,2021-08-18,230,Scots Bay,NA,NA,65,2,complete.returns,,4Xr,4Xs,Purse Seine
494445,2021-08-17,229,Scots Bay,45.154,-64.99533333,2021-08-23,235,Scots Bay,NA,NA,110,6,complete.returns,,4Xr,4Xs,Purse Seine
494379,2021-08-17,229,Scots Bay,45.13783333,-65.061,2021-08-23,235,Scots Bay,NA,NA,110,6,complete.returns,,4Xr,4Xs,Purse Seine
480665,2020-08-11,224,Scots Bay,45.13012,-64.9917,2021-08-23,235,Scots Bay,NA,NA,110,377,complete.returns,,4Xr,4Xs,Purse Seine
511323,2021-06-16,167,Gannet Dry Ledge,43.5625,-66.847,2021-08-25,237,Scots Bay,NA,NA,76,70,complete.returns,,4Xq,4Xs,Purse Seine
464212,2021-06-17,168,Gannet Dry Ledge,43.58328333,-66.78353333,2021-08-25,237,Scots Bay,NA,NA,76,69,complete.returns,,4Xq,4Xs,Purse Seine
511121,2021-06-13,164,Gannet Dry Ledge,43.62583333,-67.00316667,2021-08-23,235,Scots Bay,NA,NA,110,71,complete.returns,,4Xq,4Xs,Purse Seine
494378,2021-08-17,229,Scots Bay,45.13783333,-65.061,2021-08-25,237,Scots Bay,NA,NA,102,8,complete.returns,,4Xr,4Xs,Purse Seine
494446,2021-08-17,229,Scots Bay,45.154,-64.99533333,2021-08-27,239,Scots Bay,NA,NA,64,10,complete.returns,,4Xr,4Xs,Purse Seine
590330,2021-08-17,229,Scots Bay,45.13388333,-65.0691,2021-08-27,239,Scots Bay,NA,NA,64,10,complete.returns,,4Xr,4Xs,Purse Seine
485856,2021-06-13,164,Gannet Dry Ledge,43.62583333,-67.00316667,2021-08-27,239,Scots Bay,NA,NA,64,75,complete.returns,,4Xq,4Xs,Purse Seine
494768,2021-08-19,231,Scots Bay,45.14416667,-65.03316667,2021-08-27,239,Scots Bay,NA,NA,64,8,complete.returns,,4Xr,4Xs,Purse Seine
494720,2021-08-19,231,Scots Bay,45.14416667,-65.03316667,2021-08-27,239,Scots Bay,NA,NA,64,8,complete.returns,,4Xr,4Xs,Purse Seine
463875,2021-08-30,242,Scots Bay,45.12588333,-65.0624,2021-09-01,244,Scots Bay,NA,NA,64,2,complete.returns,,4Xr,4Xs,Purse Seine
488244,2021-08-31,243,Scots Bay,45.12833333,-65.0535,2021-09-01,244,Scots Bay,NA,NA,27,1,complete.returns,,4Xr,4Xs,Purse Seine
510055,2021-08-30,242,Scots Bay,45.13871667,-65.03208333,2021-09-01,244,Scots Bay,NA,NA,27,2,complete.returns,,4Xr,4Xs,Purse Seine
587582,2021-08-30,242,Scots Bay,45.13751667,-65.02555,2021-09-01,244,Scots Bay,NA,NA,27,2,complete.returns,,4Xr,4Xs,Purse Seine
587290,2021-08-30,242,Scots Bay,45.13481667,-65.04305,2021-09-01,244,Scots Bay,NA,NA,27,2,complete.returns,,4Xr,4Xs,Purse Seine
488070,2021-08-30,242,Scots Bay,45.13433333,-65.03716667,2021-09-01,244,Scots Bay,NA,NA,27,2,complete.returns,,4Xr,4Xs,Purse Seine
494962,2021-08-30,242,Scots Bay,45.13666667,-65.036,2021-09-01,244,Scots Bay,NA,NA,27,2,complete.returns,,4Xr,4Xs,Purse Seine
488138,2021-08-30,242,Scots Bay,45.13433333,-65.03716667,2021-09-01,244,Scots Bay,NA,NA,27,2,complete.returns,,4Xr,4Xs,Purse Seine
587637,2021-08-30,242,Scots Bay,45.13816667,-65.03646667,2021-09-01,244,Scots Bay,NA,NA,80,2,complete.returns,,4Xr,4Xs,Purse Seine
488052,2021-08-30,242,Scots Bay,45.13433333,-65.03716667,2021-09-01,244,Scots Bay,NA,NA,80,2,complete.returns,,4Xr,4Xs,Purse Seine
463831,2021-08-30,242,Scots Bay,45.12588333,-65.0624,2021-09-01,244,Scots Bay,NA,NA,80,2,complete.returns,,4Xr,4Xs,Purse Seine
587744,2021-08-30,242,Scots Bay,45.13816667,-65.03646667,2021-09-01,244,Scots Bay,NA,NA,80,2,complete.returns,,4Xr,4Xs,Purse Seine
463935,2021-08-31,243,Scots Bay,45.13268333,-65.04171667,2021-09-01,244,Scots Bay,NA,NA,80,1,complete.returns,,4Xr,4Xs,Purse Seine
488101,2021-08-30,242,Scots Bay,45.13433333,-65.03716667,2021-09-01,244,Scots Bay,NA,NA,80,2,complete.returns,,4Xr,4Xs,Purse Seine
463807,2021-08-30,242,Scots Bay,45.12588333,-65.0624,2021-09-01,244,Scots Bay,NA,NA,80,2,complete.returns,,4Xr,4Xs,Purse Seine
463789,2021-08-30,242,Scots Bay,45.12588333,-65.0624,2021-09-01,244,Scots Bay,NA,NA,80,2,complete.returns,,4Xr,4Xs,Purse Seine
488203,2021-08-31,243,Scots Bay,45.12833333,-65.0535,2021-09-01,244,Scots Bay,NA,NA,80,1,complete.returns,,4Xr,4Xs,Purse Seine
510072,2021-08-30,242,Scots Bay,45.13871667,-65.03208333,2021-09-01,244,Scots Bay,NA,NA,80,2,complete.returns,,4Xr,4Xs,Purse Seine
488081,2021-08-30,242,Scots Bay,45.13433333,-65.03716667,2021-09-01,244,Scots Bay,NA,NA,80,2,complete.returns,,4Xr,4Xs,Purse Seine
527118,2020-08-24,237,Scots Bay,45.19192,-65.0066,2021-09-01,244,Scots Bay,NA,NA,80,373,complete.returns,,4Xr,4Xs,Purse Seine
587730,2021-08-30,242,Scots Bay,45.13816667,-65.03646667,2021-09-01,244,Scots Bay,NA,NA,80,2,complete.returns,,4Xr,4Xs,Purse Seine
463783,2021-08-30,242,Scots Bay,45.12588333,-65.0624,2021-09-01,244,Scots Bay,NA,NA,80,2,complete.returns,,4Xr,4Xs,Purse Seine
587583,2021-08-30,242,Scots Bay,45.13751667,-65.02555,2021-09-01,244,Scots Bay,NA,NA,80,2,complete.returns,,4Xr,4Xs,Purse Seine
587360,2021-08-30,242,Scots Bay,45.13481667,-65.04305,2021-09-01,244,Scots Bay,NA,NA,80,2,complete.returns,,4Xr,4Xs,Purse Seine
488248,2021-08-31,243,Scots Bay,45.12833333,-65.0535,2021-09-01,244,Scots Bay,NA,NA,80,1,complete.returns,,4Xr,4Xs,Purse Seine
587334,2021-08-30,242,Scots Bay,45.13481667,-65.04305,2021-09-01,244,Scots Bay,NA,NA,80,2,complete.returns,,4Xr,4Xs,Purse Seine
463776,2021-08-30,242,Scots Bay,45.12588333,-65.0624,2021-09-01,244,Scots Bay,NA,NA,100,2,complete.returns,,4Xr,4Xs,Purse Seine
581803,2021-06-13,164,Gannet Dry Ledge,43.630833,-66.996111,2021-09-14,257,Scots Bay,NA,NA,130,93,complete.returns,,4Xq,4Xs,Purse Seine
490522,2021-06-21,172,German Bank,43.48316667,-66.8665,2021-09-14,257,Scots Bay,NA,NA,130,85,complete.returns,,4Xq,4Xs,Purse Seine
580083,2021-06-14,165,Gannet Dry Ledge,43.62055,-66.97898333,2021-07-19,200,Scots Bay,NA,NA,57,35,complete.returns,,4Xq,4Xs,Purse Seine
515202,2021-07-18,199,Scots Bay,45.29666667,-64.85283333,2021-07-20,201,Scots Bay,NA,NA,82,2,complete.returns,,4Xr,4Xs,Purse Seine
469701,2021-07-18,199,Scots Bay,45.29146667,-64.92868333,2021-07-20,201,Scots Bay,NA,NA,82,2,complete.returns,,4Xr,4Xs,Purse Seine
469891,2021-07-18,199,Scots Bay,45.30021667,-64.864,2021-07-20,201,Scots Bay,NA,NA,82,2,complete.returns,,4Xr,4Xs,Purse Seine
589826,2021-08-02,214,Scots Bay,45.1238,-65.06623333,2021-08-03,215,Scots Bay,NA,NA,27,1,complete.returns,,4Xr,4Xs,Purse Seine
589875,2021-08-02,214,Scots Bay,45.1238,-65.06623333,2021-08-03,215,Scots Bay,NA,NA,27,1,complete.returns,,4Xr,4Xs,Purse Seine
589884,2021-08-02,214,Scots Bay,45.1238,-65.06623333,2021-08-03,215,Scots Bay,NA,NA,16,1,complete.returns,,4Xr,4Xs,Purse Seine
589705,2021-08-02,214,Scots Bay,45.1238,-65.06623333,2021-08-03,215,Scots Bay,NA,NA,16,1,complete.returns,,4Xr,4Xs,Purse Seine
589736,2021-08-02,214,Scots Bay,45.1238,-65.06623333,2021-08-03,215,Scots Bay,NA,NA,16,1,complete.returns,,4Xr,4Xs,Purse Seine
512120,2021-08-03,215,Scots Bay,45.14133333,-65.006,2021-08-04,216,Scots Bay,NA,NA,28,1,complete.returns,,4Xr,4Xs,Purse Seine
462879,2021-08-03,215,Scots Bay,45.13086667,-65.04676667,2021-08-04,216,Scots Bay,NA,NA,28,1,complete.returns,,4Xr,4Xs,Purse Seine
462835,2021-08-03,215,Scots Bay,45.13086667,-65.04676667,2021-08-04,216,Scots Bay,NA,NA,28,1,complete.returns,,4Xr,4Xs,Purse Seine
486910,2021-08-02,214,Scots Bay,45.158,-64.97916667,2021-08-04,216,Scots Bay,NA,NA,28,2,complete.returns,,4Xr,4Xs,Purse Seine
589935,2021-08-03,215,Scots Bay,45.15521667,-64.99706667,2021-08-04,216,Scots Bay,NA,NA,28,1,complete.returns,,4Xr,4Xs,Purse Seine
589949,2021-08-03,215,Scots Bay,45.15521667,-64.99706667,2021-08-04,216,Scots Bay,NA,NA,28,1,complete.returns,,4Xr,4Xs,Purse Seine
462740,2021-08-02,214,Scots Bay,45.12413333,-65.04928333,2021-08-04,216,Scots Bay,NA,NA,28,2,complete.returns,,4Xr,4Xs,Purse Seine
462553,2021-08-02,214,Scots Bay,45.1503,-64.98566667,2021-08-04,216,Scots Bay,NA,NA,28,2,complete.returns,,4Xr,4Xs,Purse Seine
484789,2021-07-13,194,SW Grounds,43.0655,-65.959,2021-08-17,229,Scots Bay,NA,NA,61,35,complete.returns,,4Xo,4Xs,Purse Seine
590321,2021-08-17,229,Scots Bay,45.13388333,-65.0691,2021-08-18,230,Scots Bay,NA,NA,50,1,complete.returns,,4Xr,4Xs,Purse Seine
494402,2021-08-17,229,Scots Bay,45.13783333,-65.061,2021-08-18,230,Scots Bay,NA,NA,42,1,complete.returns,,4Xr,4Xs,Purse Seine
494299,2021-08-16,228,Scots Bay,45.12916667,-65.08583333,2021-08-18,230,Scots Bay,NA,NA,50,2,complete.returns,,4Xr,4Xs,Purse Seine
494285,2021-08-16,228,Scots Bay,45.12916667,-65.08583333,2021-08-19,231,Scots Bay,NA,NA,42,3,complete.returns,,4Xr,4Xs,Purse Seine
464224,2021-06-17,168,Gannet Dry Ledge,43.58328333,-66.78353333,2021-08-19,231,Scots Bay,NA,NA,42,63,complete.returns,,4Xq,4Xs,Purse Seine
590156,2021-08-16,228,Scots Bay,45.15155,-65.01928333,2021-08-19,231,Scots Bay,NA,NA,42,3,complete.returns,,4Xr,4Xs,Purse Seine
587293,2021-08-30,242,Scots Bay,45.13481667,-65.04305,2021-08-31,243,Scots Bay,NA,NA,70,1,complete.returns,,4Xr,4Xs,Purse Seine
463797,2021-08-30,242,Scots Bay,45.12588333,-65.0624,2021-09-01,244,Scots Bay,NA,NA,72,2,complete.returns,,4Xr,4Xs,Purse Seine
488145,2021-08-30,242,Scots Bay,45.13433333,-65.03716667,2021-09-02,245,Scots Bay,NA,NA,103,3,complete.returns,,4Xr,4Xs,Purse Seine
463335,2021-08-17,229,Scots Bay,45.13168333,-65.07638333,2021-09-16,259,Scots Bay,NA,NA,115,30,complete.returns,,4Xr,4Xs,Purse Seine
550158,2020-08-10,223,Scots Bay,45.11367,-65.016,2020-08-11,224,Scots Bay,NA,NA,NA,1,complete.returns,Scots Bay (Area 8),4Xr,4Xs,Purse Seine
550166,2020-08-10,223,Scots Bay,45.11367,-65.016,2020-08-11,224,Scots Bay,NA,NA,NA,1,complete.returns,Scots Bay (Area 8),4Xr,4Xs,Purse Seine
480600,2020-08-11,224,Scots Bay,45.13012,-64.9917,2020-08-12,225,Scots Bay,NA,NA,NA,1,complete.returns,Scots Bay (Area 8),4Xr,4Xs,Purse Seine
550173,2020-08-10,223,Scots Bay,45.11367,-65.016,2020-08-12,225,Scots Bay,NA,NA,NA,2,complete.returns,Scots Bay (Area 8),4Xr,4Xs,Purse Seine
531383,2020-08-10,223,Scots Bay,45.09808,-65.0482,2020-08-12,225,Scots Bay,NA,NA,NA,2,complete.returns,Scots Bay (Area 8),4Xr,4Xs,Purse Seine
531356,2020-08-10,223,Scots Bay,45.09808,-65.0482,2020-08-12,225,Scots Bay,NA,NA,NA,2,complete.returns,Scots Bay (Area 8),4Xr,4Xs,Purse Seine
480442,2020-08-10,223,Scots Bay,45.10402,-65.0277,2020-08-12,225,Scots Bay,NA,NA,NA,2,complete.returns,Scots Bay (Area 8),4Xr,4Xs,Purse Seine
480616,2020-08-11,224,Scots Bay,45.13012,-64.9917,2020-08-25,238,Scots Bay,NA,NA,NA,14,complete.returns,Scots Bay (Area 8),4Xr,4Xs,Purse Seine
480705,2020-08-24,237,Scots Bay,45.18795,-65.0152,2020-08-25,238,Scots Bay,NA,NA,135,1,complete.returns,,4Xr,4Xs,Purse Seine
480757,2020-08-24,237,Scots Bay,45.18795,-65.0152,2020-08-25,238,Scots Bay,NA,NA,135,1,complete.returns,,4Xr,4Xs,Purse Seine
480712,2020-08-24,237,Scots Bay,45.18795,-65.0152,2020-08-25,238,Scots Bay,NA,NA,135,1,complete.returns,,4Xr,4Xs,Purse Seine
480894,2020-08-24,237,Scots Bay,45.18795,-65.0152,2020-08-25,238,Scots Bay,NA,NA,135,1,complete.returns,,4Xr,4Xs,Purse Seine
550123,2020-08-10,223,Scots Bay,45.11367,-65.016,2020-08-24,237,Scots Bay,NA,NA,223,14,complete.returns,,4Xr,4Xs,Purse Seine
480396,2020-08-10,223,Scots Bay,45.10402,-65.0277,2020-08-24,237,Scots Bay,NA,NA,223,14,complete.returns,,4Xr,4Xs,Purse Seine
204921,2020-06-07,159,Grand Manan Banks,44.27216667,-67.0127,2020-08-12,225,Scots Bay,NA,NA,86,66,complete.returns,,5Yb,4Xs,Purse Seine
550167,2020-08-10,223,Scots Bay,45.11367,-65.016,2020-08-11,224,Scots Bay,NA,NA,80,1,complete.returns,,4Xr,4Xs,Purse Seine
480623,2020-08-11,224,Scots Bay,45.13012,-64.9917,2020-08-12,225,Scots Bay,NA,NA,86,1,complete.returns,,4Xr,4Xs,Purse Seine
480667,2020-08-11,224,Scots Bay,45.13012,-64.9917,2020-08-12,225,Scots Bay,NA,NA,86,1,complete.returns,,4Xr,4Xs,Purse Seine
550014,2020-08-10,223,Scots Bay,45.11367,-65.016,2020-08-12,225,Scots Bay,NA,NA,86,2,complete.returns,,4Xr,4Xs,Purse Seine
550036,2020-08-10,223,Scots Bay,45.11367,-65.016,2020-08-11,224,Scots Bay,NA,NA,80,1,complete.returns,,4Xr,4Xs,Purse Seine
550194,2020-08-10,223,Scots Bay,45.11367,-65.016,2020-08-11,224,Scots Bay,NA,NA,80,1,complete.returns,,4Xr,4Xs,Purse Seine
480952,2020-09-07,251,Scots Bay,45.23028,-64.7356,2020-09-21,265,Scots Bay,NA,NA,NA,14,complete.returns,,4Xr,4Xs,Purse Seine
40597,2020-06-08,160,Gannet Dry Ledge,43.64667,-66.865,2020-08-24,237,Scots Bay,NA,NA,223,77,complete.returns,,4Xq,4Xs,Purse Seine
480864,2020-08-24,237,Scots Bay,45.18795,-65.0152,2020-08-25,238,Scots Bay,NA,NA,66,1,complete.returns,,4Xr,4Xs,Purse Seine
34171,2019-06-19,170,Gannet Dry Ledge,43.57593333,-66.8387,2019-08-05,217,Scots Bay,NA,NA,NA,47,complete.returns,,4Xq,4Xs,Purse Seine
34340,2019-06-24,175,Scots Bay,45.29605,-64.8439,2019-07-08,189,Scots Bay,NA,NA,NA,14,complete.returns,,4Xr,4Xs,Purse Seine
34429,2019-07-08,189,Scots Bay,45.14918333,-64.9086,2019-07-21,202,Scots Bay,NA,NA,NA,13,complete.returns,,4Xr,4Xs,Purse Seine
34586,2019-07-09,190,Scots Bay,45.13606667,-64.9398,2019-08-19,231,Scots Bay,NA,NA,NA,41,complete.returns,,4Xr,4Xs,Purse Seine
34613,2019-07-09,190,Scots Bay,45.13606667,-64.9398,2019-07-22,203,Scots Bay,NA,NA,NA,13,complete.returns,,4Xr,4Xs,Purse Seine
414703,2019-09-02,245,Scots Bay,45.16045,-64.9516,2019-09-04,247,Scots Bay,NA,NA,NA,2,complete.returns,,4Xr,4Xs,Purse Seine
414708,2019-09-02,245,Scots Bay,45.16045,-64.9516,2019-09-03,246,Scots Bay,NA,NA,NA,1,complete.returns,,4Xr,4Xs,Purse Seine
414738,2019-09-02,245,Scots Bay,45.16045,-64.9516,2019-09-16,259,Scots Bay,NA,NA,NA,14,complete.returns,,4Xr,4Xs,Purse Seine
414789,2019-09-02,245,Scots Bay,45.16045,-64.9516,2019-09-04,247,Scots Bay,NA,NA,NA,2,complete.returns,,4Xr,4Xs,Purse Seine
414867,2019-09-02,245,Scots Bay,45.13745,-64.9817,2019-09-04,247,Scots Bay,NA,NA,NA,2,complete.returns,,4Xr,4Xs,Purse Seine
416345,2019-08-05,217,Scots Bay,45.2091,-64.8406,2019-08-06,218,Scots Bay,NA,NA,NA,1,complete.returns,,4Xr,4Xs,Purse Seine
416352,2019-08-05,217,Scots Bay,45.2091,-64.8406,2019-08-06,218,Scots Bay,NA,NA,NA,1,complete.returns,,4Xr,4Xs,Purse Seine
416653,2019-08-19,231,Scots Bay,45.202,-64.98,2019-08-21,233,Scots Bay,NA,NA,NA,2,complete.returns,,4Xr,4Xs,Purse Seine
416691,2019-08-19,231,Scots Bay,45.202,-64.98,2019-08-21,233,Scots Bay,NA,NA,NA,2,complete.returns,,4Xr,4Xs,Purse Seine
418584,2016-07-11,193,Grand Manan Banks,44.13,-67.1183,2016-07-19,201,Scots Bay,NA,NA,NA,8,complete.returns,,5Yb,4Xs,Purse Seine
419770,2016-06-17,169,Gannet Dry Ledge,43.6007,-66.9387,2016-07-19,201,Scots Bay,NA,NA,NA,32,complete.returns,,4Xq,4Xs,Purse Seine
420714,2016-06-28,180,Gannet Dry Ledge,43.605,-66.9362,2016-07-31,213,Scots Bay,NA,NA,NA,33,complete.returns,,4Xq,4Xs,Purse Seine
421170,2016-07-04,186,German Bank,43.5,-66.7233,2016-08-15,228,Scots Bay,NA,NA,NA,42,complete.returns,,4Xq,4Xs,Purse Seine
421619,2016-07-05,187,German Bank,43.545,-66.6783,2016-08-16,229,Scots Bay,NA,NA,NA,42,complete.returns,,4Xq,4Xs,Purse Seine
431604,2016-08-11,224,German Bank,43.4623,-66.349,2016-08-16,229,Scots Bay,NA,NA,NA,5,complete.returns,,4Xq,4Xs,Purse Seine
432950,2018-08-13,225,Long Island,44.50583333,-66.1025,2019-09-03,246,Scots Bay,NA,NA,NA,386,complete.returns,,4Xr,4Xs,Purse Seine
438680,2019-06-04,155,Grand Manan Banks,44.291,-66.973,2019-06-24,175,Scots Bay,NA,NA,NA,20,complete.returns,,5Yb,4Xs,Purse Seine
440261,2016-08-07,220,German Bank,43.456,-66.3372,2016-08-16,229,Scots Bay,NA,NA,NA,9,complete.returns,,4Xq,4Xs,Purse Seine
441801,2018-08-13,225,Long Island,44.51016667,-66.096,2019-08-05,217,Scots Bay,NA,NA,NA,357,complete.returns,,4Xr,4Xs,Purse Seine
448029,2017-06-12,163,Gannet Dry Ledge,43.60833333,-66.9297,2017-08-14,226,Scots Bay,NA,NA,NA,63,complete.returns,,4Xq,4Xs,Purse Seine
448030,2017-06-12,163,Gannet Dry Ledge,43.60833333,-66.9297,2017-08-27,239,Scots Bay,NA,NA,NA,76,complete.returns,,4Xq,4Xs,Purse Seine
448505,2017-06-13,164,Gannet Dry Ledge,43.625,-66.9308,2017-08-13,225,Scots Bay,NA,NA,NA,61,complete.returns,,4Xq,4Xs,Purse Seine
448906,2017-06-14,165,Lurcher,43.70683333,-66.8457,2017-07-29,210,Scots Bay,NA,NA,NA,45,complete.returns,,4Xq,4Xs,Purse Seine
452549,2019-07-04,185,Grand Manan Banks,44.28208333,-66.9652,2019-09-02,245,Scots Bay,NA,NA,NA,60,complete.returns,,5Yb,4Xs,Purse Seine
452940,2019-07-07,188,Scots Bay,45.22008333,-64.836,2019-08-19,231,Scots Bay,NA,NA,NA,43,complete.returns,,4Xr,4Xs,Purse Seine
455086,2019-07-21,202,Scots Bay,45.1882,-65.0188,2019-07-22,203,Scots Bay,NA,NA,NA,1,complete.returns,,4Xr,4Xs,Purse Seine
455133,2019-07-21,202,Scots Bay,45.1882,-65.0188,2019-07-22,203,Scots Bay,NA,NA,NA,1,complete.returns,,4Xr,4Xs,Purse Seine
455193,2019-07-21,202,Scots Bay,45.1882,-65.0188,2019-07-22,203,Scots Bay,NA,NA,NA,1,complete.returns,,4Xr,4Xs,Purse Seine
455355,2019-07-21,202,Scots Bay,45.1977,-64.9887,2019-07-22,203,Scots Bay,NA,NA,NA,1,complete.returns,,4Xr,4Xs,Purse Seine
455887,2019-07-23,204,Lurcher,43.91701667,-66.5047,2019-09-16,259,Scots Bay,NA,NA,NA,55,complete.returns,,4Xq,4Xs,Purse Seine
455889,2019-07-23,204,Lurcher,43.91701667,-66.5047,2019-09-03,246,Scots Bay,NA,NA,NA,42,complete.returns,,4Xq,4Xs,Purse Seine
459121,2019-07-07,188,Scots Bay,45.11374167,-65.0137,2019-07-22,203,Scots Bay,NA,NA,NA,15,complete.returns,,4Xr,4Xs,Purse Seine
459703,2019-08-19,231,Scots Bay,45.04741667,-65.2312,2019-08-21,233,Scots Bay,NA,NA,NA,2,complete.returns,,4Xr,4Xs,Purse Seine
459975,2019-09-02,245,Scots Bay,45.15295,-64.9417,2019-09-03,246,Scots Bay,NA,NA,NA,1,complete.returns,,4Xr,4Xs,Purse Seine
459985,2019-09-02,245,Scots Bay,45.15295,-64.9417,2019-09-04,247,Scots Bay,NA,NA,NA,2,complete.returns,,4Xr,4Xs,Purse Seine
461393,2018-09-03,246,Scots Bay,45.178,-64.9832,2018-09-04,247,Scots Bay,NA,NA,NA,1,complete.returns,,4Xr,4Xs,Purse Seine
550159,2020-08-10,223,Scots Bay,45.11367,-65.016,2020-08-11,224,Scots Bay,NA,NA,NA,1,complete.returns,,4Xr,4Xs,Purse Seine
488050,2021-08-30,242,Scots Bay,45.13433333,-65.03716667,2021-09-01,244,Scots Bay,NA,NA,51,2,complete.returns,,4Xr,4Xs,Purse Seine
488122,2021-08-30,242,Scots Bay,45.13433333,-65.03716667,2021-09-01,244,Scots Bay,NA,NA,51,2,complete.returns,,4Xr,4Xs,Purse Seine
488142,2021-08-30,242,Scots Bay,45.13433333,-65.03716667,2021-09-01,244,Scots Bay,NA,NA,78,2,complete.returns,,4Xr,4Xs,Purse Seine
494926,2021-08-30,242,Scots Bay,45.13666667,-65.036,2021-09-01,244,Scots Bay,NA,NA,51,2,complete.returns,,4Xr,4Xs,Purse Seine
494947,2021-08-30,242,Scots Bay,45.13666667,-65.036,2021-09-01,244,Scots Bay,NA,NA,78,2,complete.returns,,4Xr,4Xs,Purse Seine
453405,2017-07-27,208,German Bank,43.43233333,-66.4178,2023-04-19,109,Scots Bay,NA,NA,NA,2092,complete.returns,,4Xq,4Xs,N/A
577836,2023-09-06,249,Scots Bay,45.15833333,-65.01138889,2023-09-11,254,Scots Bay,NA,NA,NA,5,complete.returns,,4Xr,4Xs,Purse Seine
497303,2023-06-12,163,Trinity,44.1,-66.48333333,2023-07-03,184,Scots Bay,NA,NA,63,21,complete.returns,,4Xr,4Xs,Purse Seine
497202,2023-06-12,163,Trinity,44.1,-66.48333333,2023-07-03,184,Scots Bay,NA,NA,63,21,complete.returns,,4Xr,4Xs,Purse Seine
500644,2022-08-09,221,Scots Bay,45.16556667,-64.94023333,2023-08-29,241,Scots Bay,NA,NA,69,385,complete.returns,,4Xr,4Xs,Purse Seine
564113,2023-08-28,240,Scots Bay,45.14111111,-65.05194444,2023-08-29,241,Scots Bay,NA,NA,69,1,complete.returns,,4Xr,4Xs,Purse Seine
572422,2023-08-27,239,Scots Bay,45.13527778,-65.06972222,2023-08-29,241,Scots Bay,NA,NA,69,2,complete.returns,,4Xr,4Xs,Purse Seine
572298,2023-08-27,239,Scots Bay,45.13527778,-65.06972222,2023-08-29,241,Scots Bay,NA,NA,69,2,complete.returns,,4Xr,4Xs,Purse Seine
564084,2023-08-28,240,Scots Bay,45.14111111,-65.05194444,2023-08-29,241,Scots Bay,NA,NA,69,1,complete.returns,,4Xr,4Xs,Purse Seine
502038,2022-08-22,234,Scots Bay,45.12246667,-65.05455,2023-09-08,251,Scots Bay,NA,NA,119,382,complete.returns,,4Xr,4Xs,Purse Seine
567078,2023-08-29,241,Scots Bay,45.20138889,-64.88638889,2023-09-08,251,Scots Bay,NA,NA,119,10,complete.returns,,4Xr,4Xs,Purse Seine
471622,2023-08-28,240,Scots Bay,45.1925,-64.8775,2023-09-08,251,Scots Bay,NA,NA,119,11,complete.returns,,4Xr,4Xs,Purse Seine
471763,2023-08-29,241,Scots Bay,45.21111111,-64.8225,2023-09-08,251,Scots Bay,NA,NA,119,10,complete.returns,,4Xr,4Xs,Purse Seine
471817,2023-08-29,241,Scots Bay,45.21111111,-64.8225,2023-09-08,251,Scots Bay,NA,NA,119,10,complete.returns,,4Xr,4Xs,Purse Seine
567228,2023-08-29,241,Scots Bay,45.20138889,-64.88638889,2023-09-08,251,Scots Bay,NA,NA,119,10,complete.returns,,4Xr,4Xs,Purse Seine
564912,2023-08-28,240,Scots Bay,45.18027778,-64.95611111,2023-09-08,251,Scots Bay,NA,NA,119,11,complete.returns,,4Xr,4Xs,Purse Seine
564820,2023-08-28,240,Scots Bay,45.18027778,-64.95611111,2023-09-08,251,Scots Bay,NA,NA,119,11,complete.returns,,4Xr,4Xs,Purse Seine
564499,2023-08-29,241,Scots Bay,45.19805556,-64.85777778,2023-09-08,251,Scots Bay,NA,NA,119,10,complete.returns,,4Xr,4Xs,Purse Seine
564525,2023-08-29,241,Scots Bay,45.19805556,-64.85777778,2023-09-08,251,Scots Bay,NA,NA,119,10,complete.returns,,4Xr,4Xs,Purse Seine
567237,2023-08-29,241,Scots Bay,45.20138889,-64.88638889,2023-09-08,251,Scots Bay,NA,NA,119,10,complete.returns,,4Xr,4Xs,Purse Seine
567203,2023-08-29,241,Scots Bay,45.20138889,-64.88638889,2023-09-08,251,Scots Bay,NA,NA,119,10,complete.returns,,4Xr,4Xs,Purse Seine
564954,2023-08-28,240,Scots Bay,45.18027778,-64.95611111,2023-09-08,251,Scots Bay,NA,NA,119,11,complete.returns,,4Xr,4Xs,Purse Seine
567113,2023-08-29,241,Scots Bay,45.20138889,-64.88638889,2023-09-08,251,Scots Bay,NA,NA,119,10,complete.returns,,4Xr,4Xs,Purse Seine
471890,2023-08-29,241,Scots Bay,45.21111111,-64.8225,2023-09-08,251,Scots Bay,NA,NA,119,10,complete.returns,,4Xr,4Xs,Purse Seine
572459,2023-08-27,239,Scots Bay,45.13527778,-65.06972222,2023-09-08,251,Scots Bay,NA,NA,119,12,complete.returns,,4Xr,4Xs,Purse Seine
471797,2023-08-29,241,Scots Bay,45.21111111,-64.8225,2023-09-08,251,Scots Bay,NA,NA,119,10,complete.returns,,4Xr,4Xs,Purse Seine
471910,2023-08-29,241,Scots Bay,45.21111111,-64.8225,2023-09-08,251,Scots Bay,NA,NA,119,10,complete.returns,,4Xr,4Xs,Purse Seine
564874,2023-08-28,240,Scots Bay,45.18027778,-64.95611111,2023-09-08,251,Scots Bay,NA,NA,119,11,complete.returns,,4Xr,4Xs,Purse Seine
569124,2023-08-29,241,Scots Bay,45.15777778,-65.03361111,2023-09-08,251,Scots Bay,NA,NA,119,10,complete.returns,,4Xr,4Xs,Purse Seine
564657,2023-08-28,240,Scots Bay,45.18027778,-64.95611111,2023-09-08,251,Scots Bay,NA,NA,119,11,complete.returns,,4Xr,4Xs,Purse Seine
567151,2023-08-29,241,Scots Bay,45.20138889,-64.88638889,2023-09-08,251,Scots Bay,NA,NA,119,10,complete.returns,,4Xr,4Xs,Purse Seine
564811,2023-08-28,240,Scots Bay,45.18027778,-64.95611111,2023-09-08,251,Scots Bay,NA,NA,119,11,complete.returns,,4Xr,4Xs,Purse Seine
564514,2023-08-29,241,Scots Bay,45.19805556,-64.85777778,2023-09-08,251,Scots Bay,NA,NA,119,10,complete.returns,,4Xr,4Xs,Purse Seine
564603,2023-08-29,241,Scots Bay,45.19805556,-64.85777778,2023-09-08,251,Scots Bay,NA,NA,119,10,complete.returns,,4Xr,4Xs,Purse Seine
471489,2023-08-28,240,Scots Bay,45.1925,-64.8775,2023-09-08,251,Scots Bay,NA,NA,119,11,complete.returns,,4Xr,4Xs,Purse Seine
564777,2023-08-28,240,Scots Bay,45.18027778,-64.95611111,2023-09-08,251,Scots Bay,NA,NA,119,11,complete.returns,,4Xr,4Xs,Purse Seine
471716,2023-08-28,240,Scots Bay,45.1633,-64.9931,2023-09-08,251,Scots Bay,NA,NA,119,11,complete.returns,,4Xr,4Xs,Purse Seine
564798,2023-08-28,240,Scots Bay,45.18027778,-64.95611111,2023-09-08,251,Scots Bay,NA,NA,119,11,complete.returns,,4Xr,4Xs,Purse Seine
564667,2023-08-28,240,Scots Bay,45.18027778,-64.95611111,2023-09-08,251,Scots Bay,NA,NA,119,11,complete.returns,,4Xr,4Xs,Purse Seine
567215,2023-08-29,241,Scots Bay,45.20138889,-64.88638889,2023-09-08,251,Scots Bay,NA,NA,119,10,complete.returns,,4Xr,4Xs,Purse Seine
567240,2023-08-29,241,Scots Bay,45.20138889,-64.88638889,2023-09-08,251,Scots Bay,NA,NA,119,10,complete.returns,,4Xr,4Xs,Purse Seine
569157,2023-08-29,241,Scots Bay,45.15777778,-65.03361111,2023-09-08,251,Scots Bay,NA,NA,119,10,complete.returns,,4Xr,4Xs,Purse Seine
564759,2023-08-28,240,Scots Bay,45.18027778,-64.95611111,2023-09-08,251,Scots Bay,NA,NA,119,11,complete.returns,,4Xr,4Xs,Purse Seine
567174,2023-08-29,241,Scots Bay,45.20138889,-64.88638889,2023-09-08,251,Scots Bay,NA,NA,119,10,complete.returns,,4Xr,4Xs,Purse Seine
567173,2023-08-29,241,Scots Bay,45.20138889,-64.88638889,2023-09-08,251,Scots Bay,NA,NA,119,10,complete.returns,,4Xr,4Xs,Purse Seine
502154,2022-08-24,236,Scots Bay,45.16295,-64.94386667,2023-09-08,251,Scots Bay,NA,NA,119,380,complete.returns,,4Xr,4Xs,Purse Seine
567255,2023-08-29,241,Scots Bay,45.20138889,-64.88638889,2023-09-08,251,Scots Bay,NA,NA,119,10,complete.returns,,4Xr,4Xs,Purse Seine
471756,2023-08-29,241,Scots Bay,45.21111111,-64.8225,2023-09-08,251,Scots Bay,NA,NA,119,10,complete.returns,,4Xr,4Xs,Purse Seine
572285,2023-08-27,239,Scots Bay,45.13527778,-65.06972222,2023-09-08,251,Scots Bay,NA,NA,119,12,complete.returns,,4Xr,4Xs,Purse Seine
471903,2023-08-29,241,Scots Bay,45.21111111,-64.8225,2023-09-08,251,Scots Bay,NA,NA,119,10,complete.returns,,4Xr,4Xs,Purse Seine
564888,2023-08-28,240,Scots Bay,45.18027778,-64.95611111,2023-09-08,251,Scots Bay,NA,NA,119,11,complete.returns,,4Xr,4Xs,Purse Seine
564725,2023-08-28,240,Scots Bay,45.18027778,-64.95611111,2023-09-08,251,Scots Bay,NA,NA,119,11,complete.returns,,4Xr,4Xs,Purse Seine
471645,2023-08-28,240,Scots Bay,45.1633,-64.9931,2023-09-08,251,Scots Bay,NA,NA,119,11,complete.returns,,4Xr,4Xs,Purse Seine
471626,2023-08-28,240,Scots Bay,45.1925,-64.8775,2023-09-08,251,Scots Bay,NA,NA,119,11,complete.returns,,4Xr,4Xs,Purse Seine
569529,2023-08-30,242,Long Island,44.295,-66.42,2023-09-08,251,Scots Bay,NA,NA,119,9,complete.returns,,4Xr,4Xs,Purse Seine
471787,2023-08-29,241,Scots Bay,45.21111111,-64.8225,2023-09-08,251,Scots Bay,NA,NA,119,10,complete.returns,,4Xr,4Xs,Purse Seine
471490,2023-08-28,240,Scots Bay,45.1925,-64.8775,2023-09-08,251,Scots Bay,NA,NA,119,11,complete.returns,,4Xr,4Xs,Purse Seine
564172,2023-08-28,240,Scots Bay,45.14111111,-65.05194444,2023-09-08,251,Scots Bay,NA,NA,119,11,complete.returns,,4Xr,4Xs,Purse Seine
567155,2023-08-29,241,Scots Bay,45.20138889,-64.88638889,2023-09-08,251,Scots Bay,NA,NA,119,10,complete.returns,,4Xr,4Xs,Purse Seine
564721,2023-08-28,240,Scots Bay,45.18027778,-64.95611111,2023-09-08,251,Scots Bay,NA,NA,119,11,complete.returns,,4Xr,4Xs,Purse Seine
567080,2023-08-29,241,Scots Bay,45.20138889,-64.88638889,2023-09-08,251,Scots Bay,NA,NA,119,10,complete.returns,,4Xr,4Xs,Purse Seine
577847,2023-09-06,249,Scots Bay,45.15833333,-65.01138889,2023-09-12,255,Scots Bay,NA,NA,94,6,complete.returns,,4Xr,4Xs,Purse Seine
567024,2023-08-29,241,Scots Bay,45.20138889,-64.88638889,2023-09-12,255,Scots Bay,NA,NA,94,14,complete.returns,,4Xr,4Xs,Purse Seine
567202,2023-08-29,241,Scots Bay,45.20138889,-64.88638889,2023-09-12,255,Scots Bay,NA,NA,94,14,complete.returns,,4Xr,4Xs,Purse Seine
471494,2023-08-28,240,Scots Bay,45.1925,-64.8775,2023-09-12,255,Scots Bay,NA,NA,94,15,complete.returns,,4Xr,4Xs,Purse Seine
564723,2023-08-28,240,Scots Bay,45.18027778,-64.95611111,2023-09-12,255,Scots Bay,NA,NA,94,15,complete.returns,,4Xr,4Xs,Purse Seine
564853,2023-08-28,240,Scots Bay,45.18027778,-64.95611111,2023-09-12,255,Scots Bay,NA,NA,94,15,complete.returns,,4Xr,4Xs,Purse Seine
577931,2023-09-06,249,Scots Bay,45.15833333,-65.01138889,2023-09-12,255,Scots Bay,NA,NA,94,6,complete.returns,,4Xr,4Xs,Purse Seine
577763,2023-09-06,249,Scots Bay,45.15833333,-65.01138889,2023-09-12,255,Scots Bay,NA,NA,94,6,complete.returns,,4Xr,4Xs,Purse Seine
471824,2023-08-29,241,Scots Bay,45.21111111,-64.8225,2023-09-12,255,Scots Bay,NA,NA,94,14,complete.returns,,4Xr,4Xs,Purse Seine
569617,2023-08-30,242,Long Island,44.295,-66.42,2023-09-12,255,Scots Bay,NA,NA,94,13,complete.returns,,4Xr,4Xs,Purse Seine
569582,2023-08-30,242,Long Island,44.295,-66.42,2023-09-12,255,Scots Bay,NA,NA,94,13,complete.returns,,4Xr,4Xs,Purse Seine
578846,2023-09-07,250,Scots Bay,45.11333333,-65.09944444,2023-09-12,255,Scots Bay,NA,NA,94,5,complete.returns,,4Xr,4Xs,Purse Seine
471773,2023-08-29,241,Scots Bay,45.21111111,-64.8225,2023-09-12,255,Scots Bay,NA,NA,94,14,complete.returns,,4Xr,4Xs,Purse Seine
564749,2023-08-28,240,Scots Bay,45.18027778,-64.95611111,2023-09-12,255,Scots Bay,NA,NA,94,15,complete.returns,,4Xr,4Xs,Purse Seine
578951,2023-09-07,250,Scots Bay,45.11333333,-65.09944444,2023-09-12,255,Scots Bay,NA,NA,94,5,complete.returns,,4Xr,4Xs,Purse Seine
578962,2023-09-07,250,Scots Bay,45.11333333,-65.09944444,2023-09-12,255,Scots Bay,NA,NA,94,5,complete.returns,,4Xr,4Xs,Purse Seine
578970,2023-09-07,250,Scots Bay,45.11333333,-65.09944444,2023-09-12,255,Scots Bay,NA,NA,94,5,complete.returns,,4Xr,4Xs,Purse Seine
564754,2023-08-28,240,Scots Bay,45.18027778,-64.95611111,2023-09-12,255,Scots Bay,NA,NA,94,15,complete.returns,,4Xr,4Xs,Purse Seine
578875,2023-09-07,250,Scots Bay,45.11333333,-65.09944444,2023-09-12,255,Scots Bay,NA,NA,94,5,complete.returns,,4Xr,4Xs,Purse Seine
577853,2023-09-06,249,Scots Bay,45.15833333,-65.01138889,2023-09-12,255,Scots Bay,NA,NA,94,6,complete.returns,,4Xr,4Xs,Purse Seine
564782,2023-08-28,240,Scots Bay,45.18027778,-64.95611111,2023-09-12,255,Scots Bay,NA,NA,94,15,complete.returns,,4Xr,4Xs,Purse Seine
577934,2023-09-06,249,Scots Bay,45.15833333,-65.01138889,2023-09-12,255,Scots Bay,NA,NA,94,6,complete.returns,,4Xr,4Xs,Purse Seine
578805,2023-09-07,250,Scots Bay,45.11333333,-65.09944444,2023-09-12,255,Scots Bay,NA,NA,94,5,complete.returns,,4Xr,4Xs,Purse Seine
577754,2023-09-06,249,Scots Bay,45.15833333,-65.01138889,2023-09-12,255,Scots Bay,NA,NA,94,6,complete.returns,,4Xr,4Xs,Purse Seine
502060,2022-08-24,236,Scots Bay,45.16295,-64.94386667,2023-09-12,255,Scots Bay,NA,NA,94,384,complete.returns,,4Xr,4Xs,Purse Seine
569841,2023-09-12,255,Long Island,44.29472222,-66.34027778,2023-09-26,269,Scots Bay,NA,NA,110,14,complete.returns,,4Xr,4Xs,Purse Seine
567852,2023-09-10,253,Scots Bay,45.13833333,-65.0175,2023-09-26,269,Scots Bay,NA,NA,110,16,complete.returns,,4Xr,4Xs,Purse Seine
567811,2023-09-10,253,Scots Bay,45.13833333,-65.0175,2023-09-26,269,Scots Bay,NA,NA,110,16,complete.returns,,4Xr,4Xs,Purse Seine
567978,2023-09-10,253,Scots Bay,45.13833333,-65.0175,2023-09-26,269,Scots Bay,NA,NA,110,16,complete.returns,,4Xr,4Xs,Purse Seine
567827,2023-09-10,253,Scots Bay,45.13833333,-65.0175,2023-09-26,269,Scots Bay,NA,NA,110,16,complete.returns,,4Xr,4Xs,Purse Seine
564900,2023-08-28,240,Scots Bay,45.18027778,-64.95611111,2023-09-26,269,Scots Bay,NA,NA,110,29,complete.returns,,4Xr,4Xs,Purse Seine
528685,2023-09-11,254,Scots Bay,45.14333333,-65.03972222,2023-09-26,269,Scots Bay,NA,NA,110,15,complete.returns,,4Xr,4Xs,Purse Seine
528662,2023-09-11,254,Scots Bay,45.14333333,-65.03972222,2023-09-26,269,Scots Bay,NA,NA,110,15,complete.returns,,4Xr,4Xs,Purse Seine
567921,2023-09-10,253,Scots Bay,45.13833333,-65.0175,2023-09-26,269,Scots Bay,NA,NA,110,16,complete.returns,,4Xr,4Xs,Purse Seine
567742,2023-09-10,253,Scots Bay,45.13833333,-65.0175,2023-09-26,269,Scots Bay,NA,NA,110,16,complete.returns,,4Xr,4Xs,Purse Seine
528600,2023-09-11,254,Scots Bay,45.14333333,-65.03972222,2023-09-26,269,Scots Bay,NA,NA,110,15,complete.returns,,4Xr,4Xs,Purse Seine
564455,2023-08-29,241,Scots Bay,45.19805556,-64.85777778,2023-09-26,269,Scots Bay,NA,NA,110,28,complete.returns,,4Xr,4Xs,Purse Seine
567141,2023-08-29,241,Scots Bay,45.20138889,-64.88638889,2023-09-07,250,Scots Bay,NA,NA,129,9,complete.returns,,4Xr,4Xs,Purse Seine
567191,2023-08-29,241,Scots Bay,45.20138889,-64.88638889,2023-09-07,250,Scots Bay,NA,NA,129,9,complete.returns,,4Xr,4Xs,Purse Seine
564321,2023-08-29,241,Scots Bay,45.19805556,-64.85777778,2023-09-10,253,Scots Bay,NA,NA,129,12,complete.returns,,4Xr,4Xs,Purse Seine
498755,2022-08-22,234,Scots Bay,45.1461,-64.99368333,2023-09-07,250,Scots Bay,NA,NA,129,381,complete.returns,,4Xr,4Xs,Purse Seine 
567187,2023-08-29,241,Scots Bay,45.20138889,-64.88638889,2023-09-07,250,Scots Bay,NA,NA,129,9,complete.returns,,4Xr,4Xs,Purse Seine
564948,2023-08-28,240,Scots Bay,45.18027778,-64.95611111,2023-09-07,250,Scots Bay,NA,NA,129,10,complete.returns,,4Xr,4Xs,Purse Seine
564390,2023-08-29,241,Scots Bay,45.19805556,-64.85777778,2023-09-07,250,Scots Bay,NA,NA,129,9,complete.returns,,4Xr,4Xs,Purse Seine
567283,2023-08-29,241,Scots Bay,45.20138889,-64.88638889,2023-09-07,250,Scots Bay,NA,NA,129,9,complete.returns,,4Xr,4Xs,Purse Seine
567195,2023-08-29,241,Scots Bay,45.20138889,-64.88638889,2023-09-07,250,Scots Bay,NA,NA,129,9,complete.returns,,4Xr,4Xs,Purse Seine
564552,2023-08-29,241,Scots Bay,45.19805556,-64.85777778,2023-09-07,250,Scots Bay,NA,NA,129,9,complete.returns,,4Xr,4Xs,Purse Seine
564006,2023-08-28,240,Scots Bay,45.14111111,-65.05194444,2023-09-07,250,Scots Bay,NA,NA,129,10,complete.returns,,4Xr,4Xs,Purse Seine
567124,2023-08-29,241,Scots Bay,45.20138889,-64.88638889,2023-09-07,250,Scots Bay,NA,NA,129,9,complete.returns,,4Xr,4Xs,Purse Seine
471801,2023-08-29,241,Scots Bay,45.21111111,-64.8225,2023-09-07,250,Scots Bay,NA,NA,129,9,complete.returns,,4Xr,4Xs,Purse Seine
569083,2023-08-29,241,Scots Bay,45.15777778,-65.03361111,2023-09-07,250,Scots Bay,NA,NA,129,9,complete.returns,,4Xr,4Xs,Purse Seine
471782,2023-08-29,241,Scots Bay,45.21111111,-64.8225,2023-09-07,250,Scots Bay,NA,NA,129,9,complete.returns,,4Xr,4Xs,Purse Seine
471864,2023-08-29,241,Scots Bay,45.21111111,-64.8225,2023-09-07,250,Scots Bay,NA,NA,129,9,complete.returns,,4Xr,4Xs,Purse Seine
564001,2023-08-28,240,Scots Bay,45.14111111,-65.05194444,2023-09-07,250,Scots Bay,NA,NA,129,10,complete.returns,,4Xr,4Xs,Purse Seine
564177,2023-08-28,240,Scots Bay,45.14111111,-65.05194444,2023-09-07,250,Scots Bay,NA,NA,129,10,complete.returns,,4Xr,4Xs,Purse Seine
471882,2023-08-29,241,Scots Bay,45.21111111,-64.8225,2023-09-07,250,Scots Bay,NA,NA,129,9,complete.returns,,4Xr,4Xs,Purse Seine
567276,2023-08-29,241,Scots Bay,45.20138889,-64.88638889,2023-09-07,250,Scots Bay,NA,NA,129,9,complete.returns,,4Xr,4Xs,Purse Seine
567190,2023-08-29,241,Scots Bay,45.20138889,-64.88638889,2023-09-07,250,Scots Bay,NA,NA,129,9,complete.returns,,4Xr,4Xs,Purse Seine
471828,2023-08-29,241,Scots Bay,45.21111111,-64.8225,2023-09-07,250,Scots Bay,NA,NA,129,9,complete.returns,,4Xr,4Xs,Purse Seine
564522,2023-08-29,241,Scots Bay,45.19805556,-64.85777778,2023-09-07,250,Scots Bay,NA,NA,129,9,complete.returns,,4Xr,4Xs,Purse Seine
567159,2023-08-29,241,Scots Bay,45.20138889,-64.88638889,2023-09-07,250,Scots Bay,NA,NA,129,9,complete.returns,,4Xr,4Xs,Purse Seine
564576,2023-08-29,241,Scots Bay,45.19805556,-64.85777778,2023-09-07,250,Scots Bay,NA,NA,129,9,complete.returns,,4Xr,4Xs,Purse Seine 
564150,2023-08-28,240,Scots Bay,45.14111111,-65.05194444,2023-09-07,250,Scots Bay,NA,NA,129,10,complete.returns,,4Xr,4Xs,Purse Seine
564538,2023-08-29,241,Scots Bay,45.19805556,-64.85777778,2023-09-07,250,Scots Bay,NA,NA,129,9,complete.returns,,4Xr,4Xs,Purse Seine
564414,2023-08-29,241,Scots Bay,45.19805556,-64.85777778,2023-09-07,250,Scots Bay,NA,NA,129,9,complete.returns,,4Xr,4Xs,Purse Seine
567092,2023-08-29,241,Scots Bay,45.20138889,-64.88638889,2023-09-07,250,Scots Bay,NA,NA,129,9,complete.returns,,4Xr,4Xs,Purse Seine
471740,2023-08-29,241,Scots Bay,45.21111111,-64.8225,2023-09-07,250,Scots Bay,NA,NA,129,9,complete.returns,,4Xr,4Xs,Purse Seine
471820,2023-08-29,241,Scots Bay,45.21111111,-64.8225,2023-09-07,250,Scots Bay,NA,NA,129,9,complete.returns,,4Xr,4Xs,Purse Seine
471816,2023-08-29,241,Scots Bay,45.21111111,-64.8225,2023-09-07,250,Scots Bay,NA,NA,129,9,complete.returns,,4Xr,4Xs,Purse Seine
567225,2023-08-29,241,Scots Bay,45.20138889,-64.88638889,2023-09-07,250,Scots Bay,NA,NA,129,9,complete.returns,,4Xr,4Xs,Purse Seine
564846,2023-08-28,240,Scots Bay,45.18027778,-64.95611111,2023-09-07,250,Scots Bay,NA,NA,129,10,complete.returns,,4Xr,4Xs,Purse Seine
471641,2023-08-28,240,Scots Bay,45.1633,-64.9931,2023-09-07,250,Scots Bay,NA,NA,129,10,complete.returns,,4Xr,4Xs,Purse Seine
471766,2023-08-29,241,Scots Bay,45.21111111,-64.8225,2023-09-07,250,Scots Bay,NA,NA,129,9,complete.returns,,4Xr,4Xs,Purse Seine
564193,2023-08-28,240,Scots Bay,45.14111111,-65.05194444,2023-09-07,250,Scots Bay,NA,NA,129,10,complete.returns,,4Xr,4Xs,Purse Seine
567273,2023-08-29,241,Scots Bay,45.20138889,-64.88638889,2023-09-07,250,Scots Bay,NA,NA,129,9,complete.returns,,4Xr,4Xs,Purse Seine
564636,2023-08-29,241,Scots Bay,45.19805556,-64.85777778,2023-09-07,250,Scots Bay,NA,NA,129,9,complete.returns,,4Xr,4Xs,Purse Seine
564304,2023-08-29,241,Scots Bay,45.19805556,-64.85777778,2023-09-07,250,Scots Bay,NA,NA,129,9,complete.returns,,4Xr,4Xs,Purse Seine
564769,2023-08-28,240,Scots Bay,45.18027778,-64.95611111,2023-09-07,250,Scots Bay,NA,NA,129,10,complete.returns,,4Xr,4Xs,Purse Seine
564307,2023-08-29,241,Scots Bay,45.19805556,-64.85777778,2023-09-07,250,Scots Bay,NA,NA,129,9,complete.returns,,4Xr,4Xs,Purse Seine
569115,2023-08-29,241,Scots Bay,45.15777778,-65.03361111,2023-09-07,250,Scots Bay,NA,NA,129,9,complete.returns,,4Xr,4Xs,Purse Seine
564412,2023-08-29,241,Scots Bay,45.19805556,-64.85777778,2023-09-07,250,Scots Bay,NA,NA,129,9,complete.returns,,4Xr,4Xs,Purse Seine
564015,2023-08-28,240,Scots Bay,45.14111111,-65.05194444,2023-09-07,250,Scots Bay,NA,NA,129,10,complete.returns,,4Xr,4Xs,Purse Seine
567241,2023-08-29,241,Scots Bay,45.20138889,-64.88638889,2023-09-07,250,Scots Bay,NA,NA,129,9,complete.returns,,4Xr,4Xs,Purse Seine
569212,2023-08-29,241,Scots Bay,45.18972222,-64.92277778,2023-09-07,250,Scots Bay,NA,NA,129,9,complete.returns,,4Xr,4Xs,Purse Seine
564712,2023-08-28,240,Scots Bay,45.18027778,-64.95611111,2023-09-07,250,Scots Bay,NA,NA,129,10,complete.returns,,4Xr,4Xs,Purse Seine 
572481,2023-08-27,239,Scots Bay,45.13527778,-65.06972222,2023-09-07,250,Scots Bay,NA,NA,129,11,complete.returns,,4Xr,4Xs,Purse Seine
564708,2023-08-28,240,Scots Bay,45.18027778,-64.95611111,2023-09-07,250,Scots Bay,NA,NA,129,10,complete.returns,,4Xr,4Xs,Purse Seine
567193,2023-08-29,241,Scots Bay,45.20138889,-64.88638889,2023-09-07,250,Scots Bay,NA,NA,129,9,complete.returns,,4Xr,4Xs,Purse Seine
564901,2023-08-28,240,Scots Bay,45.18027778,-64.95611111,2023-09-07,250,Scots Bay,NA,NA,129,10,complete.returns,,4Xr,4Xs,Purse Seine
567249,2023-08-29,241,Scots Bay,45.20138889,-64.88638889,2023-09-07,250,Scots Bay,NA,NA,129,9,complete.returns,,4Xr,4Xs,Purse Seine
564930,2023-08-28,240,Scots Bay,45.18027778,-64.95611111,2023-09-07,250,Scots Bay,NA,NA,129,10,complete.returns,,4Xr,4Xs,Purse Seine
564841,2023-08-28,240,Scots Bay,45.18027778,-64.95611111,2023-09-07,250,Scots Bay,NA,NA,129,10,complete.returns,,4Xr,4Xs,Purse Seine
564970,2023-08-28,240,Scots Bay,45.18027778,-64.95611111,2023-09-07,250,Scots Bay,NA,NA,129,10,complete.returns,,4Xr,4Xs,Purse Seine
567025,2023-08-29,241,Scots Bay,45.20138889,-64.88638889,2023-09-07,250,Scots Bay,NA,NA,129,9,complete.returns,,4Xr,4Xs,Purse Seine
564343,2023-08-29,241,Scots Bay,45.19805556,-64.85777778,2023-09-07,250,Scots Bay,NA,NA,129,9,complete.returns,,4Xr,4Xs,Purse Seine
502285,2022-08-24,236,Scots Bay,45.16295,-64.94386667,2023-09-07,250,Scots Bay,NA,NA,129,379,complete.returns,,4Xr,4Xs,Purse Seine
569550,2023-08-30,242,Long Island,44.295,-66.42,2023-09-12,255,Scots Bay,NA,NA,165,13,complete.returns,,4Xr,4Xs,Purse Seine
569645,2023-08-30,242,Long Island,44.295,-66.42,2023-09-12,255,Scots Bay,NA,NA,165,13,complete.returns,,4Xr,4Xs,Purse Seine
530118,2023-09-07,250,Scots Bay,45.11111111,-65.10277778,2023-09-12,255,Scots Bay,NA,NA,165,5,complete.returns,,4Xr,4Xs,Purse Seine
567112,2023-08-29,241,Scots Bay,45.20138889,-64.88638889,2023-09-12,255,Scots Bay,NA,NA,165,14,complete.returns,,4Xr,4Xs,Purse Seine
578804,2023-09-07,250,Scots Bay,45.11333333,-65.09944444,2023-09-12,255,Scots Bay,NA,NA,165,5,complete.returns,,4Xr,4Xs,Purse Seine
569594,2023-08-30,242,Long Island,44.295,-66.42,2023-09-12,255,Scots Bay,NA,NA,165,13,complete.returns,,4Xr,4Xs,Purse Seine
471788,2023-08-29,241,Scots Bay,45.21111111,-64.8225,2023-09-12,255,Scots Bay,NA,NA,165,14,complete.returns,,4Xr,4Xs,Purse Seine
569480,2023-08-30,242,Long Island,44.295,-66.42,2023-09-12,255,Scots Bay,NA,NA,165,13,complete.returns,,4Xr,4Xs,Purse Seine
577896,2023-09-06,249,Scots Bay,45.15833333,-65.01138889,2023-09-12,255,Scots Bay,NA,NA,165,6,complete.returns,,4Xr,4Xs,Purse Seine
578996,2023-09-07,250,Scots Bay,45.11333333,-65.09944444,2023-09-12,255,Scots Bay,NA,NA,165,5,complete.returns,,4Xr,4Xs,Purse Seine
567149,2023-08-29,241,Scots Bay,45.20138889,-64.88638889,2023-09-12,255,Scots Bay,NA,NA,165,14,complete.returns,,4Xr,4Xs,Purse Seine
577765,2023-09-06,249,Scots Bay,45.15833333,-65.01138889,2023-09-12,255,Scots Bay,NA,NA,165,6,complete.returns,,4Xr,4Xs,Purse Seine
530062,2023-09-07,250,Scots Bay,45.11111111,-65.10277778,2023-09-12,255,Scots Bay,NA,NA,165,5,complete.returns,,4Xr,4Xs,Purse Seine
530003,2023-09-07,250,Scots Bay,45.11111111,-65.10277778,2023-09-12,255,Scots Bay,NA,NA,165,5,complete.returns,,4Xr,4Xs,Purse Seine
577889,2023-09-06,249,Scots Bay,45.15833333,-65.01138889,2023-09-12,255,Scots Bay,NA,NA,165,6,complete.returns,,4Xr,4Xs,Purse Seine
567264,2023-08-29,241,Scots Bay,45.20138889,-64.88638889,2023-09-12,255,Scots Bay,NA,NA,165,14,complete.returns,,4Xr,4Xs,Purse Seine
569632,2023-08-30,242,Long Island,44.295,-66.42,2023-09-12,255,Scots Bay,NA,NA,165,13,complete.returns,,4Xr,4Xs,Purse Seine
497255,2023-06-12,163,Trinity,44.1,-66.48333333,2023-09-12,255,Scots Bay,NA,NA,165,92,complete.returns,,4Xr,4Xs,Purse Seine
530032,2023-09-07,250,Scots Bay,45.11111111,-65.10277778,2023-09-12,255,Scots Bay,NA,NA,165,5,complete.returns,,4Xr,4Xs,Purse Seine
567580,2023-09-03,246,German Bank,43.27138889,-66.37361111,2023-09-15,258,Scots Bay,NA,NA,165,12,complete.returns,,4Xq,4Xs,Purse Seine
564517,2023-08-29,241,Scots Bay,45.19805556,-64.85777778,2023-09-17,260,Scots Bay,NA,NA,106,19,complete.returns,,4Xr,4Xs,Purse Seine
502232,2022-08-24,236,Scots Bay,45.16295,-64.94386667,2023-08-29,241,Scots Bay,NA,NA,102,370,complete.returns,,4Xr,4Xs,Purse Seine
502078,2022-08-24,236,Scots Bay,45.16295,-64.94386667,2023-09-12,255,Scots Bay,NA,NA,11,384,complete.returns,,4Xr,4Xs,Purse Seine
577857,2023-09-06,249,Scots Bay,45.15833333,-65.01138889,2023-09-12,255,Scots Bay,NA,NA,11,6,complete.returns,,4Xr,4Xs,Purse Seine
577764,2023-09-06,249,Scots Bay,45.15833333,-65.01138889,2023-09-12,255,Scots Bay,NA,NA,11,6,complete.returns,,4Xr,4Xs,Purse Seine
578869,2023-09-07,250,Scots Bay,45.11333333,-65.09944444,2023-09-12,255,Scots Bay,NA,NA,11,5,complete.returns,,4Xr,4Xs,Purse Seine
569611,2023-08-30,242,Long Island,44.295,-66.42,2023-09-12,255,Scots Bay,NA,NA,11,13,complete.returns,,4Xr,4Xs,Purse Seine
577933,2023-09-06,249,Scots Bay,45.15833333,-65.01138889,2023-09-12,255,Scots Bay,NA,NA,11,6,complete.returns,,4Xr,4Xs,Purse Seine
495472,2022-08-07,219,Scots Bay,45.15131667,-65.03181667,2023-09-12,255,Scots Bay,NA,NA,11,401,complete.returns,,4Xr,4Xs,Purse Seine
578964,2023-09-07,250,Scots Bay,45.11333333,-65.09944444,2023-09-12,255,Scots Bay,NA,NA,11,5,complete.returns,,4Xr,4Xs,Purse Seine
572434,2023-08-27,239,Scots Bay,45.13527778,-65.06972222,2023-08-29,241,Scots Bay,NA,NA,102,2,complete.returns,,4Xr,4Xs,Purse Seine
564167,2023-08-28,240,Scots Bay,45.14111111,-65.05194444,2023-08-29,241,Scots Bay,NA,NA,102,1,complete.returns,,4Xr,4Xs,Purse Seine
567738,2023-09-10,253,Scots Bay,45.13833333,-65.0175,2023-09-26,269,Scots Bay,NA,NA,136,16,complete.returns,,4Xr,4Xs,Purse Seine
567863,2023-09-10,253,Scots Bay,45.13833333,-65.0175,2023-09-26,269,Scots Bay,NA,NA,136,16,complete.returns,,4Xr,4Xs,Purse Seine 
567883,2023-09-10,253,Scots Bay,45.13833333,-65.0175,2023-09-25,268,Scots Bay,NA,NA,126,15,complete.returns,,4Xr,4Xs,Purse Seine
567819,2023-09-10,253,Scots Bay,45.13833333,-65.0175,2023-09-25,268,Scots Bay,NA,NA,126,15,complete.returns,,4Xr,4Xs,Purse Seine 
591121,2023-06-07,158,Scots Bay,45.28333333,-64.83333333,2023-06-08,159,Scots Bay,NA,NA,45,1,complete.returns,,4Xr,4Xs,Purse Seine
563867,2023-08-20,232,Scots Bay,45.12166667,-65.05638889,2023-08-29,241,Scots Bay,NA,NA,34,9,complete.returns,Scots Bay (Area 8),4Xr,4Xs,Purse Seine
564044,2023-08-28,240,Scots Bay,45.14111111,-65.05194444,2023-08-29,241,Scots Bay,NA,NA,34,1,complete.returns,Scots Bay (Area 8),4Xr,4Xs,Purse Seine
564208,2023-08-28,240,Scots Bay,45.14111111,-65.05194444,2023-08-29,241,Scots Bay,NA,NA,34,1,complete.returns,Scots Bay (Area 8),4Xr,4Xs,Purse Seine
572488,2023-08-27,239,Scots Bay,45.13527778,-65.06972222,2023-08-29,241,Scots Bay,NA,NA,34,2,complete.returns,Scots Bay (Area 8),4Xr,4Xs,Purse Seine
564004,2023-08-28,240,Scots Bay,45.14111111,-65.05194444,2023-08-29,241,Scots Bay,NA,NA,17,1,complete.returns,Scots Bay (Area 8),4Xr,4Xs,Purse Seine
572293,2023-08-27,239,Scots Bay,45.13527778,-65.06972222,2023-08-29,241,Scots Bay,NA,NA,17,2,complete.returns,Scots Bay (Area 8),4Xr,4Xs,Purse Seine
471488,2023-08-28,240,Scots Bay,45.1925,-64.8775,2023-08-30,242,Scots Bay,NA,NA,74,2,complete.returns,Scots Bay (Area 8),4Xr,4Xs,Purse Seine
471497,2023-08-28,240,Scots Bay,45.1925,-64.8775,2023-08-30,242,Scots Bay,NA,NA,74,2,complete.returns,Scots Bay (Area 8),4Xr,4Xs,Purse Seine
471555,2023-08-28,240,Scots Bay,45.1925,-64.8775,2023-08-30,242,Scots Bay,NA,NA,74,2,complete.returns,Scots Bay (Area 8),4Xr,4Xs,Purse Seine
471570,2023-08-28,240,Scots Bay,45.1925,-64.8775,2023-08-30,242,Scots Bay,NA,NA,74,2,complete.returns,Scots Bay (Area 8),4Xr,4Xs,Purse Seine
471600,2023-08-28,240,Scots Bay,45.1925,-64.8775,2023-08-30,242,Scots Bay,NA,NA,74,2,complete.returns,Scots Bay (Area 8),4Xr,4Xs,Purse Seine
471601,2023-08-28,240,Scots Bay,45.1925,-64.8775,2023-08-30,242,Scots Bay,NA,NA,74,2,complete.returns,Scots Bay (Area 8),4Xr,4Xs,Purse Seine
471608,2023-08-28,240,Scots Bay,45.1925,-64.8775,2023-08-30,242,Scots Bay,NA,NA,74,2,complete.returns,Scots Bay (Area 8),4Xr,4Xs,Purse Seine
471619,2023-08-28,240,Scots Bay,45.1925,-64.8775,2023-08-30,242,Scots Bay,NA,NA,74,2,complete.returns,Scots Bay (Area 8),4Xr,4Xs,Purse Seine
471682,2023-08-28,240,Scots Bay,45.1633,-64.9931,2023-08-30,242,Scots Bay,NA,NA,74,2,complete.returns,Scots Bay (Area 8),4Xr,4Xs,Purse Seine
564012,2023-08-28,240,Scots Bay,45.14111111,-65.05194444,2023-08-30,242,Scots Bay,NA,NA,74,2,complete.returns,Scots Bay (Area 8),4Xr,4Xs,Purse Seine
564016,2023-08-28,240,Scots Bay,45.14111111,-65.05194444,2023-08-30,242,Scots Bay,NA,NA,74,2,complete.returns,Scots Bay (Area 8),4Xr,4Xs,Purse Seine
564043,2023-08-28,240,Scots Bay,45.14111111,-65.05194444,2023-08-30,242,Scots Bay,NA,NA,74,2,complete.returns,Scots Bay (Area 8),4Xr,4Xs,Purse Seine
564047,2023-08-28,240,Scots Bay,45.14111111,-65.05194444,2023-08-30,242,Scots Bay,NA,NA,74,2,complete.returns,Scots Bay (Area 8),4Xr,4Xs,Purse Seine
564052,2023-08-28,240,Scots Bay,45.14111111,-65.05194444,2023-08-30,242,Scots Bay,NA,NA,74,2,complete.returns,Scots Bay (Area 8),4Xr,4Xs,Purse Seine
564083,2023-08-28,240,Scots Bay,45.14111111,-65.05194444,2023-08-30,242,Scots Bay,NA,NA,74,2,complete.returns,Scots Bay (Area 8),4Xr,4Xs,Purse Seine
564111,2023-08-28,240,Scots Bay,45.14111111,-65.05194444,2023-08-30,242,Scots Bay,NA,NA,74,2,complete.returns,Scots Bay (Area 8),4Xr,4Xs,Purse Seine
564331,2023-08-29,241,Scots Bay,45.19805556,-64.85777778,2023-08-30,242,Scots Bay,NA,NA,74,1,complete.returns,Scots Bay (Area 8),4Xr,4Xs,Purse Seine
564335,2023-08-29,241,Scots Bay,45.19805556,-64.85777778,2023-08-30,242,Scots Bay,NA,NA,74,1,complete.returns,Scots Bay (Area 8),4Xr,4Xs,Purse Seine
564348,2023-08-29,241,Scots Bay,45.19805556,-64.85777778,2023-08-30,242,Scots Bay,NA,NA,74,1,complete.returns,Scots Bay (Area 8),4Xr,4Xs,Purse Seine
564373,2023-08-29,241,Scots Bay,45.19805556,-64.85777778,2023-08-30,242,Scots Bay,NA,NA,74,1,complete.returns,Scots Bay (Area 8),4Xr,4Xs,Purse Seine
564374,2023-08-29,241,Scots Bay,45.19805556,-64.85777778,2023-08-30,242,Scots Bay,NA,NA,74,1,complete.returns,Scots Bay (Area 8),4Xr,4Xs,Purse Seine
564379,2023-08-29,241,Scots Bay,45.19805556,-64.85777778,2023-08-30,242,Scots Bay,NA,NA,74,1,complete.returns,Scots Bay (Area 8),4Xr,4Xs,Purse Seine
564384,2023-08-29,241,Scots Bay,45.19805556,-64.85777778,2023-08-30,242,Scots Bay,NA,NA,74,1,complete.returns,Scots Bay (Area 8),4Xr,4Xs,Purse Seine
564407,2023-08-29,241,Scots Bay,45.19805556,-64.85777778,2023-08-30,242,Scots Bay,NA,NA,74,1,complete.returns,Scots Bay (Area 8),4Xr,4Xs,Purse Seine
564408,2023-08-29,241,Scots Bay,45.19805556,-64.85777778,2023-08-30,242,Scots Bay,NA,NA,74,1,complete.returns,Scots Bay (Area 8),4Xr,4Xs,Purse Seine
564410,2023-08-29,241,Scots Bay,45.19805556,-64.85777778,2023-08-30,242,Scots Bay,NA,NA,74,1,complete.returns,Scots Bay (Area 8),4Xr,4Xs,Purse Seine
564441,2023-08-29,241,Scots Bay,45.19805556,-64.85777778,2023-08-30,242,Scots Bay,NA,NA,74,1,complete.returns,Scots Bay (Area 8),4Xr,4Xs,Purse Seine
564451,2023-08-29,241,Scots Bay,45.19805556,-64.85777778,2023-08-30,242,Scots Bay,NA,NA,74,1,complete.returns,Scots Bay (Area 8),4Xr,4Xs,Purse Seine
564458,2023-08-29,241,Scots Bay,45.19805556,-64.85777778,2023-08-30,242,Scots Bay,NA,NA,74,1,complete.returns,Scots Bay (Area 8),4Xr,4Xs,Purse Seine
564474,2023-08-29,241,Scots Bay,45.19805556,-64.85777778,2023-08-30,242,Scots Bay,NA,NA,74,1,complete.returns,Scots Bay (Area 8),4Xr,4Xs,Purse Seine
564478,2023-08-29,241,Scots Bay,45.19805556,-64.85777778,2023-08-30,242,Scots Bay,NA,NA,74,1,complete.returns,Scots Bay (Area 8),4Xr,4Xs,Purse Seine
564481,2023-08-29,241,Scots Bay,45.19805556,-64.85777778,2023-08-30,242,Scots Bay,NA,NA,74,1,complete.returns,Scots Bay (Area 8),4Xr,4Xs,Purse Seine
564494,2023-08-29,241,Scots Bay,45.19805556,-64.85777778,2023-08-30,242,Scots Bay,NA,NA,74,1,complete.returns,Scots Bay (Area 8),4Xr,4Xs,Purse Seine
564500,2023-08-29,241,Scots Bay,45.19805556,-64.85777778,2023-08-30,242,Scots Bay,NA,NA,74,1,complete.returns,Scots Bay (Area 8),4Xr,4Xs,Purse Seine
564513,2023-08-29,241,Scots Bay,45.19805556,-64.85777778,2023-08-30,242,Scots Bay,NA,NA,74,1,complete.returns,Scots Bay (Area 8),4Xr,4Xs,Purse Seine
564550,2023-08-29,241,Scots Bay,45.19805556,-64.85777778,2023-08-30,242,Scots Bay,NA,NA,74,1,complete.returns,Scots Bay (Area 8),4Xr,4Xs,Purse Seine
564553,2023-08-29,241,Scots Bay,45.19805556,-64.85777778,2023-08-30,242,Scots Bay,NA,NA,74,1,complete.returns,Scots Bay (Area 8),4Xr,4Xs,Purse Seine
564555,2023-08-29,241,Scots Bay,45.19805556,-64.85777778,2023-08-30,242,Scots Bay,NA,NA,74,1,complete.returns,Scots Bay (Area 8),4Xr,4Xs,Purse Seine
564571,2023-08-29,241,Scots Bay,45.19805556,-64.85777778,2023-08-30,242,Scots Bay,NA,NA,74,1,complete.returns,Scots Bay (Area 8),4Xr,4Xs,Purse Seine
564575,2023-08-29,241,Scots Bay,45.19805556,-64.85777778,2023-08-30,242,Scots Bay,NA,NA,74,1,complete.returns,Scots Bay (Area 8),4Xr,4Xs,Purse Seine
564578,2023-08-29,241,Scots Bay,45.19805556,-64.85777778,2023-08-30,242,Scots Bay,NA,NA,74,1,complete.returns,Scots Bay (Area 8),4Xr,4Xs,Purse Seine
564579,2023-08-29,241,Scots Bay,45.19805556,-64.85777778,2023-08-30,242,Scots Bay,NA,NA,74,1,complete.returns,Scots Bay (Area 8),4Xr,4Xs,Purse Seine
564595,2023-08-29,241,Scots Bay,45.19805556,-64.85777778,2023-08-30,242,Scots Bay,NA,NA,74,1,complete.returns,Scots Bay (Area 8),4Xr,4Xs,Purse Seine
564597,2023-08-29,241,Scots Bay,45.19805556,-64.85777778,2023-08-30,242,Scots Bay,NA,NA,74,1,complete.returns,Scots Bay (Area 8),4Xr,4Xs,Purse Seine
564605,2023-08-29,241,Scots Bay,45.19805556,-64.85777778,2023-08-30,242,Scots Bay,NA,NA,74,1,complete.returns,Scots Bay (Area 8),4Xr,4Xs,Purse Seine
564611,2023-08-29,241,Scots Bay,45.19805556,-64.85777778,2023-08-30,242,Scots Bay,NA,NA,74,1,complete.returns,Scots Bay (Area 8),4Xr,4Xs,Purse Seine
564630,2023-08-29,241,Scots Bay,45.19805556,-64.85777778,2023-08-30,242,Scots Bay,NA,NA,74,1,complete.returns,Scots Bay (Area 8),4Xr,4Xs,Purse Seine
564632,2023-08-29,241,Scots Bay,45.19805556,-64.85777778,2023-08-30,242,Scots Bay,NA,NA,74,1,complete.returns,Scots Bay (Area 8),4Xr,4Xs,Purse Seine
564635,2023-08-29,241,Scots Bay,45.19805556,-64.85777778,2023-08-30,242,Scots Bay,NA,NA,74,1,complete.returns,Scots Bay (Area 8),4Xr,4Xs,Purse Seine
564647,2023-08-29,241,Scots Bay,45.19805556,-64.85777778,2023-08-30,242,Scots Bay,NA,NA,74,1,complete.returns,Scots Bay (Area 8),4Xr,4Xs,Purse Seine
564651,2023-08-28,240,Scots Bay,45.18027778,-64.95611111,2023-08-30,242,Scots Bay,NA,NA,74,2,complete.returns,Scots Bay (Area 8),4Xr,4Xs,Purse Seine
564659,2023-08-28,240,Scots Bay,45.18027778,-64.95611111,2023-08-30,242,Scots Bay,NA,NA,74,2,complete.returns,Scots Bay (Area 8),4Xr,4Xs,Purse Seine
564706,2023-08-28,240,Scots Bay,45.18027778,-64.95611111,2023-08-30,242,Scots Bay,NA,NA,74,2,complete.returns,Scots Bay (Area 8),4Xr,4Xs,Purse Seine
564710,2023-08-28,240,Scots Bay,45.18027778,-64.95611111,2023-08-30,242,Scots Bay,NA,NA,74,2,complete.returns,Scots Bay (Area 8),4Xr,4Xs,Purse Seine
564722,2023-08-28,240,Scots Bay,45.18027778,-64.95611111,2023-08-30,242,Scots Bay,NA,NA,74,2,complete.returns,Scots Bay (Area 8),4Xr,4Xs,Purse Seine
564744,2023-08-28,240,Scots Bay,45.18027778,-64.95611111,2023-08-30,242,Scots Bay,NA,NA,74,2,complete.returns,Scots Bay (Area 8),4Xr,4Xs,Purse Seine
564747,2023-08-28,240,Scots Bay,45.18027778,-64.95611111,2023-08-30,242,Scots Bay,NA,NA,74,2,complete.returns,Scots Bay (Area 8),4Xr,4Xs,Purse Seine
564748,2023-08-28,240,Scots Bay,45.18027778,-64.95611111,2023-08-30,242,Scots Bay,NA,NA,74,2,complete.returns,Scots Bay (Area 8),4Xr,4Xs,Purse Seine
564763,2023-08-28,240,Scots Bay,45.18027778,-64.95611111,2023-08-30,242,Scots Bay,NA,NA,74,2,complete.returns,Scots Bay (Area 8),4Xr,4Xs,Purse Seine
564778,2023-08-28,240,Scots Bay,45.18027778,-64.95611111,2023-08-30,242,Scots Bay,NA,NA,74,2,complete.returns,Scots Bay (Area 8),4Xr,4Xs,Purse Seine
564780,2023-08-28,240,Scots Bay,45.18027778,-64.95611111,2023-08-30,242,Scots Bay,NA,NA,74,2,complete.returns,Scots Bay (Area 8),4Xr,4Xs,Purse Seine
564785,2023-08-28,240,Scots Bay,45.18027778,-64.95611111,2023-08-30,242,Scots Bay,NA,NA,74,2,complete.returns,Scots Bay (Area 8),4Xr,4Xs,Purse Seine
564809,2023-08-28,240,Scots Bay,45.18027778,-64.95611111,2023-08-30,242,Scots Bay,NA,NA,74,2,complete.returns,Scots Bay (Area 8),4Xr,4Xs,Purse Seine
564813,2023-08-28,240,Scots Bay,45.18027778,-64.95611111,2023-08-30,242,Scots Bay,NA,NA,74,2,complete.returns,Scots Bay (Area 8),4Xr,4Xs,Purse Seine
564814,2023-08-28,240,Scots Bay,45.18027778,-64.95611111,2023-08-30,242,Scots Bay,NA,NA,74,2,complete.returns,Scots Bay (Area 8),4Xr,4Xs,Purse Seine
564826,2023-08-28,240,Scots Bay,45.18027778,-64.95611111,2023-08-30,242,Scots Bay,NA,NA,74,2,complete.returns,Scots Bay (Area 8),4Xr,4Xs,Purse Seine
564838,2023-08-28,240,Scots Bay,45.18027778,-64.95611111,2023-08-30,242,Scots Bay,NA,NA,74,2,complete.returns,Scots Bay (Area 8),4Xr,4Xs,Purse Seine
564879,2023-08-28,240,Scots Bay,45.18027778,-64.95611111,2023-08-30,242,Scots Bay,NA,NA,74,2,complete.returns,Scots Bay (Area 8),4Xr,4Xs,Purse Seine
564895,2023-08-28,240,Scots Bay,45.18027778,-64.95611111,2023-08-30,242,Scots Bay,NA,NA,74,2,complete.returns,Scots Bay (Area 8),4Xr,4Xs,Purse Seine
564904,2023-08-28,240,Scots Bay,45.18027778,-64.95611111,2023-08-30,242,Scots Bay,NA,NA,74,2,complete.returns,Scots Bay (Area 8),4Xr,4Xs,Purse Seine
564941,2023-08-28,240,Scots Bay,45.18027778,-64.95611111,2023-08-30,242,Scots Bay,NA,NA,74,2,complete.returns,Scots Bay (Area 8),4Xr,4Xs,Purse Seine
564943,2023-08-28,240,Scots Bay,45.18027778,-64.95611111,2023-08-30,242,Scots Bay,NA,NA,74,2,complete.returns,Scots Bay (Area 8),4Xr,4Xs,Purse Seine
564951,2023-08-28,240,Scots Bay,45.18027778,-64.95611111,2023-08-30,242,Scots Bay,NA,NA,74,2,complete.returns,Scots Bay (Area 8),4Xr,4Xs,Purse Seine
564967,2023-08-28,240,Scots Bay,45.18027778,-64.95611111,2023-08-30,242,Scots Bay,NA,NA,74,2,complete.returns,Scots Bay (Area 8),4Xr,4Xs,Purse Seine
564978,2023-08-28,240,Scots Bay,45.18027778,-64.95611111,2023-08-30,242,Scots Bay,NA,NA,74,2,complete.returns,Scots Bay (Area 8),4Xr,4Xs,Purse Seine
564979,2023-08-28,240,Scots Bay,45.18027778,-64.95611111,2023-08-30,242,Scots Bay,NA,NA,74,2,complete.returns,Scots Bay (Area 8),4Xr,4Xs,Purse Seine
564980,2023-08-28,240,Scots Bay,45.18027778,-64.95611111,2023-08-30,242,Scots Bay,NA,NA,74,2,complete.returns,Scots Bay (Area 8),4Xr,4Xs,Purse Seine
569033,2023-08-29,241,Scots Bay,45.15777778,-65.03361111,2023-08-30,242,Scots Bay,NA,NA,74,1,complete.returns,Scots Bay (Area 8),4Xr,4Xs,Purse Seine
569034,2023-08-29,241,Scots Bay,45.15777778,-65.03361111,2023-08-30,242,Scots Bay,NA,NA,74,1,complete.returns,Scots Bay (Area 8),4Xr,4Xs,Purse Seine
569050,2023-08-29,241,Scots Bay,45.15777778,-65.03361111,2023-08-30,242,Scots Bay,NA,NA,74,1,complete.returns,Scots Bay (Area 8),4Xr,4Xs,Purse Seine
569054,2023-08-29,241,Scots Bay,45.15777778,-65.03361111,2023-08-30,242,Scots Bay,NA,NA,74,1,complete.returns,Scots Bay (Area 8),4Xr,4Xs,Purse Seine
569151,2023-08-29,241,Scots Bay,45.15777778,-65.03361111,2023-08-30,242,Scots Bay,NA,NA,74,1,complete.returns,Scots Bay (Area 8),4Xr,4Xs,Purse Seine
572406,2023-08-27,239,Scots Bay,45.13527778,-65.06972222,2023-08-30,242,Scots Bay,NA,NA,74,3,complete.returns,Scots Bay (Area 8),4Xr,4Xs,Purse Seine
572412,2023-08-27,239,Scots Bay,45.13527778,-65.06972222,2023-08-30,242,Scots Bay,NA,NA,74,3,complete.returns,Scots Bay (Area 8),4Xr,4Xs,Purse Seine
572419,2023-08-27,239,Scots Bay,45.13527778,-65.06972222,2023-08-30,242,Scots Bay,NA,NA,74,3,complete.returns,Scots Bay (Area 8),4Xr,4Xs,Purse Seine
572438,2023-08-27,239,Scots Bay,45.13527778,-65.06972222,2023-08-30,242,Scots Bay,NA,NA,74,3,complete.returns,Scots Bay (Area 8),4Xr,4Xs,Purse Seine
572460,2023-08-27,239,Scots Bay,45.13527778,-65.06972222,2023-08-30,242,Scots Bay,NA,NA,74,3,complete.returns,Scots Bay (Area 8),4Xr,4Xs,Purse Seine
564345,2023-08-29,241,Scots Bay,45.19805556,-64.85777778,2023-09-07,250,Scots Bay,NA,NA,147,9,complete.returns,,4Xr,4Xs,Purse Seine
564445,2023-08-29,241,Scots Bay,45.19805556,-64.85777778,2023-09-07,250,Scots Bay,NA,NA,147,9,complete.returns,,4Xr,4Xs,Purse Seine
567213,2023-08-29,241,Scots Bay,45.20138889,-64.88638889,2023-09-07,250,Scots Bay,NA,NA,147,9,complete.returns,,4Xr,4Xs,Purse Seine
567268,2023-08-29,241,Scots Bay,45.20138889,-64.88638889,2023-09-07,250,Scots Bay,NA,NA,147,9,complete.returns,,4Xr,4Xs,Purse Seine
569057,2023-08-29,241,Scots Bay,45.15777778,-65.03361111,2023-09-07,250,Scots Bay,NA,NA,147,9,complete.returns,,4Xr,4Xs,Purse Seine
569499,2023-08-30,242,Long Island,44.295,-66.42,2023-09-07,250,Scots Bay,NA,NA,147,8,complete.returns,,4Xr,4Xs,Purse Seine
577842,2023-09-06,249,Scots Bay,45.15833333,-65.01138889,2023-09-07,250,Scots Bay,NA,NA,147,1,complete.returns,,4Xr,4Xs,Purse Seine
564652,2023-08-28,240,Scots Bay,45.18027778,-64.95611111,2023-09-07,250,Scots Bay,NA,NA,29,10,complete.returns,,4Xr,4Xs,Purse Seine
577774,2023-09-06,249,Scots Bay,45.15833333,-65.01138889,2023-09-07,250,Scots Bay,NA,NA,29,1,complete.returns,,4Xr,4Xs,Purse Seine
471559,2023-08-28,240,Scots Bay,45.1925,-64.8775,2023-09-12,255,Scots Bay,NA,NA,42,15,complete.returns,,4Xr,4Xs,Purse Seine
530065,2023-09-07,250,Scots Bay,45.11111111,-65.10277778,2023-09-12,255,Scots Bay,NA,NA,42,5,complete.returns,,4Xr,4Xs,Purse Seine
530103,2023-09-07,250,Scots Bay,45.11111111,-65.10277778,2023-09-12,255,Scots Bay,NA,NA,42,5,complete.returns,,4Xr,4Xs,Purse Seine
578820,2023-09-07,250,Scots Bay,45.11333333,-65.09944444,2023-09-12,255,Scots Bay,NA,NA,42,5,complete.returns,,4Xr,4Xs,Purse Seine
578830,2023-09-07,250,Scots Bay,45.11333333,-65.09944444,2023-09-12,255,Scots Bay,NA,NA,42,5,complete.returns,,4Xr,4Xs,Purse Seine
475910,2022-09-07,250,Scots Bay,45.19678333,-64.88591667,2023-09-12,255,Scots Bay,NA,NA,38,370,complete.returns,,4Xr,4Xs,Purse Seine
530064,2023-09-07,250,Scots Bay,45.11111111,-65.10277778,2023-09-12,255,Scots Bay,NA,NA,38,5,complete.returns,,4Xr,4Xs,Purse Seine
530332,2023-09-11,254,Scots Bay,45.13083333,-65.045,2023-09-12,255,Scots Bay,NA,NA,38,1,complete.returns,,4Xr,4Xs,Purse Seine
530023,2023-09-07,250,Scots Bay,45.11111111,-65.10277778,2023-09-12,255,Scots Bay,NA,NA,80,5,complete.returns,,4Xr,4Xs,Purse Seine
530338,2023-09-11,254,Scots Bay,45.13083333,-65.045,2023-09-26,269,Scots Bay,NA,NA,43,15,complete.returns,,4Xr,4Xs,Purse Seine
564585,2023-08-29,241,Scots Bay,45.19805556,-64.85777778,2024-08-12,225,Scots Bay,NA,NA,NA,349,complete.returns,,4Xr,4Xs,Purse Seine
566792,2023-08-23,235,German Bank,43.48611111,-66.22694444,2024-06-20,172,Scots Bay,NA,NA,61,302,complete.returns,,4Xq,4Xs,Purse Seine
500573,2022-08-09,221,Scots Bay,45.16556667,-64.94023333,2024-09-17,261,Scots Bay,NA,NA,NA,770,complete.returns,,4Xr,4Xs,Purse Seine
594122,2022-08-24,236,Scots Bay,45.14533333,-65.0025,2024-09-17,261,Scots Bay,NA,NA,NA,755,complete.returns,,4Xr,4Xs,Purse Seine
590350,2021-08-17,229,Scots Bay,45.13388333,-65.0691,2024-09-17,261,Scots Bay,NA,NA,NA,1127,complete.returns,,4Xr,4Xs,Purse Seine
495668,2022-08-07,219,Scots Bay,45.1864,-64.92838333,2024-09-17,261,Scots Bay,NA,NA,NA,772,complete.returns,,4Xr,4Xs,Purse Seine
564633,2023-08-29,241,Scots Bay,45.19805556,-64.85777778,2024-09-17,261,Scots Bay,NA,NA,NA,385,complete.returns,,4Xr,4Xs,Purse Seine
564179,2023-08-28,240,Scots Bay,45.14111111,-65.05194444,2024-09-17,261,Scots Bay,NA,NA,NA,386,complete.returns,,4Xr,4Xs,Purse Seine
567880,2023-09-10,253,Scots Bay,45.13833333,-65.0175,2024-09-19,263,Scots Bay,NA,NA,NA,375,complete.returns,,4Xr,4Xs,Purse Seine
471737,2023-08-29,241,Scots Bay,45.21111111,-64.8225,2024-09-17,261,Scots Bay,NA,NA,NA,385,complete.returns,,4Xr,4Xs,Purse Seine
567226,2023-08-29,241,Scots Bay,45.20138889,-64.88638889,2024-08-22,235,Scots Bay,NA,NA,NA,359,complete.returns,,4Xr,4Xs,Purse Seine
564214,2023-08-28,240,Scots Bay,45.14111111,-65.05194444,2024-08-20,233,Scots Bay,NA,NA,NA,358,complete.returns,,4Xr,4Xs,Purse Seine
567067,2023-08-29,241,Scots Bay,45.20138889,-64.88638889,2024-08-20,233,Scots Bay,NA,NA,NA,357,complete.returns,,4Xr,4Xs,Purse Seine
474896,2023-10-04,277,Long Island,44.30111111,-66.33555556,2024-07-30,212,Scots Bay,NA,NA,NA,300,complete.returns,,4Xr,4Xs,Purse Seine
521924,2023-08-28,240,Trinity,44.05,-66.46666667,2024-06-20,172,Scots Bay,NA,NA,NA,297,complete.returns,,4Xr,4Xs,Purse Seine
569507,2023-08-30,242,Long Island,44.295,-66.42,2024-08-12,225,Scots Bay,NA,NA,NA,348,complete.returns,,4Xr,4Xs,Purse Seine
564107,2023-08-28,240,Scots Bay,45.14111111,-65.05194444,2024-08-06,219,Scots Bay,NA,NA,NA,344,complete.returns,,4Xr,4Xs,Purse Seine
471754,2023-08-29,241,Scots Bay,45.21111111,-64.8225,2024-09-03,247,Scots Bay,NA,NA,NA,371,complete.returns,,4Xr,4Xs,Purse Seine
567265,2023-08-29,241,Scots Bay,45.20138889,-64.88638889,2024-09-27,271,Scots Bay,NA,NA,NA,395,complete.returns,,4Xr,4Xs,Purse Seine
564066,2023-08-28,240,Scots Bay,45.14111111,-65.05194444,2024-08-27,240,Scots Bay,NA,NA,NA,365,complete.returns,,4Xr,4Xs,Purse Seine
564434,2023-08-29,241,Scots Bay,45.19805556,-64.85777778,2024-08-29,242,Scots Bay,NA,NA,NA,366,complete.returns,,4Xr,4Xs,Purse Seine
577797,2023-09-06,249,Scots Bay,45.15833333,-65.01138889,2024-08-29,242,Scots Bay,NA,NA,NA,358,complete.returns,,4Xr,4Xs,Purse Seine
578873,2023-09-07,250,Scots Bay,45.11333333,-65.09944444,2024-08-30,243,Scots Bay,NA,NA,NA,358,complete.returns,,4Xr,4Xs,Purse Seine
564202,2023-08-28,240,Scots Bay,45.14111111,-65.05194444,2024-08-30,243,Scots Bay,NA,NA,NA,368,complete.returns,,4Xr,4Xs,Purse Seine
564961,2023-08-28,240,Scots Bay,45.18027778,-64.95611111,2024-08-30,243,Scots Bay,NA,NA,NA,368,complete.returns,,4Xr,4Xs,Purse Seine
577781,2023-09-06,249,Scots Bay,45.15833333,-65.01138889,2024-09-26,270,Scots Bay,NA,NA,NA,386,complete.returns,,4Xr,4Xs,Purse Seine
567029,2023-08-29,241,Scots Bay,45.20138889,-64.88638889,2024-09-24,268,Scots Bay,NA,NA,NA,392,complete.returns,,4Xr,4Xs,Purse Seine
563741,2023-08-14,226,Long Island,44.34916667,-66.35805556,2023-08-23,235,Scots Bay,NA,NA,NA,9,complete.returns,,4Xr,4Xs,Purse Seine
471581,2023-08-28,240,Scots Bay,45.1925,-64.8775,2023-09-08,251,Scots Bay,NA,NA,NA,11,complete.returns,,4Xr,4Xs,Purse Seine
498720,2022-08-22,234,Scots Bay,45.1461,-64.99368333,2023-08-23,235,Scots Bay,NA,NA,NA,366,complete.returns,,4Xr,4Xs,Purse Seine
563721,2023-08-14,226,Long Island,44.34916667,-66.35805556,2023-08-23,235,Scots Bay,NA,NA,NA,9,complete.returns,,4Xr,4Xs,Purse Seine
603551,2022-09-12,255,German Bank,43.23446667,-66.34903333,2023-08-28,240,Scots Bay,NA,NA,NA,350,complete.returns,,4Xq,4Xs,Purse Seine
567116,2023-08-29,241,Scots Bay,45.20138889,-64.88638889,2023-09-08,251,Scots Bay,NA,NA,NA,10,complete.returns,,4Xr,4Xs,Purse Seine
471749,2023-08-29,241,Scots Bay,45.21111111,-64.8225,2023-09-08,251,Scots Bay,NA,NA,NA,10,complete.returns,,4Xr,4Xs,Purse Seine
564842,2023-08-28,240,Scots Bay,45.18027778,-64.95611111,2023-09-08,251,Scots Bay,NA,NA,NA,11,complete.returns,,4Xr,4Xs,Purse Seine
567037,2023-08-29,241,Scots Bay,45.20138889,-64.88638889,2023-09-08,251,Scots Bay,NA,NA,NA,10,complete.returns,,4Xr,4Xs,Purse Seine
564361,2023-08-29,241,Scots Bay,45.19805556,-64.85777778,2023-09-08,251,Scots Bay,NA,NA,NA,10,complete.returns,,4Xr,4Xs,Purse Seine
578866,2023-09-07,250,Scots Bay,45.11333333,-65.09944444,2023-09-11,254,Scots Bay,NA,NA,NA,4,complete.returns,,4Xr,4Xs,Purse Seine
564318,2023-08-29,241,Scots Bay,45.19805556,-64.85777778,2023-09-08,251,Scots Bay,NA,NA,NA,10,complete.returns,,4Xr,4Xs,Purse Seine
563828,2023-08-20,232,Scots Bay,45.12166667,-65.05638889,2023-08-23,235,Scots Bay,NA,NA,NA,3,complete.returns,,4Xr,4Xs,Purse Seine
563764,2023-08-20,232,Scots Bay,45.12166667,-65.05638889,2023-08-23,235,Scots Bay,NA,NA,NA,3,complete.returns,,4Xr,4Xs,Purse Seine
563727,2023-08-14,226,Long Island,44.34916667,-66.35805556,2023-08-23,235,Scots Bay,NA,NA,NA,9,complete.returns,,4Xr,4Xs,Purse Seine
563712,2023-08-14,226,Long Island,44.34916667,-66.35805556,2023-08-23,235,Scots Bay,NA,NA,NA,9,complete.returns,,4Xr,4Xs,Purse Seine
563757,2023-08-20,232,Scots Bay,45.12166667,-65.05638889,2023-08-23,235,Scots Bay,NA,NA,NA,3,complete.returns,,4Xr,4Xs,Purse Seine
563702,2023-08-14,226,Long Island,44.34916667,-66.35805556,2023-08-23,235,Scots Bay,NA,NA,NA,9,complete.returns,,4Xr,4Xs,Purse Seine
469668,2021-07-18,199,Scots Bay,45.29146667,-64.92868333,2021-07-19,200,Scots Bay ,NA,NA,57,1,complete.returns,,4Xr,4Xs,Purse Seine
590372,2021-08-17,229,Scots Bay,45.13388333,-65.0691,2021-08-18,230,Scots Bay ,NA,NA,50,1,complete.returns,,4Xr,4Xs,Purse Seine
471554,2023-08-28,240,Scots Bay,45.1925,-64.8775,2023-08-30,242,Scots Bay ,NA,NA,40,2,complete.returns,,4Xr,4Xs,Purse Seine
572454,2023-08-27,239,Scots Bay,45.13527778,-65.06972222,2023-08-30,242,Scots Bay ,NA,NA,40,3,complete.returns,,4Xr,4Xs,Purse Seine
564875,2023-08-28,240,Scots Bay,45.18027778,-64.95611111,2023-08-30,242,Scots Bay ,NA,NA,40,2,complete.returns,,4Xr,4Xs,Purse Seine
564957,2023-08-28,240,Scots Bay,45.18027778,-64.95611111,2023-08-30,242,Scots Bay ,NA,NA,40,2,complete.returns,,4Xr,4Xs,Purse Seine
564403,2023-08-29,241,Scots Bay,45.19805556,-64.85777778,2023-08-30,242,Scots Bay ,NA,NA,40,1,complete.returns,,4Xr,4Xs,Purse Seine
564002,2023-08-28,240,Scots Bay,45.14111111,-65.05194444,2023-08-29,241,Scots Bay ,NA,NA,102,1,complete.returns,,4Xr,4Xs,Purse Seine
564010,2023-08-28,240,Scots Bay,45.14111111,-65.05194444,2023-08-29,241,Scots Bay ,NA,NA,102,1,complete.returns,,4Xr,4Xs,Purse Seine
577897,2023-09-06,249,Scots Bay,45.15833333,-65.01138889,2023-09-11,254,Scots Bay ,NA,NA,165,5,complete.returns,,4Xr,4Xs,Purse Seine
569644,2023-08-30,242,Long Island,44.295,-66.42,2023-09-11,254,Scots Bay ,NA,NA,165,12,complete.returns,,4Xr,4Xs,Purse Seine
530126,2023-09-07,250,Scots Bay,45.11111111,-65.10277778,2023-09-11,254,Scots Bay ,NA,NA,165,4,complete.returns,,4Xr,4Xs,Purse Seine
577865,2023-09-06,249,Scots Bay,45.15833333,-65.01138889,2023-09-11,254,Scots Bay ,NA,NA,165,5,complete.returns,,4Xr,4Xs,Purse Seine
530012,2023-09-07,250,Scots Bay,45.11111111,-65.10277778,2023-09-11,254,Scots Bay ,NA,NA,165,4,complete.returns,,4Xr,4Xs,Purse Seine
564442,2023-08-29,241,Scots Bay,45.19805556,-64.85777778,2023-09-07,250,Scots Bay ,NA,NA,165,9,complete.returns,,4Xr,4Xs,Purse Seine
471605,2023-08-28,240,Scots Bay,45.1925,-64.8775,2023-08-30,242,Scots Bay ,NA,NA,39,2,complete.returns,,4Xr,4Xs,Purse Seine
471705,2023-08-28,240,Scots Bay,45.1633,-64.9931,2023-08-30,242,Scots Bay ,NA,NA,39,2,complete.returns,,4Xr,4Xs,Purse Seine
564317,2023-08-29,241,Scots Bay,45.19805556,-64.85777778,2023-08-30,242,Scots Bay ,NA,NA,39,1,complete.returns,,4Xr,4Xs,Purse Seine
564346,2023-08-29,241,Scots Bay,45.19805556,-64.85777778,2023-08-30,242,Scots Bay ,NA,NA,39,1,complete.returns,,4Xr,4Xs,Purse Seine
564465,2023-08-29,241,Scots Bay,45.19805556,-64.85777778,2023-09-15,258,Scots Bay ,NA,NA,116,17,complete.returns,,4Xr,4Xs,Purse Seine 
564234,2023-08-28,240,Scots Bay,45.14111111,-65.05194444,2023-08-29,241,Scots Bay ,NA,NA,102,1,complete.returns,,4Xr,4Xs,Purse Seine
567844,2023-09-10,253,Scots Bay,45.13833333,-65.0175,2023-09-26,269,Scots Bay ,NA,NA,136,16,complete.returns,,4Xr,4Xs,Purse Seine 
577890,2023-09-06,249,Scots Bay,45.15833333,-65.01138889,2023-09-26,269,Scots Bay ,NA,NA,136,20,complete.returns,,4Xr,4Xs,Purse Seine 
567940,2023-09-10,253,Scots Bay,45.13833333,-65.0175,2023-09-26,269,Scots Bay ,NA,NA,136,16,complete.returns,,4Xr,4Xs,Purse Seine
528553,2023-09-11,254,Scots Bay,45.14333333,-65.03972222,2023-09-26,269,Scots Bay ,NA,NA,136,15,complete.returns,,4Xr,4Xs,Purse Seine 
567948,2023-09-10,253,Scots Bay,45.13833333,-65.0175,2023-09-25,268,Scots Bay ,NA,NA,126,15,complete.returns,,4Xr,4Xs,Purse Seine 
567858,2023-09-10,253,Scots Bay,45.13833333,-65.0175,2023-09-25,268,Scots Bay ,NA,NA,126,15,complete.returns,,4Xr,4Xs,Purse Seine
569797,2023-09-12,255,Long Island,44.29472222,-66.34027778,2023-09-25,268,Scots Bay ,NA,NA,126,13,complete.returns,,4Xr,4Xs,Purse Seine 
567780,2023-09-10,253,Scots Bay,45.13833333,-65.0175,2023-09-25,268,Scots Bay ,NA,NA,126,15,complete.returns,,4Xr,4Xs,Purse Seine 
528601,2023-09-11,254,Scots Bay,45.14333333,-65.03972222,2023-09-25,268,Scots Bay ,NA,NA,126,14,complete.returns,,4Xr,4Xs,Purse Seine 
528701,2023-09-11,254,Scots Bay,45.14333333,-65.03972222,2023-09-25,268,Scots Bay ,NA,NA,126,14,complete.returns,,4Xr,4Xs,Purse Seine
567922,2023-09-10,253,Scots Bay,45.13833333,-65.0175,2023-09-25,268,Scots Bay ,NA,NA,126,15,complete.returns,,4Xr,4Xs,Purse Seine 
567759,2023-09-10,253,Scots Bay,45.13833333,-65.0175,2023-09-26,269,Scots Bay ,NA,NA,43,16,complete.returns,,4Xr,4Xs,Purse Seine
567848,2023-09-10,253,Scots Bay,45.13833333,-65.0175,2023-09-26,269,Scots Bay ,NA,NA,43,16,complete.returns,,4Xr,4Xs,Purse Seine
528137,2023-09-05,248,German Bank,43.26666667,-66.36638889,2023-09-07,250,Scots Bay ,NA,NA,NA,2,complete.returns,,4Xq,4Xs,Purse Seine
567428,2023-09-03,246,German Bank,43.27138889,-66.37361111,2023-09-07,250,Scots Bay ,NA,NA,NA,4,complete.returns,,4Xq,4Xs,Purse Seine
471466,2023-08-28,240,Scots Bay,45.1925,-64.8775,2023-08-29,241,Scots Bay ,NA,NA,NA,1,complete.returns,,4Xr,4Xs,Purse Seine
564145,2023-08-28,240,Scots Bay,45.14111111,-65.05194444,2023-08-29,241,Scots Bay ,NA,NA,NA,1,complete.returns,,4Xr,4Xs,Purse Seine
564713,2023-08-28,240,Scots Bay,45.18027778,-64.95611111,2023-08-30,242,Scots Bay ,NA,NA,NA,2,complete.returns,,4Xr,4Xs,Purse Seine
564637,2023-08-29,241,Scots Bay,45.19805556,-64.85777778,2023-08-30,242,Scots Bay ,NA,NA,NA,1,complete.returns,,4Xr,4Xs,Purse Seine
564334,2023-08-29,241,Scots Bay,45.19805556,-64.85777778,2023-08-30,242,Scots Bay ,NA,NA,NA,1,complete.returns,,4Xr,4Xs,Purse Seine
564312,2023-08-29,241,Scots Bay,45.19805556,-64.85777778,2023-08-30,242,Scots Bay ,NA,NA,NA,1,complete.returns,,4Xr,4Xs,Purse Seine
564783,2023-08-28,240,Scots Bay,45.18027778,-64.95611111,2023-08-30,242,Scots Bay ,NA,NA,NA,2,complete.returns,,4Xr,4Xs,Purse Seine
564604,2023-08-29,241,Scots Bay,45.19805556,-64.85777778,2023-08-30,242,Scots Bay ,NA,NA,NA,1,complete.returns,,4Xr,4Xs,Purse Seine
564864,2023-08-28,240,Scots Bay,45.18027778,-64.95611111,2023-08-30,242,Scots Bay ,NA,NA,NA,2,complete.returns,,4Xr,4Xs,Purse Seine
564417,2023-08-29,241,Scots Bay,45.19805556,-64.85777778,2023-08-30,242,Scots Bay ,NA,NA,NA,1,complete.returns,,4Xr,4Xs,Purse Seine
564764,2023-08-28,240,Scots Bay,45.18027778,-64.95611111,2023-08-30,242,Scots Bay ,NA,NA,NA,2,complete.returns,,4Xr,4Xs,Purse Seine
564554,2023-08-29,241,Scots Bay,45.19805556,-64.85777778,2023-08-30,242,Scots Bay ,NA,NA,NA,1,complete.returns,,4Xr,4Xs,Purse Seine
564761,2023-08-28,240,Scots Bay,45.18027778,-64.95611111,2023-08-30,242,Scots Bay ,NA,NA,NA,2,complete.returns,,4Xr,4Xs,Purse Seine
564463,2023-08-29,241,Scots Bay,45.19805556,-64.85777778,2023-08-30,242,Scots Bay ,NA,NA,NA,1,complete.returns,,4Xr,4Xs,Purse Seine
473112,2022-09-07,250,Scots Bay,45.19678333,-64.88591667,2023-08-30,242,Scots Bay ,NA,NA,NA,357,complete.returns,,4Xr,4Xs,Purse Seine
471616,2023-08-28,240,Scots Bay,45.1925,-64.8775,2023-08-30,242,Scots Bay ,NA,NA,NA,2,complete.returns,,4Xr,4Xs,Purse Seine
564411,2023-08-29,241,Scots Bay,45.19805556,-64.85777778,2023-08-30,242,Scots Bay ,NA,NA,NA,1,complete.returns,,4Xr,4Xs,Purse Seine
564358,2023-08-29,241,Scots Bay,45.19805556,-64.85777778,2023-08-30,242,Scots Bay ,NA,NA,NA,1,complete.returns,,4Xr,4Xs,Purse Seine
471558,2023-08-28,240,Scots Bay,45.1925,-64.8775,2023-08-30,242,Scots Bay ,NA,NA,NA,2,complete.returns,,4Xr,4Xs,Purse Seine
572482,2023-08-27,239,Scots Bay,45.13527778,-65.06972222,2023-08-29,241,Scots Bay ,NA,NA,NA,2,complete.returns,,4Xr,4Xs,Purse Seine
471259,2023-08-21,233,German Bank,43.26611111,-66.37361111,2023-08-29,241,Scots Bay ,NA,NA,NA,8,complete.returns,,4Xq,4Xs,Purse Seine
564354,2023-08-29,241,Scots Bay,45.19805556,-64.85777778,2023-09-07,250,Scots Bay ,NA,NA,NA,9,complete.returns,,4Xr,4Xs,Purse Seine
567510,2023-09-03,246,German Bank,43.27138889,-66.37361111,2023-09-07,250,Scots Bay ,NA,NA,NA,4,complete.returns,,4Xq,4Xs,Purse Seine
564891,2023-08-28,240,Scots Bay,45.18027778,-64.95611111,2023-09-07,250,Scots Bay ,NA,NA,NA,10,complete.returns,,4Xr,4Xs,Purse Seine
471841,2023-08-29,241,Scots Bay,45.21111111,-64.8225,2023-09-07,250,Scots Bay ,NA,NA,NA,9,complete.returns,,4Xr,4Xs,Purse Seine
567176,2023-08-29,241,Scots Bay,45.20138889,-64.88638889,2023-09-07,250,Scots Bay ,NA,NA,NA,9,complete.returns,,4Xr,4Xs,Purse Seine
502446,2022-08-24,236,German Bank,43.29388333,-66.39218333,2023-09-07,250,Scots Bay ,NA,NA,NA,379,complete.returns,,4Xq,4Xs,Purse Seine
471495,2023-08-28,240,Scots Bay,45.1925,-64.8775,2023-09-07,250,Scots Bay ,NA,NA,NA,10,complete.returns,,4Xr,4Xs,Purse Seine
563788,2023-08-20,232,Scots Bay,45.12166667,-65.05638889,2023-09-07,250,Scots Bay ,NA,NA,NA,18,complete.returns,,4Xr,4Xs,Purse Seine
563824,2023-08-20,232,Scots Bay,45.12166667,-65.05638889,2023-09-07,250,Scots Bay ,NA,NA,NA,18,complete.returns,,4Xr,4Xs,Purse Seine
567199,2023-08-29,241,Scots Bay,45.20138889,-64.88638889,2023-09-07,250,Scots Bay ,NA,NA,NA,9,complete.returns,,4Xr,4Xs,Purse Seine
567221,2023-08-29,241,Scots Bay,45.20138889,-64.88638889,2023-09-07,250,Scots Bay ,NA,NA,NA,9,complete.returns,,4Xr,4Xs,Purse Seine
564937,2023-08-28,240,Scots Bay,45.18027778,-64.95611111,2023-09-07,250,Scots Bay ,NA,NA,NA,10,complete.returns,,4Xr,4Xs,Purse Seine
567200,2023-08-29,241,Scots Bay,45.20138889,-64.88638889,2023-09-07,250,Scots Bay ,NA,NA,NA,9,complete.returns,,4Xr,4Xs,Purse Seine
532142,2023-09-04,247,German Bank,43.25,-66.35,2023-09-07,250,Scots Bay ,NA,NA,NA,3,complete.returns,,4Xq,4Xs,Purse Seine
564665,2023-08-28,240,Scots Bay,45.18027778,-64.95611111,2023-09-07,250,Scots Bay ,NA,NA,NA,10,complete.returns,,4Xr,4Xs,Purse Seine
564319,2023-08-29,241,Scots Bay,45.19805556,-64.85777778,2023-09-07,250,Scots Bay ,NA,NA,NA,9,complete.returns,,4Xr,4Xs,Purse Seine
567224,2023-08-29,241,Scots Bay,45.20138889,-64.88638889,2023-09-07,250,Scots Bay ,NA,NA,NA,9,complete.returns,,4Xr,4Xs,Purse Seine
572426,2023-08-27,239,Scots Bay,45.13527778,-65.06972222,2023-09-07,250,Scots Bay ,NA,NA,NA,11,complete.returns,,4Xr,4Xs,Purse Seine
585545,2022-06-13,164,Grand Manan Banks,44.28618333,-67.00335,2022-07-22,203,Seal Cove,NA,NA,17,39,complete.returns,,5Yb,,Purse Seine
42041,2019-10-13,286,German Bank,43.28953333,-66.2941,2019-10-15,288,Seal Island,NA,NA,NA,2,complete.returns,,4Xq,4Xo,Purse Seine
42335,2019-10-13,286,German Bank,43.28953333,-66.2941,2019-10-15,288,Seal Island,NA,NA,NA,2,complete.returns,,4Xq,4Xo,Purse Seine
42739,2019-10-14,287,German Bank,43.30968333,-66.1393,2019-10-15,288,Seal Island,NA,NA,NA,1,complete.returns,,4Xq,4Xo,Purse Seine
461768,2018-09-10,253,German Bank,43.38088333,-66.3497,2018-09-13,256,Seal Island,NA,NA,NA,3,complete.returns,,4Xq,4Xo,Purse Seine
473378,2022-09-13,256,German Bank,43.29738333,-66.43151667,2022-09-21,264,Seal Island,NA,NA,106,8,complete.returns,,4Xq,4Xo,Purse Seine
481720,2020-09-24,268,German Bank,43.31285,-66.2112,2020-09-25,269,Seal Island,NA,NA,83,1,complete.returns,,4Xq,4Xo,Purse Seine
498466,2022-08-16,228,German Bank,43.34535,-66.44735,2022-09-21,264,Seal Island,NA,NA,106,36,complete.returns,,4Xq,4Xo,Purse Seine
601184,2022-09-19,262,German Bank,43.32823333,-66.15923333,2022-09-21,264,Seal Island,NA,NA,45,2,complete.returns,,4Xq,4Xo,Purse Seine
601230,2022-09-19,262,German Bank,43.32823333,-66.15923333,2022-09-21,264,Seal Island,NA,NA,106,2,complete.returns,,4Xq,4Xo,Purse Seine
603829,2022-09-13,256,German Bank,43.29043333,-66.4312,2022-09-21,264,Seal Island,NA,NA,106,8,complete.returns,,4Xq,4Xo,Purse Seine
489322,2021-09-21,264,German Bank,43.27295,-66.39425,2022-09-21,264,Seal Island,NA,NA,41,365,complete.returns,,4Xq,4Xo,Purse Seine
601148,2022-09-19,262,German Bank,43.32823333,-66.15923333,2022-09-21,264,Seal Island,NA,NA,41,2,complete.returns,,4Xq,4Xo,Purse Seine
600479,2022-10-06,279,German Bank,43.35,-66.16666667,2022-10-07,280,Seal Island,NA,NA,135,1,complete.returns,,4Xq,4Xo,Purse Seine
600440,2022-10-06,279,German Bank,43.35,-66.16666667,2022-10-07,280,Seal Island,NA,NA,135,1,complete.returns,,4Xq,4Xo,Purse Seine
600457,2022-10-06,279,German Bank,43.35,-66.16666667,2022-10-07,280,Seal Island,NA,NA,135,1,complete.returns,,4Xq,4Xo,Purse Seine
514777,2021-10-05,278,German Bank,43.355,-66.165,2021-10-07,280,Seal Island,NA,NA,129,2,complete.returns,,4Xq,4Xo,Purse Seine
514729,2021-10-05,278,German Bank,43.33833333,-66.16666667,2021-10-07,280,Seal Island,NA,NA,129,2,complete.returns,,4Xq,4Xo,Purse Seine
514801,2021-10-06,279,German Bank,43.33,-66.13416667,2021-10-07,280,Seal Island,NA,NA,129,1,complete.returns,,4Xq,4Xo,Purse Seine
514668,2021-10-05,278,German Bank,43.33833333,-66.16666667,2021-10-07,280,Seal Island,NA,NA,129,2,complete.returns,,4Xq,4Xo,Purse Seine
514635,2021-10-05,278,German Bank,43.33833333,-66.16666667,2021-10-07,280,Seal Island,NA,NA,129,2,complete.returns,,4Xq,4Xo,Purse Seine
481652,2020-09-24,268,German Bank,43.31285,-66.2112,2020-09-25,269,Seal Island,NA,NA,69,1,complete.returns,,4Xq,4Xo,Purse Seine
42425,2019-10-14,287,German Bank,43.30968333,-66.1393,2019-10-15,288,Seal Island,NA,NA,NA,1,complete.returns,,4Xq,4Xo,Purse Seine
42804,2019-10-14,287,German Bank,43.30968333,-66.1393,2019-10-15,288,Seal Island,NA,NA,NA,1,complete.returns,,4Xq,4Xo,Purse Seine
42937,2019-10-14,287,German Bank,43.30968333,-66.1393,2019-10-15,288,Seal Island,NA,NA,NA,1,complete.returns,,4Xq,4Xo,Purse Seine
471237,2023-08-21,233,German Bank,43.26611111,-66.37361111,2023-08-24,236,Seal Island,NA,NA,20,3,complete.returns,,4Xq,4Xo,Purse Seine
521280,2023-08-23,235,German Bank,43.38333333,-66.16666667,2023-08-24,236,Seal Island,NA,NA,20,1,complete.returns,,4Xq,4Xo,Purse Seine
532462,2023-09-11,254,German Bank,43.25,-66.4,2023-09-25,268,Seal Island,NA,NA,126,14,complete.returns,,4Xq,4Xo,Purse Seine
532386,2023-09-11,254,German Bank,43.25,-66.4,2023-09-25,268,Seal Island,NA,NA,126,14,complete.returns,,4Xq,4Xo,Purse Seine
528778,2023-09-12,255,German Bank,43.31916667,-66.16166667,2023-09-13,256,Seal Island,NA,NA,136,1,complete.returns,,4Xq,4Xo,Purse Seine
567461,2023-09-03,246,German Bank,43.27138889,-66.37361111,2023-09-18,261,Seal Island,NA,NA,105,15,complete.returns,,4Xq,4Xo,Purse Seine
574074,2023-09-12,255,German Bank,43.26888889,-66.37583333,2023-09-18,261,Seal Island,NA,NA,69,6,complete.returns,,4Xq,4Xo,Purse Seine
477062,2023-09-12,255,German Bank,43.285,-66.13166667,2023-09-19,262,Seal Island,NA,NA,99,7,complete.returns,,4Xq,4Xo,Purse Seine
528281,2023-09-06,249,German Bank,43.26472222,-66.35638889,2023-09-19,262,Seal Island,NA,NA,99,13,complete.returns,,4Xq,4Xo,Purse Seine
530634,2023-09-13,256,German Bank,43.28888889,-66.12555556,2023-09-19,262,Seal Island,NA,NA,99,6,complete.returns,,4Xq,4Xo,Purse Seine
477238,2023-09-18,261,German Bank,43.28805556,-66.14,2023-09-25,268,Seal Island,NA,NA,70,7,complete.returns,,4Xq,4Xo,Purse Seine
567083,2023-08-29,241,Scots Bay,45.20138889,-64.88638889,2023-09-05,248,Seal Island,NA,NA,NA,7,complete.returns,,4Xr,4Xo,Purse Seine
577472,2023-09-04,247,German Bank,43.25972222,-66.37611111,2023-09-05,248,Seal Island,NA,NA,NA,1,complete.returns,,4Xq,4Xo,Purse Seine
567442,2023-09-03,246,German Bank,43.27138889,-66.37361111,2023-09-05,248,Seal Island,NA,NA,NA,2,complete.returns,,4Xq,4Xo,Purse Seine
564416,2023-08-29,241,Scots Bay,45.19805556,-64.85777778,2023-09-05,248,Seal Island,NA,NA,NA,7,complete.returns,,4Xr,4Xo,Purse Seine
567465,2023-09-03,246,German Bank,43.27138889,-66.37361111,2023-09-05,248,Seal Island,NA,NA,NA,2,complete.returns,,4Xq,4Xo,Purse Seine
564456,2023-08-29,241,Scots Bay,45.19805556,-64.85777778,2023-09-05,248,Seal Island,NA,NA,NA,7,complete.returns,,4Xr,4Xo,Purse Seine
564640,2023-08-29,241,Scots Bay,45.19805556,-64.85777778,2023-09-05,248,Seal Island,NA,NA,NA,7,complete.returns,,4Xr,4Xo,Purse Seine
564349,2023-08-29,241,Scots Bay,45.19805556,-64.85777778,2023-09-05,248,Seal Island,NA,NA,NA,7,complete.returns,,4Xr,4Xo,Purse Seine
528811,2023-09-12,255,German Bank,43.31916667,-66.16166667,2023-09-13,256,Seal Island,NA,NA,NA,1,complete.returns,,4Xq,4Xo,Purse Seine
578578,2023-09-04,247,German Bank,43.25305556,-66.36638889,2023-09-25,268,Seal Island,NA,NA,NA,21,complete.returns,,4Xq,4Xo,Purse Seine
567565,2023-09-03,246,German Bank,43.27138889,-66.37361111,2023-09-25,268,Seal Island,NA,NA,NA,22,complete.returns,,4Xq,4Xo,Purse Seine
514759,2021-10-05,278,German Bank,43.355,-66.165,2021-10-07,280,Seal Island ,NA,NA,108,2,complete.returns,,4Xq,4Xo,Purse Seine
514778,2021-10-05,278,German Bank,43.355,-66.165,2021-10-07,280,Seal Island ,NA,NA,39,2,complete.returns,,4Xq,4Xo,Purse Seine
514724,2021-10-05,278,German Bank,43.33833333,-66.16666667,2021-10-07,280,Seal Island ,NA,NA,39,2,complete.returns,,4Xq,4Xo,Purse Seine
526523,2021-10-05,278,German Bank,43.30836667,-66.46606667,2021-10-08,281,Seal Island ,NA,NA,40,3,complete.returns,,4Xq,4Xo,Purse Seine
507351,2022-07-04,185,German Bank,43.6,-66.633333,2022-08-04,216,Seelys Head,NA,NA,16.87,31,complete.returns,,4Xq,4Xs,Shut-Off
456629,2019-07-28,209,Trinity,44.1137,-66.4637,2019-09-05,248,Seelys Head,NA,NA,NA,39,complete.returns,,4Xr,4Xs,Weir
585563,2022-06-13,164,Grand Manan Banks,44.28618333,-67.00335,2022-06-14,165,South East Banks,NA,NA,108,1,complete.returns,,5Yb,,Purse Seine
493287,2021-10-22,295,German Bank,43.309967,-66.385633,2022-06-02,153,Southwest Bank,NA,NA,89.6,223,complete.returns,,4Xq,,Purse Seine
417007,2016-07-11,193,Grand Manan Banks,44.13,-67.1183,2016-07-14,196,Southwest Bank,NA,NA,NA,3,complete.returns,,5Yb,,Purse Seine
417029,2016-07-11,193,Grand Manan Banks,44.13,-67.1183,2016-08-11,224,Southwest Bank,NA,NA,NA,31,complete.returns,,5Yb,,Purse Seine
417180,2016-07-11,193,Grand Manan Banks,44.13,-67.1183,2016-08-04,217,Southwest Bank,NA,NA,NA,24,complete.returns,,5Yb,,Purse Seine
417479,2016-07-12,194,Grand Manan Banks,44.1042,-67.1233,2016-08-22,235,Southwest Bank,NA,NA,NA,41,complete.returns,,5Yb,,Purse Seine
417500,2016-07-12,194,Grand Manan Banks,44.1042,-67.1233,2016-07-14,196,Southwest Bank,NA,NA,NA,2,complete.returns,,5Yb,,Purse Seine
417623,2016-07-11,193,Grand Manan Banks,44.13,-67.1183,2016-07-25,207,Southwest Bank,NA,NA,NA,14,complete.returns,,5Yb,,Purse Seine
417729,2016-07-11,193,Grand Manan Banks,44.13,-67.1183,2016-08-08,221,Southwest Bank,NA,NA,NA,28,complete.returns,,5Yb,,Purse Seine
417955,2016-07-11,193,Grand Manan Banks,44.13,-67.1183,2016-08-22,235,Southwest Bank,NA,NA,NA,42,complete.returns,,5Yb,,Purse Seine
418802,2016-07-12,194,Grand Manan Banks,44.1042,-67.1233,2016-07-13,195,Southwest Bank,NA,NA,NA,1,complete.returns,,5Yb,,Purse Seine
419130,2016-06-15,167,German Bank,43.5015,-66.7742,2016-07-27,209,Southwest Bank,NA,NA,NA,42,complete.returns,,4Xq,,Purse Seine
425060,2016-07-12,194,Grand Manan Banks,44.1042,-67.1233,2016-07-22,204,Southwest Bank,NA,NA,NA,10,complete.returns,,5Yb,,Purse Seine
425773,2016-07-25,207,Grand Manan Banks,44.1367,-67.1485,2016-07-28,210,Southwest Bank,NA,NA,NA,3,complete.returns,,5Yb,,Purse Seine
426139,2016-07-26,208,Grand Manan Banks,44.1407,-67.1493,2016-08-11,224,Southwest Bank,NA,NA,NA,16,complete.returns,,5Yb,,Purse Seine
426400,2016-07-26,208,Grand Manan Banks,44.1407,-67.1493,2016-08-11,224,Southwest Bank,NA,NA,NA,16,complete.returns,,5Yb,,Purse Seine
427865,2016-08-03,216,Grand Manan Banks,44.125,-67.121,2016-08-09,222,Southwest Bank,NA,NA,NA,6,complete.returns,,5Yb,,Purse Seine
428424,2016-08-04,217,Grand Manan Banks,44.0895,-67.1285,2016-08-23,236,Southwest Bank,NA,NA,NA,19,complete.returns,,5Yb,,Purse Seine
433731,2016-08-17,230,Grand Manan Banks,44.258,-66.9992,2016-08-23,236,Southwest Bank,NA,NA,NA,6,complete.returns,,5Yb,,Purse Seine
421877,2016-07-05,187,German Bank,43.4483,-66.7167,2016-08-24,237,SpawnTow,NA,NA,NA,50,complete.returns,,4Xq,,Purse Seine
431629,2016-08-11,224,German Bank,43.4623,-66.349,2016-08-24,237,SpawnTow,NA,NA,NA,13,complete.returns,,4Xq,,Purse Seine
44639,2019-06-05,156,Grand Manan Banks,44.2885,-66.9765,2019-09-09,252,Spruce Island Weir,NA,NA,NA,96,complete.returns,,5Yb,,Weir
204314,2019-06-20,171,Grand Manan Banks,44.416,-66.7,2019-09-09,252,Spruce Island Weir,NA,NA,NA,81,complete.returns,,4Xs,,Weir
465602,2020-07-01,183,SW Grounds,43.1144,-66.0483,2020-07-02,184,SW Grounds,NA,NA,NA,1,complete.returns,SW GROUNDS AREA 11,4Xo,4Xq,Purse Seine
465034,2020-06-28,180,SW Grounds,43.1161,-65.9979,2020-07-06,188,SW Grounds,NA,NA,NA,8,complete.returns,SW GROUNDS AREA 11,4Xo,4Xq,Purse Seine
465834,2020-07-01,183,SW Grounds,43.1055,-65.9992,2020-07-06,188,SW Grounds,NA,NA,NA,5,complete.returns,SW GROUNDS AREA 11,4Xo,4Xq,Purse Seine
420572,2016-06-28,180,Gannet Dry Ledge,43.605,-66.9362,2017-06-09,160,Tear Drop,NA,NA,NA,346,complete.returns,,4Xq,,Purse Seine
419513,2016-06-16,168,Gannet Dry Ledge,43.6117,-66.935,2016-06-28,180,Tear Drop,NA,NA,NA,12,complete.returns,,4Xq,,Purse Seine
419530,2016-06-16,168,Gannet Dry Ledge,43.6117,-66.935,2016-06-17,169,Tear Drop,NA,NA,NA,1,complete.returns,,4Xq,,Purse Seine
419705,2016-06-17,169,Gannet Dry Ledge,43.6007,-66.9387,2016-06-27,179,Tear Drop,NA,NA,NA,10,complete.returns,,4Xq,,Purse Seine
421727,2016-07-05,187,German Bank,43.545,-66.6783,2016-07-06,188,Tear Drop,NA,NA,NA,1,complete.returns,,4Xq,,Purse Seine
422113,2016-07-05,187,German Bank,43.4483,-66.7167,2016-07-07,189,Tear Drop,NA,NA,NA,2,complete.returns,,4Xq,,Purse Seine
442510,2018-06-26,177,Grand Manan Banks,44.44633333,-66.6723,2018-07-09,190,The Mumps Weir,NA,NA,NA,13,complete.returns,,4Xs,,Weir
468757,2023-07-01,182,Other,44.30111111,-62.28722222,2023-07-02,183,The Patch ,NA,NA,63,1,complete.returns,,4Wk,4Wk,Purse Seine
448191,2017-06-12,163,Gannet Dry Ledge,43.60833333,-66.9297,2017-07-14,195,Trinity,NA,NA,NA,32,complete.returns,,4Xq,4Xr,Purse Seine
44790,2019-06-12,163,Grand Manan Banks,44.392,-66.7198,2019-08-15,227,Tuckers Cove,NA,NA,NA,64,complete.returns,,4Xs,4Xs,Weir/Shut-Off
431628,2016-08-11,224,German Bank,43.4623,-66.349,2016-08-15,228,Undetermined,NA,NA,NA,4,complete.returns,,4Xq,,Purse Seine
567218,2023-08-29,241,Scots Bay,45.20138889,-64.88638889,2024-09-17,261,UNKNOWN,NA,NA,NA,385,complete.returns,,4Xr,,Purse Seine
502001,2022-08-22,234,Scots Bay,45.12246667,-65.05455,2024-09-17,261,UNKNOWN,NA,NA,NA,757,complete.returns,,4Xr,,Purse Seine
556292,2023-06-28,179,Grand Manan,44.62,-66.65611111,2024-09-17,261,UNKNOWN,NA,NA,NA,447,complete.returns,,4Xs,,Purse Seine
473464,2023-07-07,188,Grand Manan,44.58111111,-66.58416667,2024-09-17,261,UNKNOWN,NA,NA,NA,438,complete.returns,,4Xs,,Purse Seine
517984,2021-10-04,277,German Bank,43.291,-66.45433333,2024-09-17,261,UNKNOWN,NA,NA,NA,1079,complete.returns,,4Xq,,Purse Seine
510556,2022-08-29,241,German Bank,43.31666667,-66.36666667,2024-09-17,261,UNKNOWN,NA,NA,NA,750,complete.returns,,4Xq,,Purse Seine
557217,2023-07-05,186,Grand Manan,44.59305556,-66.58416667,2024-09-17,261,UNKNOWN,NA,NA,NA,440,complete.returns,,4Xs,,Purse Seine
567458,2023-09-03,246,German Bank,43.27138889,-66.37361111,2024-09-17,261,UNKNOWN,NA,NA,NA,380,complete.returns,,4Xq,,Purse Seine
498347,2022-08-16,228,German Bank,43.34535,-66.44735,2024-09-17,261,UNKNOWN,NA,NA,NA,763,complete.returns,,4Xq,,Purse Seine
507864,2022-07-08,189,Grand Manan,44.63333333,-66.65,2024-09-17,261,UNKNOWN,NA,NA,NA,802,complete.returns,,4Xs,,Purse Seine
566638,2023-08-23,235,German Bank,43.48611111,-66.22694444,2025-02-04,35,UNKNOWN,NA,NA,NA,531,complete.returns,,4Xq,,Purse Seine
502414,2022-08-24,236,German Bank,43.29388333,-66.39218333,2022-09-19,262,UNKNOWN,NA,NA,NA,26,complete.returns,,4Xq,,Purse Seine
594136,2022-08-24,236,Scots Bay,45.14533333,-65.0025,2023-09-23,266,UNKNOWN,NA,NA,NA,395,complete.returns,,4Xr,,Purse Seine
564852,2023-08-28,240,Scots Bay,45.18027778,-64.95611111,2023-09-23,266,UNKNOWN,NA,NA,NA,26,complete.returns,,4Xr,,Purse Seine
469366,2021-07-14,195,Grand Manan Banks,44.42828333,-66.74158333,2021-09-06,249,Whale Cove/Grand Manan,NA,NA,24.18,54,complete.returns,,4Xs,,Weir/Star
515768,2021-07-21,202,Long Island,44.21066667,-66.62083333,2021-09-06,249,Whale Cove/Grand Manan,NA,NA,24.18,47,complete.returns,,4Xr,,Weir/Star
583368,2021-07-07,188,Grand Manan Banks,44.27703333,-66.99981667,2021-09-06,249,Whale Cove/Grand Manan,NA,NA,24.18,61,complete.returns,,5Yb,,Weir/Star
496891,2022-06-21,172,Grand Manan Banks,44.26,-66.99166667,2022-07-08,189,White Head,NA,NA,75,17,complete.returns,,5Yb,4Xr,Purse Seine
507389,2022-07-04,185,German Bank,43.6,-66.633333,2022-07-08,189,White Head,NA,NA,72.5,4,complete.returns,,4Xq,4Xr,Purse Seine
496387,2022-06-19,170,Grand Manan Banks,44.25016667,-67.02266667,2022-07-07,188,White Head,NA,NA,81.8,18,complete.returns,,5Yb,4Xr,Purse Seine
507737,2022-07-05,186,German Bank,43.633333,-66.65,2022-07-08,189,White Head,NA,NA,75,3,complete.returns,,4Xq,4Xr,Purse Seine
507736,2022-07-05,186,German Bank,43.633333,-66.65,2022-07-08,189,White Head,NA,NA,76,3,complete.returns,,4Xq,4Xr,Purse Seine
507438,2022-07-04,185,German Bank,43.6,-66.633333,2022-07-15,196,White Head,NA,NA,84,11,complete.returns,,4Xq,4Xr,Purse Seine
507609,2022-07-05,186,German Bank,43.616667,-66.633333,2022-07-15,196,White Head,NA,NA,84,10,complete.returns,,4Xq,4Xr,Purse Seine
496592,2022-06-20,171,Grand Manan Banks,44.27383333,-66.98333333,2022-07-15,196,White Head,NA,NA,84,25,complete.returns,,5Yb,4Xr,Purse Seine
496468,2022-06-20,171,Grand Manan Banks,44.27383333,-66.98333333,2022-07-15,196,White Head,NA,NA,84,25,complete.returns,,5Yb,4Xr,Purse Seine
507716,2022-07-05,186,German Bank,43.633333,-66.65,2022-07-15,196,White Head,NA,NA,84,10,complete.returns,,4Xq,4Xr,Purse Seine
551575,2022-07-08,189,Grand Manan,44.624,-66.65133333,2022-07-15,196,White Head,NA,NA,65,7,complete.returns,,4Xs,4Xr,Purse Seine
551388,2022-07-08,189,Grand Manan,44.624,-66.65133333,2022-08-17,229,White Head,NA,NA,102,40,complete.returns,,4Xs,4Xr,Purse Seine
507157,2022-06-28,179,German Bank,43.616667,-66.616667,2022-08-17,229,White Head,NA,NA,102,50,complete.returns,,4Xq,4Xr,Purse Seine
549139,2022-07-07,188,Grand Manan,44.618,-66.6555,2022-08-15,227,White Head,NA,NA,102,39,complete.returns,,4Xs,4Xr,Purse Seine
499381,2022-08-08,220,Trinity,44.08333333,-66.48333333,2022-10-13,286,White Head,NA,NA,35.5,66,complete.returns,,4Xr,4Xr,Purse Seine
583902,2021-07-15,196,Long Island,44.34526667,-66.37411667,2021-08-11,223,White Head,NA,NA,44,27,complete.returns,,4Xr,4Xr,Purse Seine
480601,2020-08-11,224,Scots Bay,45.13012,-64.9917,2020-08-12,225,White Head,NA,NA,74,1,complete.returns,,4Xr,4Xr,Purse Seine
423309,2016-08-02,215,German Bank,43.3678,-66.3952,2016-10-31,305,White Head,NA,NA,NA,90,complete.returns,,4Xq,4Xr,Purse Seine
425379,2016-07-25,207,Grand Manan Banks,44.1367,-67.1485,2016-10-31,305,White Head,NA,NA,NA,98,complete.returns,,5Yb,4Xr,Purse Seine
426117,2016-07-26,208,Grand Manan Banks,44.1407,-67.1493,2016-10-20,294,White Head,NA,NA,NA,86,complete.returns,,5Yb,4Xr,Purse Seine
426247,2016-07-26,208,Grand Manan Banks,44.1407,-67.1493,2016-10-14,288,White Head,NA,NA,NA,80,complete.returns,,5Yb,4Xr,Purse Seine
435283,2016-08-11,224,German Bank,43.3127,-66.4268,2016-10-17,291,White Head,NA,NA,NA,67,complete.returns,,4Xq,4Xr,Purse Seine
440222,2016-08-07,220,German Bank,43.456,-66.3372,2016-10-31,305,White Head,NA,NA,NA,85,complete.returns,,4Xq,4Xr,Purse Seine
459126,2019-07-07,188,Scots Bay,45.11374167,-65.0137,2019-07-23,204,White Head,NA,NA,NA,16,complete.returns,,4Xr,4Xr,Purse Seine
497450,2023-06-20,171,Grand Manan Banks,44.28333333,-66.95,2023-07-11,192,White Head,NA,NA,65,21,complete.returns,,5Yb,4Xr,Purse Seine
473477,2023-07-07,188,Grand Manan,44.58111111,-66.58416667,2023-07-21,202,White Head,NA,NA,48,14,complete.returns,,4Xs,4Xr,Purse Seine/Frozen
508845,2023-07-04,185,Grand Manan,44.6,-66.55,2023-07-05,186,White Head,NA,NA,48,1,complete.returns,,4Xs,4Xr,Purse Seine/Frozen
533777,2023-10-01,274,Grand Manan,44.65361111,-66.65333333,2023-10-04,277,White Head,NA,NA,63,3,complete.returns,,4Xs,4Xr,Purse Seine
487600,2022-10-12,285,Grand Manan,44.75,-66.71666667,2023-10-05,278,White Head,NA,NA,63,358,complete.returns,,4Xs,4Xr,Purse Seine
567512,2023-09-03,246,German Bank,43.27138889,-66.37361111,2023-10-05,278,White Head,NA,NA,123,32,complete.returns,,4Xq,4Xr,Purse Seine
574029,2023-09-12,255,German Bank,43.26888889,-66.37583333,2023-10-05,278,White Head,NA,NA,123,23,complete.returns,,4Xq,4Xr,Purse Seine
533779,2023-10-01,274,Grand Manan,44.65361111,-66.65333333,2023-10-12,285,White Head,NA,NA,118,11,complete.returns,,4Xs,4Xr,Purse Seine
529159,2023-10-01,274,Grand Manan,44.63277778,-66.63972222,2023-10-12,285,White Head,NA,NA,118,11,complete.returns,,4Xs,4Xr,Purse Seine
564618,2023-08-29,241,Scots Bay,45.19805556,-64.85777778,2023-10-12,285,White Head,NA,NA,31,44,complete.returns,,4Xr,4Xr,Purse Seine
569479,2023-08-30,242,Long Island,44.295,-66.42,2023-10-19,292,White Head,NA,NA,31,50,complete.returns,,4Xr,4Xr,Purse Seine
533766,2023-10-01,274,Grand Manan,44.65361111,-66.65333333,2023-10-19,292,White Head,NA,NA,31,18,complete.returns,,4Xs,4Xr,Purse Seine
487835,2022-10-17,290,Grand Manan,44.76666667,-66.71666667,2023-10-13,286,White Head,NA,NA,46,361,complete.returns,,4Xs,4Xr,Purse Seine
487541,2022-10-12,285,Grand Manan,44.75,-66.71666667,2023-10-13,286,White Head,NA,NA,46,366,complete.returns,,4Xs,4Xr,Purse Seine
585870,2022-08-07,219,Scots Bay,45.146,-65.0465,2023-10-13,286,White Head,NA,NA,46,432,complete.returns,,4Xr,4Xr,Purse Seine
529268,2023-10-02,275,Grand Manan,44.67416667,-66.65333333,2023-10-13,286,White Head,NA,NA,46,11,complete.returns,,4Xs,4Xr,Purse Seine
557790,2023-07-06,187,Grand Manan,44.58166667,-66.59333333,2023-10-13,286,White Head,NA,NA,96,99,complete.returns,,4Xs,4Xr,Purse Seine
564219,2023-08-28,240,Scots Bay,45.14111111,-65.05194444,2023-10-13,286,White Head,NA,NA,96,46,complete.returns,,4Xr,4Xr,Purse Seine
564220,2023-08-28,240,Scots Bay,45.14111111,-65.05194444,2023-10-13,286,White Head,NA,NA,96,46,complete.returns,,4Xr,4Xr,Purse Seine
529390,2023-10-02,275,Grand Manan,44.67416667,-66.65333333,2023-10-13,286,White Head,NA,NA,96,11,complete.returns,,4Xs,4Xr,Purse Seine
533778,2023-10-01,274,Grand Manan,44.65361111,-66.65333333,2023-10-13,286,White Head,NA,NA,96,12,complete.returns,,4Xs,4Xr,Purse Seine
529251,2023-10-02,275,Grand Manan,44.67416667,-66.65333333,2023-10-13,286,White Head,NA,NA,96,11,complete.returns,,4Xs,4Xr,Purse Seine
529291,2023-10-02,275,Grand Manan,44.67416667,-66.65333333,2023-10-13,286,White Head,NA,NA,96,11,complete.returns,,4Xs,4Xr,Purse Seine
529193,2023-10-01,274,Grand Manan,44.63277778,-66.63972222,2023-10-13,286,White Head,NA,NA,96,12,complete.returns,,4Xs,4Xr,Purse Seine
563743,2023-08-14,226,Long Island,44.34916667,-66.35805556,2023-10-13,286,White Head,NA,NA,96,60,complete.returns,,4Xr,4Xr,Purse Seine
564854,2023-08-28,240,Scots Bay,45.18027778,-64.95611111,2023-10-16,289,White Head,NA,NA,110,49,complete.returns,,4Xr,4Xr,Purse Seine
529272,2023-10-02,275,Grand Manan,44.67416667,-66.65333333,2023-10-16,289,White Head,NA,NA,110,14,complete.returns,,4Xs,4Xr,Purse Seine
557814,2023-07-06,187,Grand Manan,44.58166667,-66.59333333,2023-10-16,289,White Head,NA,NA,110,102,complete.returns,,4Xs,4Xr,Purse Seine
505237,2023-06-22,173,Grand Manan Banks,44.28333333,-66.98333333,2023-10-16,289,White Head,NA,NA,110,116,complete.returns,,5Yb,4Xr,Purse Seine
565484,2023-07-03,184,Scots Bay,45.26888889,-64.85,2023-10-16,289,White Head,NA,NA,110,105,complete.returns,,4Xr,4Xr,Purse Seine
593126,2023-06-20,171,Grand Manan Banks,44.2814,-66.96776667,2023-10-16,289,White Head,NA,NA,110,118,complete.returns,,5Yb,4Xr,Purse Seine
497211,2023-06-12,163,Trinity,44.1,-66.48333333,2023-10-16,289,White Head,NA,NA,110,126,complete.returns,,4Xr,4Xr,Purse Seine
533937,2023-10-01,274,Grand Manan,44.65361111,-66.65333333,2023-10-16,289,White Head,NA,NA,110,15,complete.returns,,4Xs,4Xr,Purse Seine
521788,2023-08-28,240,Trinity,44.05,-66.46666667,2023-10-16,289,White Head,NA,NA,110,49,complete.returns,,4Xr,4Xr,Purse Seine
529286,2023-10-02,275,Grand Manan,44.67416667,-66.65333333,2023-10-16,289,White Head,NA,NA,110,14,complete.returns,,4Xs,4Xr,Purse Seine
523345,2023-07-04,185,Grand Manan,44.6,-66.58305556,2023-10-16,289,White Head,NA,NA,110,104,complete.returns,,4Xs,4Xr,Purse Seine
529158,2023-10-01,274,Grand Manan,44.63277778,-66.63972222,2023-10-17,290,White Head,NA,NA,115,16,complete.returns,,4Xs,4Xr,Purse Seine
529289,2023-10-02,275,Grand Manan,44.67416667,-66.65333333,2023-10-17,290,White Head,NA,NA,115,15,complete.returns,,4Xs,4Xr,Purse Seine
509019,2023-07-05,186,Grand Manan,44.6166667,-66.58333333,2023-10-17,290,White Head,NA,NA,115,104,complete.returns,,4Xs,4Xr,Purse Seine
473474,2023-07-07,188,Grand Manan,44.58111111,-66.58416667,2023-10-18,291,White Head,NA,NA,62,103,complete.returns,,4Xs,4Xr,Purse Seine
577882,2023-09-06,249,Scots Bay,45.15833333,-65.01138889,2023-10-18,291,White Head,NA,NA,62,42,complete.returns,,4Xr,4Xr,Purse Seine
529221,2023-10-01,274,Grand Manan,44.63277778,-66.63972222,2023-10-18,291,White Head,NA,NA,62,17,complete.returns,,4Xs,4Xr,Purse Seine
533772,2023-10-01,274,Grand Manan,44.65361111,-66.65333333,2023-10-18,291,White Head,NA,NA,115,17,complete.returns,,4Xs,4Xr,Purse Seine
498195,2022-08-16,228,German Bank,43.29838333,-66.42238333,2023-10-18,291,White Head,NA,NA,115,428,complete.returns,,4Xq,4Xr,Purse Seine
521981,2023-08-28,240,Trinity,44.05,-66.46666667,2023-10-18,291,White Head,NA,NA,115,51,complete.returns,,4Xr,4Xr,Purse Seine
533867,2023-10-01,274,Grand Manan,44.65361111,-66.65333333,2023-10-20,293,White Head,NA,NA,109,19,complete.returns,,4Xs,4Xr,Purse Seine
564204,2023-08-28,240,Scots Bay,45.14111111,-65.05194444,2024-06-25,177,White Head,NA,NA,NA,302,complete.returns,,4Xr,4Xr,Purse Seine
529172,2023-10-01,274,Grand Manan,44.63277778,-66.63972222,2023-10-03,276,White Head ,NA,NA,56,2,complete.returns,,4Xs,4Xr,Purse Seine
603008,2022-08-30,242,German Bank,43.24338333,-66.33363333,2023-10-03,276,White Head ,NA,NA,56,399,complete.returns,,4Xq,4Xr,Purse Seine
523371,2023-07-04,185,Grand Manan,44.6,-66.58305556,2023-10-03,276,White Head ,NA,NA,56,91,complete.returns,,4Xs,4Xr,Purse Seine
529315,2023-10-02,275,Grand Manan,44.67416667,-66.65333333,2023-10-03,276,White Head ,NA,NA,56,1,complete.returns,,4Xs,4Xr,Purse Seine
556565,2023-07-03,184,Scots Bay,45.27555556,-64.9625,2023-10-03,276,White Head ,NA,NA,56,92,complete.returns,,4Xr,4Xr,Purse Seine
533762,2023-10-01,274,Grand Manan,44.65361111,-66.65333333,2023-10-03,276,White Head ,NA,NA,56,2,complete.returns,,4Xs,4Xr,Purse Seine
521558,2023-08-28,240,Trinity,44.05,-66.46666667,2023-10-03,276,White Head ,NA,NA,56,36,complete.returns,,4Xr,4Xr,Purse Seine
593730,2023-06-22,173,Grand Manan Banks,44.29798333,-66.93935,2023-10-03,276,White Head ,NA,NA,56,103,complete.returns,,5Yb,4Xr,Purse Seine
533753,2023-10-01,274,Grand Manan,44.65361111,-66.65333333,2023-10-03,276,White Head ,NA,NA,56,2,complete.returns,,4Xs,4Xr,Purse Seine
529109,2023-10-01,274,Grand Manan,44.63277778,-66.63972222,2023-10-03,276,White Head ,NA,NA,56,2,complete.returns,,4Xs,4Xr,Purse Seine
529367,2023-10-02,275,Grand Manan,44.67416667,-66.65333333,2023-10-03,276,White Head ,NA,NA,63,1,complete.returns,,4Xs,4Xr,Purse Seine
557866,2023-07-06,187,Grand Manan,44.58166667,-66.59333333,2023-10-04,277,White Head ,NA,NA,56,90,complete.returns,,4Xs,4Xr,Purse Seine
529282,2023-10-02,275,Grand Manan,44.67416667,-66.65333333,2023-10-04,277,White Head ,NA,NA,56,2,complete.returns,,4Xs,4Xr,Purse Seine
533981,2023-10-01,274,Grand Manan,44.65361111,-66.65333333,2023-10-04,277,White Head ,NA,NA,56,3,complete.returns,,4Xs,4Xr,Purse Seine
565378,2023-07-03,184,Scots Bay,45.26888889,-64.85,2023-10-04,277,White Head ,NA,NA,123,93,complete.returns,,4Xr,4Xr,Purse Seine
529014,2023-10-01,274,Grand Manan,44.63277778,-66.63972222,2023-10-04,277,White Head ,NA,NA,63,3,complete.returns,,4Xs,4Xr,Purse Seine
529298,2023-10-02,275,Grand Manan,44.67416667,-66.65333333,2023-10-04,277,White Head ,NA,NA,63,2,complete.returns,,4Xs,4Xr,Purse Seine
572173,2023-07-31,212,Grand Manan Banks,44.28555556,-67.00305556,2023-10-04,277,White Head ,NA,NA,63,65,complete.returns,,5Yb,4Xr,Purse Seine
556931,2023-07-04,185,Grand Manan,44.60888889,-66.58833333,2023-10-04,277,White Head ,NA,NA,63,92,complete.returns,,4Xs,4Xr,Purse Seine
529311,2023-10-02,275,Grand Manan,44.67416667,-66.65333333,2023-10-04,277,White Head ,NA,NA,63,2,complete.returns,,4Xs,4Xr,Purse Seine
529230,2023-10-02,275,Grand Manan,44.67416667,-66.65333333,2023-10-04,277,White Head ,NA,NA,123,2,complete.returns,,4Xs,4Xr,Purse Seine
521492,2023-08-23,235,German Bank,43.38333333,-66.16666667,2023-10-16,289,White Head ,NA,NA,110,54,complete.returns,,4Xq,4Xr,Purse Seine
505150,2023-06-22,173,Grand Manan Banks,44.28333333,-66.98333333,2023-10-16,289,White Head ,NA,NA,110,116,complete.returns,,5Yb,4Xr,Purse Seine
111573,2019-10-03,276,NB Coastal,44.8713,-66.7281,2019-10-14,287,Wolfs Bank,NA,NA,NA,11,complete.returns,,4Xs,,Purse Seine
111602,2019-10-03,276,NB Coastal,44.8713,-66.7281,2019-10-14,287,Wolfs Bank,NA,NA,NA,11,complete.returns,,4Xs,,Purse Seine
111608,2019-10-03,276,NB Coastal,44.8713,-66.7281,2019-10-14,287,Wolfs Bank,NA,NA,NA,11,complete.returns,,4Xs,,Purse Seine
111612,2019-10-03,276,NB Coastal,44.8713,-66.7281,2019-10-14,287,Wolfs Bank,NA,NA,NA,11,complete.returns,,4Xs,,Purse Seine
111617,2019-10-03,276,NB Coastal,44.8713,-66.7281,2019-10-14,287,Wolfs Bank,NA,NA,NA,11,complete.returns,,4Xs,,Purse Seine
111660,2019-10-03,276,NB Coastal,44.8713,-66.7281,2019-10-14,287,Wolfs Bank,NA,NA,NA,11,complete.returns,,4Xs,,Purse Seine
111829,2019-10-03,276,NB Coastal,44.8713,-66.7281,2019-10-15,288,Wolfs Bank,NA,NA,NA,12,complete.returns,,4Xs,,Purse Seine
552159,2020-10-06,280,NB Coastal,44.94533,-66.742,2020-10-07,281,Wolves,NA,NA,122,1,complete.returns,,4Xs,4Xs,Purse Seine
552489,2020-10-06,280,NB Coastal,44.94533,-66.742,2020-10-07,281,Wolves,NA,NA,122,1,complete.returns,,4Xs,4Xs,Purse Seine
552428,2020-10-06,280,NB Coastal,44.94533,-66.742,2020-10-07,281,Wolves,NA,NA,122,1,complete.returns,,4Xs,4Xs,Purse Seine
552282,2020-10-06,280,NB Coastal,44.94533,-66.742,2020-10-07,281,Wolves,NA,NA,122,1,complete.returns,,4Xs,4Xs,Purse Seine
552132,2020-10-06,280,NB Coastal,44.94533,-66.742,2020-10-07,281,Wolves,NA,NA,122,1,complete.returns,,4Xs,4Xs,Purse Seine
552444,2020-10-06,280,NB Coastal,44.94533,-66.742,2020-10-07,281,Wolves,NA,NA,122,1,complete.returns,,4Xs,4Xs,Purse Seine
552006,2020-10-06,280,NB Coastal,44.94533,-66.742,2020-10-07,281,Wolves,NA,NA,122,1,complete.returns,,4Xs,4Xs,Purse Seine
552051,2020-10-06,280,NB Coastal,44.94533,-66.742,2020-10-07,281,Wolves,NA,NA,126,1,complete.returns,,4Xs,4Xs,Purse Seine
553350,2020-10-06,280,NB Coastal,44.94567,-66.7432,2020-10-13,287,Wolves,NA,NA,65,7,complete.returns,,4Xs,4Xs,Purse Seine
552014,2020-10-06,280,NB Coastal,44.94533,-66.742,2020-10-13,287,Wolves,NA,NA,65,7,complete.returns,,4Xs,4Xs,Purse Seine
553507,2020-10-06,280,NB Coastal,44.94567,-66.7432,2020-10-13,287,Wolves,NA,NA,65,7,complete.returns,,4Xs,4Xs,Purse Seine
553430,2020-10-06,280,NB Coastal,44.94567,-66.7432,2020-10-13,287,Wolves,NA,NA,60,7,complete.returns,,4Xs,4Xs,Purse Seine
553853,2020-10-06,280,NB Coastal,44.96833,-66.7312,2020-10-13,287,Wolves,NA,NA,60,7,complete.returns,,4Xs,4Xs,Purse Seine
206566,2020-07-16,198,Trinity,44.07733,-66.435,2020-10-13,287,Wolves,NA,NA,60,89,complete.returns,,4Xr,4Xs,Purse Seine
554798,2020-10-11,285,NB Coastal,44.9805,-66.7118,2020-10-13,287,Wolves,NA,NA,60,2,complete.returns,,4Xs,4Xs,Purse Seine
553675,2020-10-06,280,NB Coastal,44.96833,-66.7312,2020-10-13,287,Wolves,NA,NA,60,7,complete.returns,,4Xs,4Xs,Purse Seine
553597,2020-10-06,280,NB Coastal,44.96833,-66.7312,2020-10-13,287,Wolves,NA,NA,60,7,complete.returns,,4Xs,4Xs,Purse Seine
553023,2020-10-06,280,NB Coastal,44.95083,-66.7407,2020-10-13,287,Wolves,NA,NA,60,7,complete.returns,,4Xs,4Xs,Purse Seine
553671,2020-10-06,280,NB Coastal,44.96833,-66.7312,2020-10-13,287,Wolves,NA,NA,70,7,complete.returns,,4Xs,4Xs,Purse Seine
553378,2020-10-06,280,NB Coastal,44.94567,-66.7432,2020-10-13,287,Wolves,NA,NA,70,7,complete.returns,,4Xs,4Xs,Purse Seine
552758,2020-10-06,280,NB Coastal,44.95083,-66.7407,2020-10-13,287,Wolves,NA,NA,70,7,complete.returns,,4Xs,4Xs,Purse Seine
553519,2020-10-06,280,NB Coastal,44.94567,-66.7432,2020-10-13,287,Wolves,NA,NA,70,7,complete.returns,,4Xs,4Xs,Purse Seine
553500,2020-10-06,280,NB Coastal,44.94567,-66.7432,2020-10-14,288,Wolves,NA,NA,76,8,complete.returns,,4Xs,4Xs,Purse Seine
552826,2020-10-06,280,NB Coastal,44.95083,-66.7407,2020-10-14,288,Wolves,NA,NA,76,8,complete.returns,,4Xs,4Xs,Purse Seine
553967,2020-10-06,280,NB Coastal,44.96833,-66.7312,2020-10-14,288,Wolves,NA,NA,76,8,complete.returns,,4Xs,4Xs,Purse Seine
553399,2020-10-06,280,NB Coastal,44.94567,-66.7432,2020-10-14,288,Wolves,NA,NA,76,8,complete.returns,,4Xs,4Xs,Purse Seine
552293,2020-10-06,280,NB Coastal,44.94533,-66.742,2020-10-14,288,Wolves,NA,NA,76,8,complete.returns,,4Xs,4Xs,Purse Seine
553900,2020-10-06,280,NB Coastal,44.96833,-66.7312,2020-10-14,288,Wolves,NA,NA,76,8,complete.returns,,4Xs,4Xs,Purse Seine
554500,2020-10-13,287,NB Coastal,44.98,-66.7138,2020-10-14,288,Wolves,NA,NA,76,1,complete.returns,,4Xs,4Xs,Purse Seine
552456,2020-10-06,280,NB Coastal,44.94533,-66.742,2020-10-14,288,Wolves,NA,NA,76,8,complete.returns,,4Xs,4Xs,Purse Seine
554001,2020-10-13,287,NB Coastal,44.98,-66.7138,2020-10-14,288,Wolves,NA,NA,76,1,complete.returns,,4Xs,4Xs,Purse Seine
554610,2020-10-13,287,NB Coastal,44.98,-66.7138,2020-10-14,288,Wolves,NA,NA,76,1,complete.returns,,4Xs,4Xs,Purse Seine
553089,2020-10-06,280,NB Coastal,44.95083,-66.7407,2020-10-14,288,Wolves,NA,NA,76,8,complete.returns,,4Xs,4Xs,Purse Seine
554021,2020-10-13,287,NB Coastal,44.98,-66.7138,2020-10-14,288,Wolves,NA,NA,76,1,complete.returns,,4Xs,4Xs,Purse Seine
553369,2020-10-06,280,NB Coastal,44.94567,-66.7432,2020-10-14,288,Wolves,NA,NA,76,8,complete.returns,,4Xs,4Xs,Purse Seine
554416,2020-10-13,287,NB Coastal,44.98,-66.7138,2020-10-14,288,Wolves,NA,NA,76,1,complete.returns,,4Xs,4Xs,Purse Seine
553467,2020-10-06,280,NB Coastal,44.94567,-66.7432,2020-10-14,288,Wolves,NA,NA,76,8,complete.returns,,4Xs,4Xs,Purse Seine
552683,2020-10-06,280,NB Coastal,44.95083,-66.7407,2020-10-14,288,Wolves,NA,NA,76,8,complete.returns,,4Xs,4Xs,Purse Seine
554067,2020-10-13,287,NB Coastal,44.98,-66.7138,2020-10-16,290,Wolves,NA,NA,60,3,complete.returns,,4Xs,4Xs,Purse Seine
552463,2020-10-06,280,NB Coastal,44.94533,-66.742,2020-10-16,290,Wolves,NA,NA,60,10,complete.returns,,4Xs,4Xs,Purse Seine
554410,2020-10-13,287,NB Coastal,44.98,-66.7138,2020-10-16,290,Wolves,NA,NA,60,3,complete.returns,,4Xs,4Xs,Purse Seine
207185,2020-07-17,199,Trinity,44.06417,-66.4312,2020-10-16,290,Wolves,NA,NA,60,91,complete.returns,,4Xr,4Xs,Purse Seine
551130,2020-10-11,285,NB Coastal,44.9805,-66.7118,2020-10-16,290,Wolves,NA,NA,60,5,complete.returns,,4Xs,4Xs,Purse Seine
553976,2020-10-06,280,NB Coastal,44.96833,-66.7312,2020-10-16,290,Wolves,NA,NA,60,10,complete.returns,,4Xs,4Xs,Purse Seine
552390,2020-10-06,280,NB Coastal,44.94533,-66.742,2020-10-16,290,Wolves,NA,NA,60,10,complete.returns,,4Xs,4Xs,Purse Seine
554228,2020-10-13,287,NB Coastal,44.98,-66.7138,2020-10-16,290,Wolves,NA,NA,60,3,complete.returns,,4Xs,4Xs,Purse Seine
554626,2020-10-13,287,NB Coastal,44.98,-66.7138,2020-10-15,289,Wolves,NA,NA,55,2,complete.returns,,4Xs,4Xs,Purse Seine
554063,2020-10-13,287,NB Coastal,44.98,-66.7138,2020-10-15,289,Wolves,NA,NA,55,2,complete.returns,,4Xs,4Xs,Purse Seine
552817,2020-10-06,280,NB Coastal,44.95083,-66.7407,2020-10-15,289,Wolves,NA,NA,55,9,complete.returns,,4Xs,4Xs,Purse Seine
553909,2020-10-06,280,NB Coastal,44.96833,-66.7312,2020-10-15,289,Wolves,NA,NA,55,9,complete.returns,,4Xs,4Xs,Purse Seine
552010,2020-10-06,280,NB Coastal,44.94533,-66.742,2020-10-15,289,Wolves,NA,NA,60,9,complete.returns,,4Xs,4Xs,Purse Seine
553679,2020-10-06,280,NB Coastal,44.96833,-66.7312,2020-10-13,287,Wolves,NA,NA,72,7,complete.returns,,4Xs,4Xs,Purse Seine
553247,2020-10-06,280,NB Coastal,44.94567,-66.7432,2020-10-15,289,Wolves,NA,NA,59,9,complete.returns,,4Xs,4Xs,Purse Seine
551097,2020-10-11,285,NB Coastal,44.9805,-66.7118,2020-10-15,289,Wolves,NA,NA,78,4,complete.returns,,4Xs,4Xs,Purse Seine
552867,2020-10-06,280,NB Coastal,44.95083,-66.7407,2020-10-15,289,Wolves,NA,NA,78,9,complete.returns,,4Xs,4Xs,Purse Seine
554891,2020-10-11,285,NB Coastal,44.9805,-66.7118,2020-10-15,289,Wolves,NA,NA,78,4,complete.returns,,4Xs,4Xs,Purse Seine
551214,2020-10-11,285,NB Coastal,44.9805,-66.7118,2020-10-15,289,Wolves,NA,NA,78,4,complete.returns,,4Xs,4Xs,Purse Seine
554518,2020-10-13,287,NB Coastal,44.98,-66.7138,2020-10-15,289,Wolves,NA,NA,78,2,complete.returns,,4Xs,4Xs,Purse Seine
554699,2020-10-11,285,NB Coastal,44.9805,-66.7118,2020-10-15,289,Wolves,NA,NA,78,4,complete.returns,,4Xs,4Xs,Purse Seine
554550,2020-10-13,287,NB Coastal,44.98,-66.7138,2020-10-15,289,Wolves,NA,NA,78,2,complete.returns,,4Xs,4Xs,Purse Seine
552081,2020-10-06,280,NB Coastal,44.94533,-66.742,2020-10-15,289,Wolves,NA,NA,78,9,complete.returns,,4Xs,4Xs,Purse Seine
553280,2020-10-06,280,NB Coastal,44.94567,-66.7432,2020-10-15,289,Wolves,NA,NA,78,9,complete.returns,,4Xs,4Xs,Purse Seine
551142,2020-10-11,285,NB Coastal,44.9805,-66.7118,2020-10-15,289,Wolves,NA,NA,78,4,complete.returns,,4Xs,4Xs,Purse Seine
554402,2020-10-13,287,NB Coastal,44.98,-66.7138,2020-10-15,289,Wolves,NA,NA,78,2,complete.returns,,4Xs,4Xs,Purse Seine
553019,2020-10-06,280,NB Coastal,44.95083,-66.7407,2020-10-15,289,Wolves,NA,NA,78,9,complete.returns,,4Xs,4Xs,Purse Seine
554869,2020-10-11,285,NB Coastal,44.9805,-66.7118,2020-10-15,289,Wolves,NA,NA,78,4,complete.returns,,4Xs,4Xs,Purse Seine
553003,2020-10-06,280,NB Coastal,44.95083,-66.7407,2020-10-15,289,Wolves,NA,NA,78,9,complete.returns,,4Xs,4Xs,Purse Seine
554994,2020-10-11,285,NB Coastal,44.9805,-66.7118,2020-10-15,289,Wolves,NA,NA,78,4,complete.returns,,4Xs,4Xs,Purse Seine
553795,2020-10-06,280,NB Coastal,44.96833,-66.7312,2020-10-15,289,Wolves,NA,NA,78,9,complete.returns,,4Xs,4Xs,Purse Seine
552635,2020-10-06,280,NB Coastal,44.95083,-66.7407,2020-10-15,289,Wolves,NA,NA,78,9,complete.returns,,4Xs,4Xs,Purse Seine
554678,2020-10-11,285,NB Coastal,44.9805,-66.7118,2020-10-15,289,Wolves,NA,NA,78,4,complete.returns,,4Xs,4Xs,Purse Seine
554654,2020-10-11,285,NB Coastal,44.9805,-66.7118,2020-10-15,289,Wolves,NA,NA,78,4,complete.returns,,4Xs,4Xs,Purse Seine
554437,2020-10-13,287,NB Coastal,44.98,-66.7138,2020-10-15,289,Wolves,NA,NA,78,2,complete.returns,,4Xs,4Xs,Purse Seine
552318,2020-10-06,280,NB Coastal,44.94533,-66.742,2020-10-15,289,Wolves,NA,NA,78,9,complete.returns,,4Xs,4Xs,Purse Seine
552975,2020-10-06,280,NB Coastal,44.95083,-66.7407,2020-10-15,289,Wolves,NA,NA,78,9,complete.returns,,4Xs,4Xs,Purse Seine
552378,2020-10-06,280,NB Coastal,44.94533,-66.742,2020-10-15,289,Wolves,NA,NA,78,9,complete.returns,,4Xs,4Xs,Purse Seine
554103,2020-10-13,287,NB Coastal,44.98,-66.7138,2020-10-15,289,Wolves,NA,NA,78,2,complete.returns,,4Xs,4Xs,Purse Seine
551110,2020-10-11,285,NB Coastal,44.9805,-66.7118,2020-10-15,289,Wolves,NA,NA,78,4,complete.returns,,4Xs,4Xs,Purse Seine
552845,2020-10-06,280,NB Coastal,44.95083,-66.7407,2020-10-15,289,Wolves,NA,NA,78,9,complete.returns,,4Xs,4Xs,Purse Seine
554485,2020-10-13,287,NB Coastal,44.98,-66.7138,2020-10-15,289,Wolves,NA,NA,78,2,complete.returns,,4Xs,4Xs,Purse Seine
552271,2020-10-06,280,NB Coastal,44.94533,-66.742,2020-10-16,290,Wolves,NA,NA,78,10,complete.returns,,4Xs,4Xs,Purse Seine
554603,2020-10-13,287,NB Coastal,44.98,-66.7138,2020-10-16,290,Wolves,NA,NA,38,3,complete.returns,,4Xs,4Xs,Purse Seine
552707,2020-10-06,280,NB Coastal,44.95083,-66.7407,2020-10-16,290,Wolves,NA,NA,38,10,complete.returns,,4Xs,4Xs,Purse Seine
554926,2020-10-11,285,NB Coastal,44.9805,-66.7118,2020-10-16,290,Wolves,NA,NA,38,5,complete.returns,,4Xs,4Xs,Purse Seine
554941,2020-10-11,285,NB Coastal,44.9805,-66.7118,2020-10-16,290,Wolves,NA,NA,38,5,complete.returns,,4Xs,4Xs,Purse Seine
552243,2020-10-06,280,NB Coastal,44.94533,-66.742,2020-10-16,290,Wolves,NA,NA,38,10,complete.returns,,4Xs,4Xs,Purse Seine
553947,2020-10-06,280,NB Coastal,44.96833,-66.7312,2020-10-16,290,Wolves,NA,NA,38,10,complete.returns,,4Xs,4Xs,Purse Seine
554885,2020-10-11,285,NB Coastal,44.9805,-66.7118,2020-10-16,290,Wolves,NA,NA,38,5,complete.returns,,4Xs,4Xs,Purse Seine
554368,2020-10-13,287,NB Coastal,44.98,-66.7138,2020-10-16,290,Wolves,NA,NA,38,3,complete.returns,,4Xs,4Xs,Purse Seine
553403,2020-10-06,280,NB Coastal,44.94567,-66.7432,2020-10-16,290,Wolves,NA,NA,38,10,complete.returns,,4Xs,4Xs,Purse Seine
553314,2020-10-06,280,NB Coastal,44.94567,-66.7432,2020-10-16,290,Wolves,NA,NA,38,10,complete.returns,,4Xs,4Xs,Purse Seine
553511,2020-10-06,280,NB Coastal,44.94567,-66.7432,2020-10-16,290,Wolves,NA,NA,38,10,complete.returns,,4Xs,4Xs,Purse Seine
553962,2020-10-06,280,NB Coastal,44.96833,-66.7312,2020-10-16,290,Wolves,NA,NA,38,10,complete.returns,,4Xs,4Xs,Purse Seine
553422,2020-10-06,280,NB Coastal,44.94567,-66.7432,2020-10-16,290,Wolves,NA,NA,38,10,complete.returns,,4Xs,4Xs,Purse Seine
553929,2020-10-06,280,NB Coastal,44.96833,-66.7312,2020-10-16,290,Wolves,NA,NA,38,10,complete.returns,,4Xs,4Xs,Purse Seine
554261,2020-10-13,287,NB Coastal,44.98,-66.7138,2020-10-16,290,Wolves,NA,NA,38,3,complete.returns,,4Xs,4Xs,Purse Seine
554430,2020-10-13,287,NB Coastal,44.98,-66.7138,2020-10-16,290,Wolves,NA,NA,38,3,complete.returns,,4Xs,4Xs,Purse Seine
552305,2020-10-06,280,NB Coastal,44.94533,-66.742,2020-10-16,290,Wolves,NA,NA,38,10,complete.returns,,4Xs,4Xs,Purse Seine
554015,2020-10-13,287,NB Coastal,44.98,-66.7138,2020-10-20,294,Wolves,NA,NA,11,7,complete.returns,,4Xs,4Xs,Purse Seine
552177,2020-10-06,280,NB Coastal,44.94533,-66.742,2020-10-20,294,Wolves,NA,NA,11,14,complete.returns,,4Xs,4Xs,Purse Seine
554579,2020-10-13,287,NB Coastal,44.98,-66.7138,2020-10-20,294,Wolves,NA,NA,11,7,complete.returns,,4Xs,4Xs,Purse Seine
554677,2020-10-11,285,NB Coastal,44.9805,-66.7118,2020-10-20,294,Wolves,NA,NA,11,9,complete.returns,,4Xs,4Xs,Purse Seine
554300,2020-10-13,287,NB Coastal,44.98,-66.7138,2020-10-19,293,Wolves,NA,NA,78,6,complete.returns,,4Xs,4Xs,Purse Seine
554810,2020-10-11,285,NB Coastal,44.9805,-66.7118,2020-10-19,293,Wolves,NA,NA,78,8,complete.returns,,4Xs,4Xs,Purse Seine
553686,2020-10-06,280,NB Coastal,44.96833,-66.7312,2020-10-19,293,Wolves,NA,NA,78,13,complete.returns,,4Xs,4Xs,Purse Seine
552341,2020-10-06,280,NB Coastal,44.94533,-66.742,2020-10-19,293,Wolves,NA,NA,78,13,complete.returns,,4Xs,4Xs,Purse Seine
553826,2020-10-06,280,NB Coastal,44.96833,-66.7312,2020-10-19,293,Wolves,NA,NA,78,13,complete.returns,,4Xs,4Xs,Purse Seine
554802,2020-10-11,285,NB Coastal,44.9805,-66.7118,2020-10-19,293,Wolves,NA,NA,78,8,complete.returns,,4Xs,4Xs,Purse Seine
554313,2020-10-13,287,NB Coastal,44.98,-66.7138,2020-10-19,293,Wolves,NA,NA,78,6,complete.returns,,4Xs,4Xs,Purse Seine
553562,2020-10-06,280,NB Coastal,44.96833,-66.7312,2020-10-19,293,Wolves,NA,NA,78,13,complete.returns,,4Xs,4Xs,Purse Seine
554468,2020-10-13,287,NB Coastal,44.98,-66.7138,2020-10-19,293,Wolves,NA,NA,78,6,complete.returns,,4Xs,4Xs,Purse Seine
552673,2020-10-06,280,NB Coastal,44.95083,-66.7407,2020-10-19,293,Wolves,NA,NA,78,13,complete.returns,,4Xs,4Xs,Purse Seine
553230,2020-10-06,280,NB Coastal,44.94567,-66.7432,2020-10-19,293,Wolves,NA,NA,78,13,complete.returns,,4Xs,4Xs,Purse Seine
554761,2020-10-11,285,NB Coastal,44.9805,-66.7118,2020-10-19,293,Wolves,NA,NA,78,8,complete.returns,,4Xs,4Xs,Purse Seine
552056,2020-10-06,280,NB Coastal,44.94533,-66.742,2020-10-19,293,Wolves,NA,NA,78,13,complete.returns,,4Xs,4Xs,Purse Seine
553910,2020-10-06,280,NB Coastal,44.96833,-66.7312,2020-10-19,293,Wolves,NA,NA,78,13,complete.returns,,4Xs,4Xs,Purse Seine
552437,2020-10-06,280,NB Coastal,44.94533,-66.742,2020-10-19,293,Wolves,NA,NA,78,13,complete.returns,,4Xs,4Xs,Purse Seine
553265,2020-10-06,280,NB Coastal,44.94567,-66.7432,2020-10-19,293,Wolves,NA,NA,78,13,complete.returns,,4Xs,4Xs,Purse Seine
554600,2020-10-13,287,NB Coastal,44.98,-66.7138,2020-10-19,293,Wolves,NA,NA,78,6,complete.returns,,4Xs,4Xs,Purse Seine
553670,2020-10-06,280,NB Coastal,44.96833,-66.7312,2020-10-19,293,Wolves,NA,NA,78,13,complete.returns,,4Xs,4Xs,Purse Seine
554393,2020-10-13,287,NB Coastal,44.98,-66.7138,2020-10-19,293,Wolves,NA,NA,78,6,complete.returns,,4Xs,4Xs,Purse Seine
552828,2020-10-06,280,NB Coastal,44.95083,-66.7407,2020-10-19,293,Wolves,NA,NA,78,13,complete.returns,,4Xs,4Xs,Purse Seine
551067,2020-10-11,285,NB Coastal,44.9805,-66.7118,2020-10-19,293,Wolves,NA,NA,81,8,complete.returns,,4Xs,4Xs,Purse Seine
552330,2020-10-06,280,NB Coastal,44.94533,-66.742,2020-10-19,293,Wolves,NA,NA,81,13,complete.returns,,4Xs,4Xs,Purse Seine
554918,2020-10-11,285,NB Coastal,44.9805,-66.7118,2020-10-19,293,Wolves,NA,NA,81,8,complete.returns,,4Xs,4Xs,Purse Seine
552229,2020-10-06,280,NB Coastal,44.94533,-66.742,2020-10-19,293,Wolves,NA,NA,81,13,complete.returns,,4Xs,4Xs,Purse Seine
552112,2020-10-06,280,NB Coastal,44.94533,-66.742,2020-10-19,293,Wolves,NA,NA,81,13,complete.returns,,4Xs,4Xs,Purse Seine
553178,2020-10-06,280,NB Coastal,44.95083,-66.7407,2020-10-19,293,Wolves,NA,NA,81,13,complete.returns,,4Xs,4Xs,Purse Seine
554682,2020-10-11,285,NB Coastal,44.9805,-66.7118,2020-10-19,293,Wolves,NA,NA,81,8,complete.returns,,4Xs,4Xs,Purse Seine
551047,2020-10-11,285,NB Coastal,44.9805,-66.7118,2020-10-19,293,Wolves,NA,NA,81,8,complete.returns,,4Xs,4Xs,Purse Seine
553789,2020-10-06,280,NB Coastal,44.96833,-66.7312,2020-10-19,293,Wolves,NA,NA,81,13,complete.returns,,4Xs,4Xs,Purse Seine
551123,2020-10-11,285,NB Coastal,44.9805,-66.7118,2020-10-19,293,Wolves,NA,NA,81,8,complete.returns,,4Xs,4Xs,Purse Seine
554878,2020-10-11,285,NB Coastal,44.9805,-66.7118,2020-10-19,293,Wolves,NA,NA,81,8,complete.returns,,4Xs,4Xs,Purse Seine
553949,2020-10-06,280,NB Coastal,44.96833,-66.7312,2020-10-19,293,Wolves,NA,NA,81,13,complete.returns,,4Xs,4Xs,Purse Seine
552854,2020-10-06,280,NB Coastal,44.95083,-66.7407,2020-10-19,293,Wolves,NA,NA,81,13,complete.returns,,4Xs,4Xs,Purse Seine
552176,2020-10-06,280,NB Coastal,44.94533,-66.742,2020-10-19,293,Wolves,NA,NA,81,13,complete.returns,,4Xs,4Xs,Purse Seine
552443,2020-10-06,280,NB Coastal,44.94533,-66.742,2020-10-19,293,Wolves,NA,NA,81,13,complete.returns,,4Xs,4Xs,Purse Seine
553147,2020-10-06,280,NB Coastal,44.95083,-66.7407,2020-10-19,293,Wolves,NA,NA,81,13,complete.returns,,4Xs,4Xs,Purse Seine
553118,2020-10-06,280,NB Coastal,44.95083,-66.7407,2020-10-19,293,Wolves,NA,NA,81,13,complete.returns,,4Xs,4Xs,Purse Seine
552092,2020-10-06,280,NB Coastal,44.94533,-66.742,2020-10-19,293,Wolves,NA,NA,81,13,complete.returns,,4Xs,4Xs,Purse Seine
553210,2020-10-06,280,NB Coastal,44.94567,-66.7432,2020-10-19,293,Wolves,NA,NA,81,13,complete.returns,,4Xs,4Xs,Purse Seine
554379,2020-10-13,287,NB Coastal,44.98,-66.7138,2020-10-19,293,Wolves,NA,NA,81,6,complete.returns,,4Xs,4Xs,Purse Seine
552771,2020-10-06,280,NB Coastal,44.95083,-66.7407,2020-10-19,293,Wolves,NA,NA,81,13,complete.returns,,4Xs,4Xs,Purse Seine
552882,2020-10-06,280,NB Coastal,44.95083,-66.7407,2020-10-19,293,Wolves,NA,NA,81,13,complete.returns,,4Xs,4Xs,Purse Seine
553212,2020-10-06,280,NB Coastal,44.94567,-66.7432,2020-10-19,293,Wolves,NA,NA,81,13,complete.returns,,4Xs,4Xs,Purse Seine
554781,2020-10-11,285,NB Coastal,44.9805,-66.7118,2020-10-19,293,Wolves,NA,NA,81,8,complete.returns,,4Xs,4Xs,Purse Seine
553405,2020-10-06,280,NB Coastal,44.94567,-66.7432,2020-10-19,293,Wolves,NA,NA,81,13,complete.returns,,4Xs,4Xs,Purse Seine
552616,2020-10-06,280,NB Coastal,44.95083,-66.7407,2020-10-19,293,Wolves,NA,NA,81,13,complete.returns,,4Xs,4Xs,Purse Seine
554077,2020-10-13,287,NB Coastal,44.98,-66.7138,2020-10-19,293,Wolves,NA,NA,81,6,complete.returns,,4Xs,4Xs,Purse Seine
554050,2020-10-13,287,NB Coastal,44.98,-66.7138,2020-10-19,293,Wolves,NA,NA,81,6,complete.returns,,4Xs,4Xs,Purse Seine
554834,2020-10-11,285,NB Coastal,44.9805,-66.7118,2020-10-19,293,Wolves,NA,NA,81,8,complete.returns,,4Xs,4Xs,Purse Seine
552419,2020-10-06,280,NB Coastal,44.94533,-66.742,2020-10-19,293,Wolves,NA,NA,81,13,complete.returns,,4Xs,4Xs,Purse Seine
552395,2020-10-06,280,NB Coastal,44.94533,-66.742,2020-10-19,293,Wolves,NA,NA,81,13,complete.returns,,4Xs,4Xs,Purse Seine
552583,2020-10-06,280,NB Coastal,44.95083,-66.7407,2020-10-19,293,Wolves,NA,NA,81,13,complete.returns,,4Xs,4Xs,Purse Seine
554877,2020-10-11,285,NB Coastal,44.9805,-66.7118,2020-10-19,293,Wolves,NA,NA,81,8,complete.returns,,4Xs,4Xs,Purse Seine
552818,2020-10-06,280,NB Coastal,44.95083,-66.7407,2020-10-19,293,Wolves,NA,NA,81,13,complete.returns,,4Xs,4Xs,Purse Seine
551063,2020-10-11,285,NB Coastal,44.9805,-66.7118,2020-10-19,293,Wolves,NA,NA,81,8,complete.returns,,4Xs,4Xs,Purse Seine
552992,2020-10-06,280,NB Coastal,44.95083,-66.7407,2020-10-19,293,Wolves,NA,NA,81,13,complete.returns,,4Xs,4Xs,Purse Seine
552939,2020-10-06,280,NB Coastal,44.95083,-66.7407,2020-10-19,293,Wolves,NA,NA,81,13,complete.returns,,4Xs,4Xs,Purse Seine
554011,2020-10-13,287,NB Coastal,44.98,-66.7138,2020-10-19,293,Wolves,NA,NA,81,6,complete.returns,,4Xs,4Xs,Purse Seine
557922,2023-07-06,187,Grand Manan,44.58166667,-66.59333333,2023-10-02,275,Wolves ,NA,NA,58,88,complete.returns,,4Xs,4Xs,Purse Seine
556606,2023-07-03,184,Scots Bay,45.27555556,-64.9625,2023-10-02,275,Wolves ,NA,NA,58,91,complete.returns,,4Xr,4Xs,Purse Seine
529121,2023-10-01,274,Grand Manan,44.63277778,-66.63972222,2023-10-16,289,Wolves ,NA,NA,143,15,complete.returns,,4Xs,4Xs,Purse Seine
533931,2023-10-01,274,Grand Manan,44.65361111,-66.65333333,2023-10-16,289,Wolves ,NA,NA,143,15,complete.returns,,4Xs,4Xs,Purse Seine
469895,2021-07-18,199,Scots Bay,45.30021667,-64.864,2021-07-21,202,,45.3135,-69.3723333333333,42,3,complete.returns,"45 18,81N 690 52,34W",4Xr,4,Purse Seine
453405,2017-07-27,208,German Bank,43.43233333,-66.4178,2023-04-19,109,Scots Bay,NA,NA,NA,2092,2023TagReturns,,4Xq,4Xs,N/A
591121,2023-06-07,158,Scots Bay,45.28333333,-64.83333333,2023-06-08,159,Scots Bay,NA,NA,45,1,2023TagReturns,,4Xr,4Xs,Purse Seine
593181,2023-06-20,171,Grand Manan Banks,44.2814,-66.96776667,2023-06-21,172,Grand Manan Banks,NA,NA,10,1,2023TagReturns,,5Yb,5Yb,Purse Seine
468757,2023-07-01,182,Other,44.30111111,-62.28722222,2023-07-02,183,The Patch ,NA,NA,63,1,2023TagReturns,,4Wk,4Wk,Purse Seine
497303,2023-06-12,163,Trinity,44.1,-66.48333333,2023-07-03,184,Scots Bay,NA,NA,63,21,2023TagReturns,,4Xr,4Xs,Purse Seine
497202,2023-06-12,163,Trinity,44.1,-66.48333333,2023-07-03,184,Scots Bay,NA,NA,63,21,2023TagReturns,,4Xr,4Xs,Purse Seine
508845,2023-07-04,185,Grand Manan,44.6,-66.55,2023-07-05,186,White Head,NA,NA,48,1,2023TagReturns,,4Xs,4Xr,Purse Seine/Frozen
593841,2023-06-22,173,Grand Manan Banks,44.29798333,-66.93935,2023-07-07,188,Grand Manan,NA,NA,125,15,2023TagReturns,,5Yb,4Xs,Purse Seine
497450,2023-06-20,171,Grand Manan Banks,44.28333333,-66.95,2023-07-11,192,White Head,NA,NA,65,21,2023TagReturns,,5Yb,4Xr,Purse Seine
509990,2023-07-10,191,Grand Manan,44.63333333,-66.63333333,2023-07-11,192,Grand Manan,NA,NA,20,1,2023TagReturns,,4Xs,4Xs,Purse Seine
556394,2023-06-28,179,Grand Manan,44.64388889,-66.65,2023-07-11,192,Grand Manan,NA,NA,20,13,2023TagReturns,,4Xs,4Xs,Purse Seine
557233,2023-07-05,186,Grand Manan,44.59305556,-66.58416667,2023-07-19,200,Grand Manan,NA,NA,95,14,2023TagReturns,AREA 1 GRAND MANAN,4Xs,4Xs,Purse Seine
524812,2023-07-18,199,Grand Manan,44.60277778,-66.59166667,2023-07-20,201,Grand Manan,NA,NA,62,2,2023TagReturns,,4Xs,4Xs,Purse Seine
501859,2023-06-26,177,Grand Manan,44.60116667,-66.59533333,2023-07-20,201,Grand Manan,NA,NA,46,24,2023TagReturns,AREA 1 GRAND MANAN,4Xs,4Xs,Purse Seine
473477,2023-07-07,188,Grand Manan,44.58111111,-66.58416667,2023-07-21,202,White Head,NA,NA,48,14,2023TagReturns,,4Xs,4Xr,Purse Seine/Frozen
563741,2023-08-14,226,Long Island,44.34916667,-66.35805556,2023-08-23,235,Scots Bay,45.1,-65.05,134,9,2023TagReturns,,4Xr,4Xr,Purse Seine
498720,2022-08-22,234,Scots Bay,45.1461,-64.99368333,2023-08-23,235,Scots Bay,45.1,-65.05,134,366,2023TagReturns,,4Xr,4Xr,Purse Seine
563721,2023-08-14,226,Long Island,44.34916667,-66.35805556,2023-08-23,235,Scots Bay,45.1,-65.05,134,9,2023TagReturns,,4Xr,4Xr,Purse Seine
563828,2023-08-20,232,Scots Bay,45.12166667,-65.05638889,2023-08-23,235,Scots Bay,45.1,-65.05,134,3,2023TagReturns,,4Xr,4Xr,Purse Seine
563764,2023-08-20,232,Scots Bay,45.12166667,-65.05638889,2023-08-23,235,Scots Bay,45.1,-65.05,134,3,2023TagReturns,,4Xr,4Xr,Purse Seine
563727,2023-08-14,226,Long Island,44.34916667,-66.35805556,2023-08-23,235,Scots Bay,45.1,-65.05,134,9,2023TagReturns,,4Xr,4Xr,Purse Seine
563712,2023-08-14,226,Long Island,44.34916667,-66.35805556,2023-08-23,235,Scots Bay,45.1,-65.05,134,9,2023TagReturns,,4Xr,4Xr,Purse Seine
563757,2023-08-20,232,Scots Bay,45.12166667,-65.05638889,2023-08-23,235,Scots Bay,45.1,-65.05,134,3,2023TagReturns,,4Xr,4Xr,Purse Seine
563702,2023-08-14,226,Long Island,44.34916667,-66.35805556,2023-08-23,235,Scots Bay,45.1,-65.05,134,9,2023TagReturns,,4Xr,4Xr,Purse Seine
471228,2023-08-21,233,German Bank,43.26611111,-66.37361111,2023-08-24,236,German Bank,NA,NA,60,3,2023TagReturns,,4Xq,4Xq,Purse Seine
471237,2023-08-21,233,German Bank,43.26611111,-66.37361111,2023-08-24,236,Seal Island,NA,NA,20,3,2023TagReturns,,4Xq,4Xo,Purse Seine
521280,2023-08-23,235,German Bank,43.38333333,-66.16666667,2023-08-24,236,Seal Island,NA,NA,20,1,2023TagReturns,,4Xq,4Xo,Purse Seine
603551,2022-09-12,255,German Bank,43.23446667,-66.34903333,2023-08-28,240,Scots Bay,45.1333333333333,-65.05,107,350,2023TagReturns,,4Xq,4Xr,Purse Seine
500644,2022-08-09,221,Scots Bay,45.16556667,-64.94023333,2023-08-29,241,Scots Bay,NA,NA,69,385,2023TagReturns,,4Xr,4Xs,Purse Seine
564113,2023-08-28,240,Scots Bay,45.14111111,-65.05194444,2023-08-29,241,Scots Bay,NA,NA,69,1,2023TagReturns,,4Xr,4Xs,Purse Seine
572422,2023-08-27,239,Scots Bay,45.13527778,-65.06972222,2023-08-29,241,Scots Bay,NA,NA,69,2,2023TagReturns,,4Xr,4Xs,Purse Seine
572298,2023-08-27,239,Scots Bay,45.13527778,-65.06972222,2023-08-29,241,Scots Bay,NA,NA,69,2,2023TagReturns,,4Xr,4Xs,Purse Seine
564084,2023-08-28,240,Scots Bay,45.14111111,-65.05194444,2023-08-29,241,Scots Bay,NA,NA,69,1,2023TagReturns,,4Xr,4Xs,Purse Seine
564002,2023-08-28,240,Scots Bay,45.14111111,-65.05194444,2023-08-29,241,Scots Bay ,NA,NA,102,1,2023TagReturns,,4Xr,4Xs,Purse Seine
564010,2023-08-28,240,Scots Bay,45.14111111,-65.05194444,2023-08-29,241,Scots Bay ,NA,NA,102,1,2023TagReturns,,4Xr,4Xs,Purse Seine
502232,2022-08-24,236,Scots Bay,45.16295,-64.94386667,2023-08-29,241,Scots Bay,NA,NA,102,370,2023TagReturns,,4Xr,4Xs,Purse Seine
572434,2023-08-27,239,Scots Bay,45.13527778,-65.06972222,2023-08-29,241,Scots Bay,NA,NA,102,2,2023TagReturns,,4Xr,4Xs,Purse Seine
564167,2023-08-28,240,Scots Bay,45.14111111,-65.05194444,2023-08-29,241,Scots Bay,NA,NA,102,1,2023TagReturns,,4Xr,4Xs,Purse Seine
564234,2023-08-28,240,Scots Bay,45.14111111,-65.05194444,2023-08-29,241,Scots Bay ,NA,NA,102,1,2023TagReturns,,4Xr,4Xs,Purse Seine
563867,2023-08-20,232,Scots Bay,45.12166667,-65.05638889,2023-08-29,241,Scots Bay,NA,NA,34,9,2023TagReturns,Scots Bay (Area 8),4Xr,4Xs,Purse Seine
564044,2023-08-28,240,Scots Bay,45.14111111,-65.05194444,2023-08-29,241,Scots Bay,NA,NA,34,1,2023TagReturns,Scots Bay (Area 8),4Xr,4Xs,Purse Seine
564208,2023-08-28,240,Scots Bay,45.14111111,-65.05194444,2023-08-29,241,Scots Bay,NA,NA,34,1,2023TagReturns,Scots Bay (Area 8),4Xr,4Xs,Purse Seine
572488,2023-08-27,239,Scots Bay,45.13527778,-65.06972222,2023-08-29,241,Scots Bay,NA,NA,34,2,2023TagReturns,Scots Bay (Area 8),4Xr,4Xs,Purse Seine
564004,2023-08-28,240,Scots Bay,45.14111111,-65.05194444,2023-08-29,241,Scots Bay,NA,NA,17,1,2023TagReturns,Scots Bay (Area 8),4Xr,4Xs,Purse Seine
572293,2023-08-27,239,Scots Bay,45.13527778,-65.06972222,2023-08-29,241,Scots Bay,NA,NA,17,2,2023TagReturns,Scots Bay (Area 8),4Xr,4Xs,Purse Seine
471466,2023-08-28,240,Scots Bay,45.1925,-64.8775,2023-08-29,241,Scots Bay ,45.1833333333333,-65.05,29,1,2023TagReturns,,4Xr,4Xr,Purse Seine
564145,2023-08-28,240,Scots Bay,45.14111111,-65.05194444,2023-08-29,241,Scots Bay ,45.1833333333333,-65.05,29,1,2023TagReturns,,4Xr,4Xr,Purse Seine
572482,2023-08-27,239,Scots Bay,45.13527778,-65.06972222,2023-08-29,241,Scots Bay ,45.1833333333333,-65.05,29,2,2023TagReturns,,4Xr,4Xr,Purse Seine
471259,2023-08-21,233,German Bank,43.26611111,-66.37361111,2023-08-29,241,Scots Bay ,45.1833333333333,-65.05,29,8,2023TagReturns,,4Xq,4Xr,Purse Seine
471554,2023-08-28,240,Scots Bay,45.1925,-64.8775,2023-08-30,242,Scots Bay ,NA,NA,40,2,2023TagReturns,,4Xr,4Xs,Purse Seine
572454,2023-08-27,239,Scots Bay,45.13527778,-65.06972222,2023-08-30,242,Scots Bay ,NA,NA,40,3,2023TagReturns,,4Xr,4Xs,Purse Seine
564875,2023-08-28,240,Scots Bay,45.18027778,-64.95611111,2023-08-30,242,Scots Bay ,NA,NA,40,2,2023TagReturns,,4Xr,4Xs,Purse Seine
564957,2023-08-28,240,Scots Bay,45.18027778,-64.95611111,2023-08-30,242,Scots Bay ,NA,NA,40,2,2023TagReturns,,4Xr,4Xs,Purse Seine
564403,2023-08-29,241,Scots Bay,45.19805556,-64.85777778,2023-08-30,242,Scots Bay ,NA,NA,40,1,2023TagReturns,,4Xr,4Xs,Purse Seine
471605,2023-08-28,240,Scots Bay,45.1925,-64.8775,2023-08-30,242,Scots Bay ,NA,NA,39,2,2023TagReturns,,4Xr,4Xs,Purse Seine
471705,2023-08-28,240,Scots Bay,45.1633,-64.9931,2023-08-30,242,Scots Bay ,NA,NA,39,2,2023TagReturns,,4Xr,4Xs,Purse Seine
564317,2023-08-29,241,Scots Bay,45.19805556,-64.85777778,2023-08-30,242,Scots Bay ,NA,NA,39,1,2023TagReturns,,4Xr,4Xs,Purse Seine
564346,2023-08-29,241,Scots Bay,45.19805556,-64.85777778,2023-08-30,242,Scots Bay ,NA,NA,39,1,2023TagReturns,,4Xr,4Xs,Purse Seine
572780,2023-08-29,241,German Bank,43.28722222,-66.38833333,2023-08-30,242,German Bank,NA,NA,63,1,2023TagReturns,German Bank (Area 7),4Xq,4Xq,Purse Seine
471488,2023-08-28,240,Scots Bay,45.1925,-64.8775,2023-08-30,242,Scots Bay,NA,NA,74,2,2023TagReturns,Scots Bay (Area 8),4Xr,4Xs,Purse Seine
471497,2023-08-28,240,Scots Bay,45.1925,-64.8775,2023-08-30,242,Scots Bay,NA,NA,74,2,2023TagReturns,Scots Bay (Area 8),4Xr,4Xs,Purse Seine
471555,2023-08-28,240,Scots Bay,45.1925,-64.8775,2023-08-30,242,Scots Bay,NA,NA,74,2,2023TagReturns,Scots Bay (Area 8),4Xr,4Xs,Purse Seine
471570,2023-08-28,240,Scots Bay,45.1925,-64.8775,2023-08-30,242,Scots Bay,NA,NA,74,2,2023TagReturns,Scots Bay (Area 8),4Xr,4Xs,Purse Seine
471600,2023-08-28,240,Scots Bay,45.1925,-64.8775,2023-08-30,242,Scots Bay,NA,NA,74,2,2023TagReturns,Scots Bay (Area 8),4Xr,4Xs,Purse Seine
471601,2023-08-28,240,Scots Bay,45.1925,-64.8775,2023-08-30,242,Scots Bay,NA,NA,74,2,2023TagReturns,Scots Bay (Area 8),4Xr,4Xs,Purse Seine
471608,2023-08-28,240,Scots Bay,45.1925,-64.8775,2023-08-30,242,Scots Bay,NA,NA,74,2,2023TagReturns,Scots Bay (Area 8),4Xr,4Xs,Purse Seine
471619,2023-08-28,240,Scots Bay,45.1925,-64.8775,2023-08-30,242,Scots Bay,NA,NA,74,2,2023TagReturns,Scots Bay (Area 8),4Xr,4Xs,Purse Seine
471682,2023-08-28,240,Scots Bay,45.1633,-64.9931,2023-08-30,242,Scots Bay,NA,NA,74,2,2023TagReturns,Scots Bay (Area 8),4Xr,4Xs,Purse Seine
564012,2023-08-28,240,Scots Bay,45.14111111,-65.05194444,2023-08-30,242,Scots Bay,NA,NA,74,2,2023TagReturns,Scots Bay (Area 8),4Xr,4Xs,Purse Seine
564016,2023-08-28,240,Scots Bay,45.14111111,-65.05194444,2023-08-30,242,Scots Bay,NA,NA,74,2,2023TagReturns,Scots Bay (Area 8),4Xr,4Xs,Purse Seine
564043,2023-08-28,240,Scots Bay,45.14111111,-65.05194444,2023-08-30,242,Scots Bay,NA,NA,74,2,2023TagReturns,Scots Bay (Area 8),4Xr,4Xs,Purse Seine
564047,2023-08-28,240,Scots Bay,45.14111111,-65.05194444,2023-08-30,242,Scots Bay,NA,NA,74,2,2023TagReturns,Scots Bay (Area 8),4Xr,4Xs,Purse Seine
564052,2023-08-28,240,Scots Bay,45.14111111,-65.05194444,2023-08-30,242,Scots Bay,NA,NA,74,2,2023TagReturns,Scots Bay (Area 8),4Xr,4Xs,Purse Seine
564083,2023-08-28,240,Scots Bay,45.14111111,-65.05194444,2023-08-30,242,Scots Bay,NA,NA,74,2,2023TagReturns,Scots Bay (Area 8),4Xr,4Xs,Purse Seine
564111,2023-08-28,240,Scots Bay,45.14111111,-65.05194444,2023-08-30,242,Scots Bay,NA,NA,74,2,2023TagReturns,Scots Bay (Area 8),4Xr,4Xs,Purse Seine
564331,2023-08-29,241,Scots Bay,45.19805556,-64.85777778,2023-08-30,242,Scots Bay,NA,NA,74,1,2023TagReturns,Scots Bay (Area 8),4Xr,4Xs,Purse Seine
564335,2023-08-29,241,Scots Bay,45.19805556,-64.85777778,2023-08-30,242,Scots Bay,NA,NA,74,1,2023TagReturns,Scots Bay (Area 8),4Xr,4Xs,Purse Seine
564348,2023-08-29,241,Scots Bay,45.19805556,-64.85777778,2023-08-30,242,Scots Bay,NA,NA,74,1,2023TagReturns,Scots Bay (Area 8),4Xr,4Xs,Purse Seine
564373,2023-08-29,241,Scots Bay,45.19805556,-64.85777778,2023-08-30,242,Scots Bay,NA,NA,74,1,2023TagReturns,Scots Bay (Area 8),4Xr,4Xs,Purse Seine
564374,2023-08-29,241,Scots Bay,45.19805556,-64.85777778,2023-08-30,242,Scots Bay,NA,NA,74,1,2023TagReturns,Scots Bay (Area 8),4Xr,4Xs,Purse Seine
564379,2023-08-29,241,Scots Bay,45.19805556,-64.85777778,2023-08-30,242,Scots Bay,NA,NA,74,1,2023TagReturns,Scots Bay (Area 8),4Xr,4Xs,Purse Seine
564384,2023-08-29,241,Scots Bay,45.19805556,-64.85777778,2023-08-30,242,Scots Bay,NA,NA,74,1,2023TagReturns,Scots Bay (Area 8),4Xr,4Xs,Purse Seine
564407,2023-08-29,241,Scots Bay,45.19805556,-64.85777778,2023-08-30,242,Scots Bay,NA,NA,74,1,2023TagReturns,Scots Bay (Area 8),4Xr,4Xs,Purse Seine
564408,2023-08-29,241,Scots Bay,45.19805556,-64.85777778,2023-08-30,242,Scots Bay,NA,NA,74,1,2023TagReturns,Scots Bay (Area 8),4Xr,4Xs,Purse Seine
564410,2023-08-29,241,Scots Bay,45.19805556,-64.85777778,2023-08-30,242,Scots Bay,NA,NA,74,1,2023TagReturns,Scots Bay (Area 8),4Xr,4Xs,Purse Seine
564441,2023-08-29,241,Scots Bay,45.19805556,-64.85777778,2023-08-30,242,Scots Bay,NA,NA,74,1,2023TagReturns,Scots Bay (Area 8),4Xr,4Xs,Purse Seine
564451,2023-08-29,241,Scots Bay,45.19805556,-64.85777778,2023-08-30,242,Scots Bay,NA,NA,74,1,2023TagReturns,Scots Bay (Area 8),4Xr,4Xs,Purse Seine
564458,2023-08-29,241,Scots Bay,45.19805556,-64.85777778,2023-08-30,242,Scots Bay,NA,NA,74,1,2023TagReturns,Scots Bay (Area 8),4Xr,4Xs,Purse Seine
564474,2023-08-29,241,Scots Bay,45.19805556,-64.85777778,2023-08-30,242,Scots Bay,NA,NA,74,1,2023TagReturns,Scots Bay (Area 8),4Xr,4Xs,Purse Seine
564478,2023-08-29,241,Scots Bay,45.19805556,-64.85777778,2023-08-30,242,Scots Bay,NA,NA,74,1,2023TagReturns,Scots Bay (Area 8),4Xr,4Xs,Purse Seine
564481,2023-08-29,241,Scots Bay,45.19805556,-64.85777778,2023-08-30,242,Scots Bay,NA,NA,74,1,2023TagReturns,Scots Bay (Area 8),4Xr,4Xs,Purse Seine
564494,2023-08-29,241,Scots Bay,45.19805556,-64.85777778,2023-08-30,242,Scots Bay,NA,NA,74,1,2023TagReturns,Scots Bay (Area 8),4Xr,4Xs,Purse Seine
564500,2023-08-29,241,Scots Bay,45.19805556,-64.85777778,2023-08-30,242,Scots Bay,NA,NA,74,1,2023TagReturns,Scots Bay (Area 8),4Xr,4Xs,Purse Seine
564513,2023-08-29,241,Scots Bay,45.19805556,-64.85777778,2023-08-30,242,Scots Bay,NA,NA,74,1,2023TagReturns,Scots Bay (Area 8),4Xr,4Xs,Purse Seine
564550,2023-08-29,241,Scots Bay,45.19805556,-64.85777778,2023-08-30,242,Scots Bay,NA,NA,74,1,2023TagReturns,Scots Bay (Area 8),4Xr,4Xs,Purse Seine
564553,2023-08-29,241,Scots Bay,45.19805556,-64.85777778,2023-08-30,242,Scots Bay,NA,NA,74,1,2023TagReturns,Scots Bay (Area 8),4Xr,4Xs,Purse Seine
564555,2023-08-29,241,Scots Bay,45.19805556,-64.85777778,2023-08-30,242,Scots Bay,NA,NA,74,1,2023TagReturns,Scots Bay (Area 8),4Xr,4Xs,Purse Seine
564571,2023-08-29,241,Scots Bay,45.19805556,-64.85777778,2023-08-30,242,Scots Bay,NA,NA,74,1,2023TagReturns,Scots Bay (Area 8),4Xr,4Xs,Purse Seine
564575,2023-08-29,241,Scots Bay,45.19805556,-64.85777778,2023-08-30,242,Scots Bay,NA,NA,74,1,2023TagReturns,Scots Bay (Area 8),4Xr,4Xs,Purse Seine
564578,2023-08-29,241,Scots Bay,45.19805556,-64.85777778,2023-08-30,242,Scots Bay,NA,NA,74,1,2023TagReturns,Scots Bay (Area 8),4Xr,4Xs,Purse Seine
564579,2023-08-29,241,Scots Bay,45.19805556,-64.85777778,2023-08-30,242,Scots Bay,NA,NA,74,1,2023TagReturns,Scots Bay (Area 8),4Xr,4Xs,Purse Seine
564595,2023-08-29,241,Scots Bay,45.19805556,-64.85777778,2023-08-30,242,Scots Bay,NA,NA,74,1,2023TagReturns,Scots Bay (Area 8),4Xr,4Xs,Purse Seine
564597,2023-08-29,241,Scots Bay,45.19805556,-64.85777778,2023-08-30,242,Scots Bay,NA,NA,74,1,2023TagReturns,Scots Bay (Area 8),4Xr,4Xs,Purse Seine
564605,2023-08-29,241,Scots Bay,45.19805556,-64.85777778,2023-08-30,242,Scots Bay,NA,NA,74,1,2023TagReturns,Scots Bay (Area 8),4Xr,4Xs,Purse Seine
564611,2023-08-29,241,Scots Bay,45.19805556,-64.85777778,2023-08-30,242,Scots Bay,NA,NA,74,1,2023TagReturns,Scots Bay (Area 8),4Xr,4Xs,Purse Seine
564630,2023-08-29,241,Scots Bay,45.19805556,-64.85777778,2023-08-30,242,Scots Bay,NA,NA,74,1,2023TagReturns,Scots Bay (Area 8),4Xr,4Xs,Purse Seine
564632,2023-08-29,241,Scots Bay,45.19805556,-64.85777778,2023-08-30,242,Scots Bay,NA,NA,74,1,2023TagReturns,Scots Bay (Area 8),4Xr,4Xs,Purse Seine
564635,2023-08-29,241,Scots Bay,45.19805556,-64.85777778,2023-08-30,242,Scots Bay,NA,NA,74,1,2023TagReturns,Scots Bay (Area 8),4Xr,4Xs,Purse Seine
564647,2023-08-29,241,Scots Bay,45.19805556,-64.85777778,2023-08-30,242,Scots Bay,NA,NA,74,1,2023TagReturns,Scots Bay (Area 8),4Xr,4Xs,Purse Seine
564651,2023-08-28,240,Scots Bay,45.18027778,-64.95611111,2023-08-30,242,Scots Bay,NA,NA,74,2,2023TagReturns,Scots Bay (Area 8),4Xr,4Xs,Purse Seine
564659,2023-08-28,240,Scots Bay,45.18027778,-64.95611111,2023-08-30,242,Scots Bay,NA,NA,74,2,2023TagReturns,Scots Bay (Area 8),4Xr,4Xs,Purse Seine
564706,2023-08-28,240,Scots Bay,45.18027778,-64.95611111,2023-08-30,242,Scots Bay,NA,NA,74,2,2023TagReturns,Scots Bay (Area 8),4Xr,4Xs,Purse Seine
564710,2023-08-28,240,Scots Bay,45.18027778,-64.95611111,2023-08-30,242,Scots Bay,NA,NA,74,2,2023TagReturns,Scots Bay (Area 8),4Xr,4Xs,Purse Seine
564722,2023-08-28,240,Scots Bay,45.18027778,-64.95611111,2023-08-30,242,Scots Bay,NA,NA,74,2,2023TagReturns,Scots Bay (Area 8),4Xr,4Xs,Purse Seine
564744,2023-08-28,240,Scots Bay,45.18027778,-64.95611111,2023-08-30,242,Scots Bay,NA,NA,74,2,2023TagReturns,Scots Bay (Area 8),4Xr,4Xs,Purse Seine
564747,2023-08-28,240,Scots Bay,45.18027778,-64.95611111,2023-08-30,242,Scots Bay,NA,NA,74,2,2023TagReturns,Scots Bay (Area 8),4Xr,4Xs,Purse Seine
564748,2023-08-28,240,Scots Bay,45.18027778,-64.95611111,2023-08-30,242,Scots Bay,NA,NA,74,2,2023TagReturns,Scots Bay (Area 8),4Xr,4Xs,Purse Seine
564763,2023-08-28,240,Scots Bay,45.18027778,-64.95611111,2023-08-30,242,Scots Bay,NA,NA,74,2,2023TagReturns,Scots Bay (Area 8),4Xr,4Xs,Purse Seine
564778,2023-08-28,240,Scots Bay,45.18027778,-64.95611111,2023-08-30,242,Scots Bay,NA,NA,74,2,2023TagReturns,Scots Bay (Area 8),4Xr,4Xs,Purse Seine
564780,2023-08-28,240,Scots Bay,45.18027778,-64.95611111,2023-08-30,242,Scots Bay,NA,NA,74,2,2023TagReturns,Scots Bay (Area 8),4Xr,4Xs,Purse Seine
564785,2023-08-28,240,Scots Bay,45.18027778,-64.95611111,2023-08-30,242,Scots Bay,NA,NA,74,2,2023TagReturns,Scots Bay (Area 8),4Xr,4Xs,Purse Seine
564809,2023-08-28,240,Scots Bay,45.18027778,-64.95611111,2023-08-30,242,Scots Bay,NA,NA,74,2,2023TagReturns,Scots Bay (Area 8),4Xr,4Xs,Purse Seine
564813,2023-08-28,240,Scots Bay,45.18027778,-64.95611111,2023-08-30,242,Scots Bay,NA,NA,74,2,2023TagReturns,Scots Bay (Area 8),4Xr,4Xs,Purse Seine
564814,2023-08-28,240,Scots Bay,45.18027778,-64.95611111,2023-08-30,242,Scots Bay,NA,NA,74,2,2023TagReturns,Scots Bay (Area 8),4Xr,4Xs,Purse Seine
564826,2023-08-28,240,Scots Bay,45.18027778,-64.95611111,2023-08-30,242,Scots Bay,NA,NA,74,2,2023TagReturns,Scots Bay (Area 8),4Xr,4Xs,Purse Seine
564838,2023-08-28,240,Scots Bay,45.18027778,-64.95611111,2023-08-30,242,Scots Bay,NA,NA,74,2,2023TagReturns,Scots Bay (Area 8),4Xr,4Xs,Purse Seine
564879,2023-08-28,240,Scots Bay,45.18027778,-64.95611111,2023-08-30,242,Scots Bay,NA,NA,74,2,2023TagReturns,Scots Bay (Area 8),4Xr,4Xs,Purse Seine
564895,2023-08-28,240,Scots Bay,45.18027778,-64.95611111,2023-08-30,242,Scots Bay,NA,NA,74,2,2023TagReturns,Scots Bay (Area 8),4Xr,4Xs,Purse Seine
564904,2023-08-28,240,Scots Bay,45.18027778,-64.95611111,2023-08-30,242,Scots Bay,NA,NA,74,2,2023TagReturns,Scots Bay (Area 8),4Xr,4Xs,Purse Seine
564941,2023-08-28,240,Scots Bay,45.18027778,-64.95611111,2023-08-30,242,Scots Bay,NA,NA,74,2,2023TagReturns,Scots Bay (Area 8),4Xr,4Xs,Purse Seine
564943,2023-08-28,240,Scots Bay,45.18027778,-64.95611111,2023-08-30,242,Scots Bay,NA,NA,74,2,2023TagReturns,Scots Bay (Area 8),4Xr,4Xs,Purse Seine
564951,2023-08-28,240,Scots Bay,45.18027778,-64.95611111,2023-08-30,242,Scots Bay,NA,NA,74,2,2023TagReturns,Scots Bay (Area 8),4Xr,4Xs,Purse Seine
564967,2023-08-28,240,Scots Bay,45.18027778,-64.95611111,2023-08-30,242,Scots Bay,NA,NA,74,2,2023TagReturns,Scots Bay (Area 8),4Xr,4Xs,Purse Seine
564978,2023-08-28,240,Scots Bay,45.18027778,-64.95611111,2023-08-30,242,Scots Bay,NA,NA,74,2,2023TagReturns,Scots Bay (Area 8),4Xr,4Xs,Purse Seine
564979,2023-08-28,240,Scots Bay,45.18027778,-64.95611111,2023-08-30,242,Scots Bay,NA,NA,74,2,2023TagReturns,Scots Bay (Area 8),4Xr,4Xs,Purse Seine
564980,2023-08-28,240,Scots Bay,45.18027778,-64.95611111,2023-08-30,242,Scots Bay,NA,NA,74,2,2023TagReturns,Scots Bay (Area 8),4Xr,4Xs,Purse Seine
569033,2023-08-29,241,Scots Bay,45.15777778,-65.03361111,2023-08-30,242,Scots Bay,NA,NA,74,1,2023TagReturns,Scots Bay (Area 8),4Xr,4Xs,Purse Seine
569034,2023-08-29,241,Scots Bay,45.15777778,-65.03361111,2023-08-30,242,Scots Bay,NA,NA,74,1,2023TagReturns,Scots Bay (Area 8),4Xr,4Xs,Purse Seine
569050,2023-08-29,241,Scots Bay,45.15777778,-65.03361111,2023-08-30,242,Scots Bay,NA,NA,74,1,2023TagReturns,Scots Bay (Area 8),4Xr,4Xs,Purse Seine
569054,2023-08-29,241,Scots Bay,45.15777778,-65.03361111,2023-08-30,242,Scots Bay,NA,NA,74,1,2023TagReturns,Scots Bay (Area 8),4Xr,4Xs,Purse Seine
569151,2023-08-29,241,Scots Bay,45.15777778,-65.03361111,2023-08-30,242,Scots Bay,NA,NA,74,1,2023TagReturns,Scots Bay (Area 8),4Xr,4Xs,Purse Seine
572406,2023-08-27,239,Scots Bay,45.13527778,-65.06972222,2023-08-30,242,Scots Bay,NA,NA,74,3,2023TagReturns,Scots Bay (Area 8),4Xr,4Xs,Purse Seine
572412,2023-08-27,239,Scots Bay,45.13527778,-65.06972222,2023-08-30,242,Scots Bay,NA,NA,74,3,2023TagReturns,Scots Bay (Area 8),4Xr,4Xs,Purse Seine
572419,2023-08-27,239,Scots Bay,45.13527778,-65.06972222,2023-08-30,242,Scots Bay,NA,NA,74,3,2023TagReturns,Scots Bay (Area 8),4Xr,4Xs,Purse Seine
572438,2023-08-27,239,Scots Bay,45.13527778,-65.06972222,2023-08-30,242,Scots Bay,NA,NA,74,3,2023TagReturns,Scots Bay (Area 8),4Xr,4Xs,Purse Seine
572460,2023-08-27,239,Scots Bay,45.13527778,-65.06972222,2023-08-30,242,Scots Bay,NA,NA,74,3,2023TagReturns,Scots Bay (Area 8),4Xr,4Xs,Purse Seine
564713,2023-08-28,240,Scots Bay,45.18027778,-64.95611111,2023-08-30,242,Scots Bay ,45.1833333333333,-64.8833333333333,32,2,2023TagReturns,,4Xr,4Xr,Purse Seine
564637,2023-08-29,241,Scots Bay,45.19805556,-64.85777778,2023-08-30,242,Scots Bay ,45.1833333333333,-64.8833333333333,32,1,2023TagReturns,,4Xr,4Xr,Purse Seine
564334,2023-08-29,241,Scots Bay,45.19805556,-64.85777778,2023-08-30,242,Scots Bay ,45.1833333333333,-64.8833333333333,32,1,2023TagReturns,,4Xr,4Xr,Purse Seine
564312,2023-08-29,241,Scots Bay,45.19805556,-64.85777778,2023-08-30,242,Scots Bay ,45.1833333333333,-64.8833333333333,32,1,2023TagReturns,,4Xr,4Xr,Purse Seine
564783,2023-08-28,240,Scots Bay,45.18027778,-64.95611111,2023-08-30,242,Scots Bay ,45.1833333333333,-64.8833333333333,32,2,2023TagReturns,,4Xr,4Xr,Purse Seine
564604,2023-08-29,241,Scots Bay,45.19805556,-64.85777778,2023-08-30,242,Scots Bay ,45.1833333333333,-64.8833333333333,32,1,2023TagReturns,,4Xr,4Xr,Purse Seine
564864,2023-08-28,240,Scots Bay,45.18027778,-64.95611111,2023-08-30,242,Scots Bay ,45.1833333333333,-64.8833333333333,32,2,2023TagReturns,,4Xr,4Xr,Purse Seine
564417,2023-08-29,241,Scots Bay,45.19805556,-64.85777778,2023-08-30,242,Scots Bay ,45.1833333333333,-64.8833333333333,32,1,2023TagReturns,,4Xr,4Xr,Purse Seine
564764,2023-08-28,240,Scots Bay,45.18027778,-64.95611111,2023-08-30,242,Scots Bay ,45.1833333333333,-64.8833333333333,32,2,2023TagReturns,,4Xr,4Xr,Purse Seine
564554,2023-08-29,241,Scots Bay,45.19805556,-64.85777778,2023-08-30,242,Scots Bay ,45.1833333333333,-64.8833333333333,32,1,2023TagReturns,,4Xr,4Xr,Purse Seine
564761,2023-08-28,240,Scots Bay,45.18027778,-64.95611111,2023-08-30,242,Scots Bay ,45.1833333333333,-64.8833333333333,32,2,2023TagReturns,,4Xr,4Xr,Purse Seine
564463,2023-08-29,241,Scots Bay,45.19805556,-64.85777778,2023-08-30,242,Scots Bay ,45.1833333333333,-64.8833333333333,32,1,2023TagReturns,,4Xr,4Xr,Purse Seine
473112,2022-09-07,250,Scots Bay,45.19678333,-64.88591667,2023-08-30,242,Scots Bay ,45.1833333333333,-64.8833333333333,32,357,2023TagReturns,,4Xr,4Xr,Purse Seine
471616,2023-08-28,240,Scots Bay,45.1925,-64.8775,2023-08-30,242,Scots Bay ,45.1833333333333,-64.8833333333333,32,2,2023TagReturns,,4Xr,4Xr,Purse Seine
564411,2023-08-29,241,Scots Bay,45.19805556,-64.85777778,2023-08-30,242,Scots Bay ,45.1833333333333,-64.8833333333333,32,1,2023TagReturns,,4Xr,4Xr,Purse Seine
564358,2023-08-29,241,Scots Bay,45.19805556,-64.85777778,2023-08-30,242,Scots Bay ,45.1833333333333,-64.8833333333333,32,1,2023TagReturns,,4Xr,4Xr,Purse Seine
471558,2023-08-28,240,Scots Bay,45.1925,-64.8775,2023-08-30,242,Scots Bay ,45.1833333333333,-64.8833333333333,32,2,2023TagReturns,,4Xr,4Xr,Purse Seine
572251,2023-08-27,239,Scots Bay,45.13527778,-65.06972222,2023-08-31,243,Northeast Bank,NA,NA,26,4,2023TagReturns,,4Xr,,Purse Seine
564061,2023-08-28,240,Scots Bay,45.14111111,-65.05194444,2023-08-31,243,Northeast Bank,NA,NA,26,3,2023TagReturns,,4Xr,,Purse Seine
473086,2022-09-07,250,Scots Bay,45.19678333,-64.88591667,2023-08-31,243,Northeast Bank,NA,NA,26,358,2023TagReturns,,4Xr,,Purse Seine
567119,2023-08-29,241,Scots Bay,45.20138889,-64.88638889,2023-08-31,243,Northeast Bank,NA,NA,26,2,2023TagReturns,,4Xr,,Purse Seine
593116,2023-06-20,171,Grand Manan Banks,44.2814,-66.96776667,2023-09-01,244,Northeast Bank,NA,NA,66,73,2023TagReturns,,5Yb,,Purse Seine
501835,2023-06-25,176,Grand Manan Banks,44.256,-67.01266667,2023-09-01,244,Northeast Bank,NA,NA,66,68,2023TagReturns,,5Yb,,Purse Seine
577051,2023-08-30,242,German Bank,43.25305556,-66.345,2023-09-01,244,German Bank,NA,NA,84,2,2023TagReturns,,4Xq,4Xq,Purse Seine
577064,2023-08-30,242,German Bank,43.25305556,-66.345,2023-09-01,244,German Bank,NA,NA,84,2,2023TagReturns,,4Xq,4Xq,Purse Seine
569215,2023-08-29,241,Scots Bay,45.18972222,-64.92277778,2023-09-01,244,German Bank,NA,NA,NA,3,2023TagReturns,,4Xr,4Xq,Purse Seine
569032,2023-08-29,241,Scots Bay,45.15777778,-65.03361111,2023-09-01,244,German Bank,NA,NA,NA,3,2023TagReturns,,4Xr,4Xq,Purse Seine
564460,2023-08-29,241,Scots Bay,45.19805556,-64.85777778,2023-09-01,244,German Bank,NA,NA,NA,3,2023TagReturns,,4Xr,4Xq,Purse Seine
564341,2023-08-29,241,Scots Bay,45.19805556,-64.85777778,2023-09-01,244,German Bank,NA,NA,NA,3,2023TagReturns,,4Xr,4Xq,Purse Seine
577024,2023-08-30,242,German Bank,43.25305556,-66.345,2023-09-05,248,German Bank,NA,NA,116,6,2023TagReturns,,4Xq,4Xq,Purse Seine
467003,2022-08-29,241,German Bank,43.28333333,-66.37416667,2023-09-05,248,German Bank,NA,NA,116,372,2023TagReturns,,4Xq,4Xq,Purse Seine
577080,2023-08-30,242,German Bank,43.25305556,-66.345,2023-09-05,248,German Bank,NA,NA,116,6,2023TagReturns,,4Xq,4Xq,Purse Seine
498467,2022-08-16,228,German Bank,43.34535,-66.44735,2023-09-05,248,German Bank,NA,NA,116,385,2023TagReturns,,4Xq,4Xq,Purse Seine
577167,2023-08-31,243,German Bank,43.28888889,-66.42055556,2023-09-05,248,German Bank,NA,NA,116,5,2023TagReturns,,4Xq,4Xq,Purse Seine
567423,2023-09-03,246,German Bank,43.27138889,-66.37361111,2023-09-05,248,German Bank ,NA,NA,216,2,2023TagReturns,,4Xq,4Xq,Purse Seine
577188,2023-08-31,243,German Bank,43.28888889,-66.42055556,2023-09-05,248,German Bank ,NA,NA,145,5,2023TagReturns,,4Xq,4Xq,Purse Seine
577204,2023-08-31,243,German Bank,43.28888889,-66.42055556,2023-09-05,248,German Bank,NA,NA,78,5,2023TagReturns,,4Xq,4Xq,Purse Seine
577295,2023-08-31,243,German Bank,43.28888889,-66.42055556,2023-09-05,248,German Bank,NA,NA,37,5,2023TagReturns,,4Xq,4Xq,Purse Seine
567083,2023-08-29,241,Scots Bay,45.20138889,-64.88638889,2023-09-05,248,Seal Island,43.2666666666667,-66.35,185,7,2023TagReturns,Used FM as it had the biggest catch that day of connors boats.,4Xr,4Xq,Purse Seine
577472,2023-09-04,247,German Bank,43.25972222,-66.37611111,2023-09-05,248,Seal Island,43.2666666666667,-66.35,185,1,2023TagReturns,Used FM as it had the biggest catch that day of connors boats.,4Xq,4Xq,Purse Seine
567442,2023-09-03,246,German Bank,43.27138889,-66.37361111,2023-09-05,248,Seal Island,43.2666666666667,-66.35,185,2,2023TagReturns,Used FM as it had the biggest catch that day of connors boats.,4Xq,4Xq,Purse Seine
564416,2023-08-29,241,Scots Bay,45.19805556,-64.85777778,2023-09-05,248,Seal Island,43.2666666666667,-66.35,185,7,2023TagReturns,Used FM as it had the biggest catch that day of connors boats.,4Xr,4Xq,Purse Seine
567465,2023-09-03,246,German Bank,43.27138889,-66.37361111,2023-09-05,248,Seal Island,43.2666666666667,-66.35,185,2,2023TagReturns,Used FM as it had the biggest catch that day of connors boats.,4Xq,4Xq,Purse Seine
564456,2023-08-29,241,Scots Bay,45.19805556,-64.85777778,2023-09-05,248,Seal Island,43.2666666666667,-66.35,185,7,2023TagReturns,Used FM as it had the biggest catch that day of connors boats.,4Xr,4Xq,Purse Seine
564640,2023-08-29,241,Scots Bay,45.19805556,-64.85777778,2023-09-05,248,Seal Island,43.2666666666667,-66.35,185,7,2023TagReturns,Used FM as it had the biggest catch that day of connors boats.,4Xr,4Xq,Purse Seine
564349,2023-08-29,241,Scots Bay,45.19805556,-64.85777778,2023-09-05,248,Seal Island,43.2666666666667,-66.35,185,7,2023TagReturns,Used FM as it had the biggest catch that day of connors boats.,4Xr,4Xq,Purse Seine
578643,2023-09-04,247,German Bank,43.25305556,-66.36638889,2023-09-06,249,German Bank,NA,NA,102,2,2023TagReturns,,4Xq,4Xq,Purse Seine
532001,2023-09-04,247,German Bank,43.25,-66.35,2023-09-06,249,German Bank,NA,NA,102,2,2023TagReturns,,4Xq,4Xq,Purse Seine
567542,2023-09-03,246,German Bank,43.27138889,-66.37361111,2023-09-06,249,German Bank,NA,NA,102,3,2023TagReturns,,4Xq,4Xq,Purse Seine
578658,2023-09-04,247,German Bank,43.25305556,-66.36638889,2023-09-06,249,German Bank,NA,NA,102,2,2023TagReturns,,4Xq,4Xq,Purse Seine
577160,2023-08-31,243,German Bank,43.28888889,-66.42055556,2023-09-06,249,German Bank,NA,NA,98,6,2023TagReturns,,4Xq,4Xq,Purse Seine
577260,2023-08-31,243,German Bank,43.28888889,-66.42055556,2023-09-06,249,German Bank,NA,NA,98,6,2023TagReturns,,4Xq,4Xq,Purse Seine
532020,2023-09-04,247,German Bank,43.25,-66.35,2023-09-06,249,German Bank,NA,NA,102,2,2023TagReturns,,4Xq,4Xq,Purse Seine
567576,2023-09-03,246,German Bank,43.27138889,-66.37361111,2023-09-06,249,German Bank,NA,NA,102,3,2023TagReturns,,4Xq,4Xq,Purse Seine
567454,2023-09-03,246,German Bank,43.27138889,-66.37361111,2023-09-06,249,German Bank,NA,NA,102,3,2023TagReturns,,4Xq,4Xq,Purse Seine
532029,2023-09-04,247,German Bank,43.25,-66.35,2023-09-06,249,German Bank,NA,NA,102,2,2023TagReturns,,4Xq,4Xq,Purse Seine
532110,2023-09-04,247,German Bank,43.25,-66.35,2023-09-06,249,German Bank,NA,NA,102,2,2023TagReturns,,4Xq,4Xq,Purse Seine
567443,2023-09-03,246,German Bank,43.27138889,-66.37361111,2023-09-06,249,German Bank,NA,NA,102,3,2023TagReturns,,4Xq,4Xq,Purse Seine
567494,2023-09-03,246,German Bank,43.27138889,-66.37361111,2023-09-06,249,German Bank,NA,NA,102,3,2023TagReturns,,4Xq,4Xq,Purse Seine
567475,2023-09-03,246,German Bank,43.27138889,-66.37361111,2023-09-06,249,German Bank,NA,NA,102,3,2023TagReturns,,4Xq,4Xq,Purse Seine
577724,2023-09-04,247,German Bank,43.25055556,-66.38055556,2023-09-06,249,German Bank,NA,NA,102,2,2023TagReturns,,4Xq,4Xq,Purse Seine
528099,2023-09-05,248,German Bank,43.26666667,-66.36638889,2023-09-06,249,German Bank,NA,NA,102,1,2023TagReturns,,4Xq,4Xq,Purse Seine
567624,2023-09-03,246,German Bank,43.27138889,-66.37361111,2023-09-06,249,German Bank,NA,NA,102,3,2023TagReturns,,4Xq,4Xq,Purse Seine
567481,2023-09-03,246,German Bank,43.27138889,-66.37361111,2023-09-06,249,German Bank,NA,NA,102,3,2023TagReturns,,4Xq,4Xq,Purse Seine
577411,2023-09-04,247,German Bank,43.25972222,-66.37611111,2023-09-06,249,German Bank,NA,NA,102,2,2023TagReturns,,4Xq,4Xq,Purse Seine
567373,2023-09-03,246,German Bank,43.27138889,-66.37361111,2023-09-06,249,German Bank,NA,NA,148,3,2023TagReturns,,4Xq,4Xq,Purse Seine
567462,2023-09-03,246,German Bank,43.27138889,-66.37361111,2023-09-06,249,German Bank,NA,NA,148,3,2023TagReturns,,4Xq,4Xq,Purse Seine
567466,2023-09-03,246,German Bank,43.27138889,-66.37361111,2023-09-06,249,German Bank,NA,NA,148,3,2023TagReturns,,4Xq,4Xq,Purse Seine
567515,2023-09-03,246,German Bank,43.27138889,-66.37361111,2023-09-06,249,German Bank,NA,NA,148,3,2023TagReturns,,4Xq,4Xq,Purse Seine
567641,2023-09-03,246,German Bank,43.27138889,-66.37361111,2023-09-06,249,German Bank,NA,NA,148,3,2023TagReturns,,4Xq,4Xq,Purse Seine
567648,2023-09-03,246,German Bank,43.27138889,-66.37361111,2023-09-06,249,German Bank,NA,NA,148,3,2023TagReturns,,4Xq,4Xq,Purse Seine
577351,2023-09-04,247,German Bank,43.25972222,-66.37611111,2023-09-06,249,German Bank,NA,NA,148,2,2023TagReturns,,4Xq,4Xq,Purse Seine
577577,2023-09-04,247,German Bank,43.25055556,-66.38055556,2023-09-06,249,German Bank,NA,NA,148,2,2023TagReturns,,4Xq,4Xq,Purse Seine
567570,2023-09-03,246,German Bank,43.27138889,-66.37361111,2023-09-06,249,German Bank,43.25,-66.3833333333333,122,3,2023TagReturns,Used BP as it had the biggest catch that day of connors boats.,4Xq,4Xq,Purse Seine
567207,2023-08-29,241,Scots Bay,45.20138889,-64.88638889,2023-09-06,249,German Bank,43.25,-66.3833333333333,122,8,2023TagReturns,Used BP as it had the biggest catch that day of connors boats.,4Xr,4Xq,Purse Seine
500940,2022-08-10,222,Scots Bay,45.18843333,-64.88335,2023-09-06,249,German Bank,43.25,-66.3833333333333,122,392,2023TagReturns,Used BP as it had the biggest catch that day of connors boats.,4Xr,4Xq,Purse Seine
471823,2023-08-29,241,Scots Bay,45.21111111,-64.8225,2023-09-06,249,German Bank,43.25,-66.3833333333333,122,8,2023TagReturns,Used BP as it had the biggest catch that day of connors boats.,4Xr,4Xq,Purse Seine
569073,2023-08-29,241,Scots Bay,45.15777778,-65.03361111,2023-09-06,249,German Bank,43.25,-66.3833333333333,122,8,2023TagReturns,Used BP as it had the biggest catch that day of connors boats.,4Xr,4Xq,Purse Seine
471652,2023-08-28,240,Scots Bay,45.1633,-64.9931,2023-09-06,249,German Bank,43.25,-66.3833333333333,122,9,2023TagReturns,Used BP as it had the biggest catch that day of connors boats.,4Xr,4Xq,Purse Seine
528138,2023-09-05,248,German Bank,43.26666667,-66.36638889,2023-09-07,250,German Bank,NA,NA,110,2,2023TagReturns,,4Xq,4Xq,Purse Seine
567369,2023-09-03,246,German Bank,43.27138889,-66.37361111,2023-09-07,250,German Bank,NA,NA,110,4,2023TagReturns,,4Xq,4Xq,Purse Seine
577185,2023-08-31,243,German Bank,43.28888889,-66.42055556,2023-09-07,250,German Bank,NA,NA,110,7,2023TagReturns,,4Xq,4Xq,Purse Seine
528133,2023-09-05,248,German Bank,43.26666667,-66.36638889,2023-09-07,250,German Bank,NA,NA,110,2,2023TagReturns,,4Xq,4Xq,Purse Seine
567416,2023-09-03,246,German Bank,43.27138889,-66.37361111,2023-09-07,250,German Bank,NA,NA,110,4,2023TagReturns,,4Xq,4Xq,Purse Seine
578599,2023-09-04,247,German Bank,43.25305556,-66.36638889,2023-09-07,250,German Bank,NA,NA,110,3,2023TagReturns,,4Xq,4Xq,Purse Seine
567141,2023-08-29,241,Scots Bay,45.20138889,-64.88638889,2023-09-07,250,Scots Bay,NA,NA,129,9,2023TagReturns,,4Xr,4Xs,Purse Seine
567191,2023-08-29,241,Scots Bay,45.20138889,-64.88638889,2023-09-07,250,Scots Bay,NA,NA,129,9,2023TagReturns,,4Xr,4Xs,Purse Seine
498755,2022-08-22,234,Scots Bay,45.1461,-64.99368333,2023-09-07,250,Scots Bay,NA,NA,129,381,2023TagReturns,,4Xr,4Xs,Purse Seine 
567187,2023-08-29,241,Scots Bay,45.20138889,-64.88638889,2023-09-07,250,Scots Bay,NA,NA,129,9,2023TagReturns,,4Xr,4Xs,Purse Seine
564948,2023-08-28,240,Scots Bay,45.18027778,-64.95611111,2023-09-07,250,Scots Bay,NA,NA,129,10,2023TagReturns,,4Xr,4Xs,Purse Seine
564390,2023-08-29,241,Scots Bay,45.19805556,-64.85777778,2023-09-07,250,Scots Bay,NA,NA,129,9,2023TagReturns,,4Xr,4Xs,Purse Seine
567283,2023-08-29,241,Scots Bay,45.20138889,-64.88638889,2023-09-07,250,Scots Bay,NA,NA,129,9,2023TagReturns,,4Xr,4Xs,Purse Seine
567195,2023-08-29,241,Scots Bay,45.20138889,-64.88638889,2023-09-07,250,Scots Bay,NA,NA,129,9,2023TagReturns,,4Xr,4Xs,Purse Seine
564552,2023-08-29,241,Scots Bay,45.19805556,-64.85777778,2023-09-07,250,Scots Bay,NA,NA,129,9,2023TagReturns,,4Xr,4Xs,Purse Seine
564006,2023-08-28,240,Scots Bay,45.14111111,-65.05194444,2023-09-07,250,Scots Bay,NA,NA,129,10,2023TagReturns,,4Xr,4Xs,Purse Seine
567124,2023-08-29,241,Scots Bay,45.20138889,-64.88638889,2023-09-07,250,Scots Bay,NA,NA,129,9,2023TagReturns,,4Xr,4Xs,Purse Seine
471801,2023-08-29,241,Scots Bay,45.21111111,-64.8225,2023-09-07,250,Scots Bay,NA,NA,129,9,2023TagReturns,,4Xr,4Xs,Purse Seine
569083,2023-08-29,241,Scots Bay,45.15777778,-65.03361111,2023-09-07,250,Scots Bay,NA,NA,129,9,2023TagReturns,,4Xr,4Xs,Purse Seine
471782,2023-08-29,241,Scots Bay,45.21111111,-64.8225,2023-09-07,250,Scots Bay,NA,NA,129,9,2023TagReturns,,4Xr,4Xs,Purse Seine
471864,2023-08-29,241,Scots Bay,45.21111111,-64.8225,2023-09-07,250,Scots Bay,NA,NA,129,9,2023TagReturns,,4Xr,4Xs,Purse Seine
564001,2023-08-28,240,Scots Bay,45.14111111,-65.05194444,2023-09-07,250,Scots Bay,NA,NA,129,10,2023TagReturns,,4Xr,4Xs,Purse Seine
564177,2023-08-28,240,Scots Bay,45.14111111,-65.05194444,2023-09-07,250,Scots Bay,NA,NA,129,10,2023TagReturns,,4Xr,4Xs,Purse Seine
471882,2023-08-29,241,Scots Bay,45.21111111,-64.8225,2023-09-07,250,Scots Bay,NA,NA,129,9,2023TagReturns,,4Xr,4Xs,Purse Seine
567276,2023-08-29,241,Scots Bay,45.20138889,-64.88638889,2023-09-07,250,Scots Bay,NA,NA,129,9,2023TagReturns,,4Xr,4Xs,Purse Seine
567190,2023-08-29,241,Scots Bay,45.20138889,-64.88638889,2023-09-07,250,Scots Bay,NA,NA,129,9,2023TagReturns,,4Xr,4Xs,Purse Seine
471828,2023-08-29,241,Scots Bay,45.21111111,-64.8225,2023-09-07,250,Scots Bay,NA,NA,129,9,2023TagReturns,,4Xr,4Xs,Purse Seine
564522,2023-08-29,241,Scots Bay,45.19805556,-64.85777778,2023-09-07,250,Scots Bay,NA,NA,129,9,2023TagReturns,,4Xr,4Xs,Purse Seine
567159,2023-08-29,241,Scots Bay,45.20138889,-64.88638889,2023-09-07,250,Scots Bay,NA,NA,129,9,2023TagReturns,,4Xr,4Xs,Purse Seine
564576,2023-08-29,241,Scots Bay,45.19805556,-64.85777778,2023-09-07,250,Scots Bay,NA,NA,129,9,2023TagReturns,,4Xr,4Xs,Purse Seine 
564150,2023-08-28,240,Scots Bay,45.14111111,-65.05194444,2023-09-07,250,Scots Bay,NA,NA,129,10,2023TagReturns,,4Xr,4Xs,Purse Seine
564538,2023-08-29,241,Scots Bay,45.19805556,-64.85777778,2023-09-07,250,Scots Bay,NA,NA,129,9,2023TagReturns,,4Xr,4Xs,Purse Seine
564414,2023-08-29,241,Scots Bay,45.19805556,-64.85777778,2023-09-07,250,Scots Bay,NA,NA,129,9,2023TagReturns,,4Xr,4Xs,Purse Seine
567092,2023-08-29,241,Scots Bay,45.20138889,-64.88638889,2023-09-07,250,Scots Bay,NA,NA,129,9,2023TagReturns,,4Xr,4Xs,Purse Seine
471740,2023-08-29,241,Scots Bay,45.21111111,-64.8225,2023-09-07,250,Scots Bay,NA,NA,129,9,2023TagReturns,,4Xr,4Xs,Purse Seine
471820,2023-08-29,241,Scots Bay,45.21111111,-64.8225,2023-09-07,250,Scots Bay,NA,NA,129,9,2023TagReturns,,4Xr,4Xs,Purse Seine
471816,2023-08-29,241,Scots Bay,45.21111111,-64.8225,2023-09-07,250,Scots Bay,NA,NA,129,9,2023TagReturns,,4Xr,4Xs,Purse Seine
567225,2023-08-29,241,Scots Bay,45.20138889,-64.88638889,2023-09-07,250,Scots Bay,NA,NA,129,9,2023TagReturns,,4Xr,4Xs,Purse Seine
564846,2023-08-28,240,Scots Bay,45.18027778,-64.95611111,2023-09-07,250,Scots Bay,NA,NA,129,10,2023TagReturns,,4Xr,4Xs,Purse Seine
471641,2023-08-28,240,Scots Bay,45.1633,-64.9931,2023-09-07,250,Scots Bay,NA,NA,129,10,2023TagReturns,,4Xr,4Xs,Purse Seine
471766,2023-08-29,241,Scots Bay,45.21111111,-64.8225,2023-09-07,250,Scots Bay,NA,NA,129,9,2023TagReturns,,4Xr,4Xs,Purse Seine
564193,2023-08-28,240,Scots Bay,45.14111111,-65.05194444,2023-09-07,250,Scots Bay,NA,NA,129,10,2023TagReturns,,4Xr,4Xs,Purse Seine
567273,2023-08-29,241,Scots Bay,45.20138889,-64.88638889,2023-09-07,250,Scots Bay,NA,NA,129,9,2023TagReturns,,4Xr,4Xs,Purse Seine
564636,2023-08-29,241,Scots Bay,45.19805556,-64.85777778,2023-09-07,250,Scots Bay,NA,NA,129,9,2023TagReturns,,4Xr,4Xs,Purse Seine
564304,2023-08-29,241,Scots Bay,45.19805556,-64.85777778,2023-09-07,250,Scots Bay,NA,NA,129,9,2023TagReturns,,4Xr,4Xs,Purse Seine
564769,2023-08-28,240,Scots Bay,45.18027778,-64.95611111,2023-09-07,250,Scots Bay,NA,NA,129,10,2023TagReturns,,4Xr,4Xs,Purse Seine
564307,2023-08-29,241,Scots Bay,45.19805556,-64.85777778,2023-09-07,250,Scots Bay,NA,NA,129,9,2023TagReturns,,4Xr,4Xs,Purse Seine
569115,2023-08-29,241,Scots Bay,45.15777778,-65.03361111,2023-09-07,250,Scots Bay,NA,NA,129,9,2023TagReturns,,4Xr,4Xs,Purse Seine
564412,2023-08-29,241,Scots Bay,45.19805556,-64.85777778,2023-09-07,250,Scots Bay,NA,NA,129,9,2023TagReturns,,4Xr,4Xs,Purse Seine
564015,2023-08-28,240,Scots Bay,45.14111111,-65.05194444,2023-09-07,250,Scots Bay,NA,NA,129,10,2023TagReturns,,4Xr,4Xs,Purse Seine
567241,2023-08-29,241,Scots Bay,45.20138889,-64.88638889,2023-09-07,250,Scots Bay,NA,NA,129,9,2023TagReturns,,4Xr,4Xs,Purse Seine
569212,2023-08-29,241,Scots Bay,45.18972222,-64.92277778,2023-09-07,250,Scots Bay,NA,NA,129,9,2023TagReturns,,4Xr,4Xs,Purse Seine
564712,2023-08-28,240,Scots Bay,45.18027778,-64.95611111,2023-09-07,250,Scots Bay,NA,NA,129,10,2023TagReturns,,4Xr,4Xs,Purse Seine 
572481,2023-08-27,239,Scots Bay,45.13527778,-65.06972222,2023-09-07,250,Scots Bay,NA,NA,129,11,2023TagReturns,,4Xr,4Xs,Purse Seine
564708,2023-08-28,240,Scots Bay,45.18027778,-64.95611111,2023-09-07,250,Scots Bay,NA,NA,129,10,2023TagReturns,,4Xr,4Xs,Purse Seine
567193,2023-08-29,241,Scots Bay,45.20138889,-64.88638889,2023-09-07,250,Scots Bay,NA,NA,129,9,2023TagReturns,,4Xr,4Xs,Purse Seine
564901,2023-08-28,240,Scots Bay,45.18027778,-64.95611111,2023-09-07,250,Scots Bay,NA,NA,129,10,2023TagReturns,,4Xr,4Xs,Purse Seine
567249,2023-08-29,241,Scots Bay,45.20138889,-64.88638889,2023-09-07,250,Scots Bay,NA,NA,129,9,2023TagReturns,,4Xr,4Xs,Purse Seine
564930,2023-08-28,240,Scots Bay,45.18027778,-64.95611111,2023-09-07,250,Scots Bay,NA,NA,129,10,2023TagReturns,,4Xr,4Xs,Purse Seine
564841,2023-08-28,240,Scots Bay,45.18027778,-64.95611111,2023-09-07,250,Scots Bay,NA,NA,129,10,2023TagReturns,,4Xr,4Xs,Purse Seine
564970,2023-08-28,240,Scots Bay,45.18027778,-64.95611111,2023-09-07,250,Scots Bay,NA,NA,129,10,2023TagReturns,,4Xr,4Xs,Purse Seine
567025,2023-08-29,241,Scots Bay,45.20138889,-64.88638889,2023-09-07,250,Scots Bay,NA,NA,129,9,2023TagReturns,,4Xr,4Xs,Purse Seine
564343,2023-08-29,241,Scots Bay,45.19805556,-64.85777778,2023-09-07,250,Scots Bay,NA,NA,129,9,2023TagReturns,,4Xr,4Xs,Purse Seine
502285,2022-08-24,236,Scots Bay,45.16295,-64.94386667,2023-09-07,250,Scots Bay,NA,NA,129,379,2023TagReturns,,4Xr,4Xs,Purse Seine
564442,2023-08-29,241,Scots Bay,45.19805556,-64.85777778,2023-09-07,250,Scots Bay ,NA,NA,165,9,2023TagReturns,,4Xr,4Xs,Purse Seine
564345,2023-08-29,241,Scots Bay,45.19805556,-64.85777778,2023-09-07,250,Scots Bay,NA,NA,147,9,2023TagReturns,,4Xr,4Xs,Purse Seine
564445,2023-08-29,241,Scots Bay,45.19805556,-64.85777778,2023-09-07,250,Scots Bay,NA,NA,147,9,2023TagReturns,,4Xr,4Xs,Purse Seine
567213,2023-08-29,241,Scots Bay,45.20138889,-64.88638889,2023-09-07,250,Scots Bay,NA,NA,147,9,2023TagReturns,,4Xr,4Xs,Purse Seine
567268,2023-08-29,241,Scots Bay,45.20138889,-64.88638889,2023-09-07,250,Scots Bay,NA,NA,147,9,2023TagReturns,,4Xr,4Xs,Purse Seine
569057,2023-08-29,241,Scots Bay,45.15777778,-65.03361111,2023-09-07,250,Scots Bay,NA,NA,147,9,2023TagReturns,,4Xr,4Xs,Purse Seine
569499,2023-08-30,242,Long Island,44.295,-66.42,2023-09-07,250,Scots Bay,NA,NA,147,8,2023TagReturns,,4Xr,4Xs,Purse Seine
577842,2023-09-06,249,Scots Bay,45.15833333,-65.01138889,2023-09-07,250,Scots Bay,NA,NA,147,1,2023TagReturns,,4Xr,4Xs,Purse Seine
564787,2023-08-28,240,Scots Bay,45.18027778,-64.95611111,2023-09-07,250,German Bank,NA,NA,147,10,2023TagReturns,,4Xr,4Xq,Purse Seine
567435,2023-09-03,246,German Bank,43.27138889,-66.37361111,2023-09-07,250,German Bank,NA,NA,94,4,2023TagReturns,,4Xq,4Xq,Purse Seine
567650,2023-09-03,246,German Bank,43.27138889,-66.37361111,2023-09-07,250,German Bank,NA,NA,94,4,2023TagReturns,,4Xq,4Xq,Purse Seine
577420,2023-09-04,247,German Bank,43.25972222,-66.37611111,2023-09-07,250,German Bank,NA,NA,94,3,2023TagReturns,,4Xq,4Xq,Purse Seine
577602,2023-09-04,247,German Bank,43.25055556,-66.38055556,2023-09-07,250,German Bank,NA,NA,94,3,2023TagReturns,,4Xq,4Xq,Purse Seine
564652,2023-08-28,240,Scots Bay,45.18027778,-64.95611111,2023-09-07,250,Scots Bay,NA,NA,29,10,2023TagReturns,,4Xr,4Xs,Purse Seine
577774,2023-09-06,249,Scots Bay,45.15833333,-65.01138889,2023-09-07,250,Scots Bay,NA,NA,29,1,2023TagReturns,,4Xr,4Xs,Purse Seine
528137,2023-09-05,248,German Bank,43.26666667,-66.36638889,2023-09-07,250,Scots Bay ,45.1333333333333,-65,98,2,2023TagReturns,,4Xq,4Xr,Purse Seine
567428,2023-09-03,246,German Bank,43.27138889,-66.37361111,2023-09-07,250,Scots Bay ,45.1333333333333,-65,98,4,2023TagReturns,,4Xq,4Xr,Purse Seine
564354,2023-08-29,241,Scots Bay,45.19805556,-64.85777778,2023-09-07,250,Scots Bay ,45.1333333333333,-65,98,9,2023TagReturns,,4Xr,4Xr,Purse Seine
567510,2023-09-03,246,German Bank,43.27138889,-66.37361111,2023-09-07,250,Scots Bay ,45.1333333333333,-65,98,4,2023TagReturns,,4Xq,4Xr,Purse Seine
564891,2023-08-28,240,Scots Bay,45.18027778,-64.95611111,2023-09-07,250,Scots Bay ,45.1333333333333,-65,98,10,2023TagReturns,,4Xr,4Xr,Purse Seine
471841,2023-08-29,241,Scots Bay,45.21111111,-64.8225,2023-09-07,250,Scots Bay ,45.1333333333333,-65,98,9,2023TagReturns,,4Xr,4Xr,Purse Seine
567176,2023-08-29,241,Scots Bay,45.20138889,-64.88638889,2023-09-07,250,Scots Bay ,45.1333333333333,-65,98,9,2023TagReturns,,4Xr,4Xr,Purse Seine
502446,2022-08-24,236,German Bank,43.29388333,-66.39218333,2023-09-07,250,Scots Bay ,45.1333333333333,-65,98,379,2023TagReturns,,4Xq,4Xr,Purse Seine
471495,2023-08-28,240,Scots Bay,45.1925,-64.8775,2023-09-07,250,Scots Bay ,45.1333333333333,-65,98,10,2023TagReturns,,4Xr,4Xr,Purse Seine
563788,2023-08-20,232,Scots Bay,45.12166667,-65.05638889,2023-09-07,250,Scots Bay ,45.1333333333333,-65,98,18,2023TagReturns,,4Xr,4Xr,Purse Seine
563824,2023-08-20,232,Scots Bay,45.12166667,-65.05638889,2023-09-07,250,Scots Bay ,45.1333333333333,-65,98,18,2023TagReturns,,4Xr,4Xr,Purse Seine
567199,2023-08-29,241,Scots Bay,45.20138889,-64.88638889,2023-09-07,250,Scots Bay ,45.1333333333333,-65,98,9,2023TagReturns,,4Xr,4Xr,Purse Seine
567221,2023-08-29,241,Scots Bay,45.20138889,-64.88638889,2023-09-07,250,Scots Bay ,45.1333333333333,-65,98,9,2023TagReturns,,4Xr,4Xr,Purse Seine
564937,2023-08-28,240,Scots Bay,45.18027778,-64.95611111,2023-09-07,250,Scots Bay ,45.1333333333333,-65,98,10,2023TagReturns,,4Xr,4Xr,Purse Seine
567200,2023-08-29,241,Scots Bay,45.20138889,-64.88638889,2023-09-07,250,Scots Bay ,45.1333333333333,-65,98,9,2023TagReturns,,4Xr,4Xr,Purse Seine
532142,2023-09-04,247,German Bank,43.25,-66.35,2023-09-07,250,Scots Bay ,45.1333333333333,-65,98,3,2023TagReturns,,4Xq,4Xr,Purse Seine
564665,2023-08-28,240,Scots Bay,45.18027778,-64.95611111,2023-09-07,250,Scots Bay ,45.1333333333333,-65,98,10,2023TagReturns,,4Xr,4Xr,Purse Seine
564319,2023-08-29,241,Scots Bay,45.19805556,-64.85777778,2023-09-07,250,Scots Bay ,45.1333333333333,-65,98,9,2023TagReturns,,4Xr,4Xr,Purse Seine
567224,2023-08-29,241,Scots Bay,45.20138889,-64.88638889,2023-09-07,250,Scots Bay ,45.1333333333333,-65,98,9,2023TagReturns,,4Xr,4Xr,Purse Seine
572426,2023-08-27,239,Scots Bay,45.13527778,-65.06972222,2023-09-07,250,Scots Bay ,45.1333333333333,-65,98,11,2023TagReturns,,4Xr,4Xr,Purse Seine
502038,2022-08-22,234,Scots Bay,45.12246667,-65.05455,2023-09-08,251,Scots Bay,NA,NA,119,382,2023TagReturns,,4Xr,4Xs,Purse Seine
567078,2023-08-29,241,Scots Bay,45.20138889,-64.88638889,2023-09-08,251,Scots Bay,NA,NA,119,10,2023TagReturns,,4Xr,4Xs,Purse Seine
471622,2023-08-28,240,Scots Bay,45.1925,-64.8775,2023-09-08,251,Scots Bay,NA,NA,119,11,2023TagReturns,,4Xr,4Xs,Purse Seine
471763,2023-08-29,241,Scots Bay,45.21111111,-64.8225,2023-09-08,251,Scots Bay,NA,NA,119,10,2023TagReturns,,4Xr,4Xs,Purse Seine
471817,2023-08-29,241,Scots Bay,45.21111111,-64.8225,2023-09-08,251,Scots Bay,NA,NA,119,10,2023TagReturns,,4Xr,4Xs,Purse Seine
567228,2023-08-29,241,Scots Bay,45.20138889,-64.88638889,2023-09-08,251,Scots Bay,NA,NA,119,10,2023TagReturns,,4Xr,4Xs,Purse Seine
564912,2023-08-28,240,Scots Bay,45.18027778,-64.95611111,2023-09-08,251,Scots Bay,NA,NA,119,11,2023TagReturns,,4Xr,4Xs,Purse Seine
564820,2023-08-28,240,Scots Bay,45.18027778,-64.95611111,2023-09-08,251,Scots Bay,NA,NA,119,11,2023TagReturns,,4Xr,4Xs,Purse Seine
564499,2023-08-29,241,Scots Bay,45.19805556,-64.85777778,2023-09-08,251,Scots Bay,NA,NA,119,10,2023TagReturns,,4Xr,4Xs,Purse Seine
564525,2023-08-29,241,Scots Bay,45.19805556,-64.85777778,2023-09-08,251,Scots Bay,NA,NA,119,10,2023TagReturns,,4Xr,4Xs,Purse Seine
567237,2023-08-29,241,Scots Bay,45.20138889,-64.88638889,2023-09-08,251,Scots Bay,NA,NA,119,10,2023TagReturns,,4Xr,4Xs,Purse Seine
567203,2023-08-29,241,Scots Bay,45.20138889,-64.88638889,2023-09-08,251,Scots Bay,NA,NA,119,10,2023TagReturns,,4Xr,4Xs,Purse Seine
564954,2023-08-28,240,Scots Bay,45.18027778,-64.95611111,2023-09-08,251,Scots Bay,NA,NA,119,11,2023TagReturns,,4Xr,4Xs,Purse Seine
567113,2023-08-29,241,Scots Bay,45.20138889,-64.88638889,2023-09-08,251,Scots Bay,NA,NA,119,10,2023TagReturns,,4Xr,4Xs,Purse Seine
471890,2023-08-29,241,Scots Bay,45.21111111,-64.8225,2023-09-08,251,Scots Bay,NA,NA,119,10,2023TagReturns,,4Xr,4Xs,Purse Seine
572459,2023-08-27,239,Scots Bay,45.13527778,-65.06972222,2023-09-08,251,Scots Bay,NA,NA,119,12,2023TagReturns,,4Xr,4Xs,Purse Seine
471797,2023-08-29,241,Scots Bay,45.21111111,-64.8225,2023-09-08,251,Scots Bay,NA,NA,119,10,2023TagReturns,,4Xr,4Xs,Purse Seine
471910,2023-08-29,241,Scots Bay,45.21111111,-64.8225,2023-09-08,251,Scots Bay,NA,NA,119,10,2023TagReturns,,4Xr,4Xs,Purse Seine
564874,2023-08-28,240,Scots Bay,45.18027778,-64.95611111,2023-09-08,251,Scots Bay,NA,NA,119,11,2023TagReturns,,4Xr,4Xs,Purse Seine
569124,2023-08-29,241,Scots Bay,45.15777778,-65.03361111,2023-09-08,251,Scots Bay,NA,NA,119,10,2023TagReturns,,4Xr,4Xs,Purse Seine
564657,2023-08-28,240,Scots Bay,45.18027778,-64.95611111,2023-09-08,251,Scots Bay,NA,NA,119,11,2023TagReturns,,4Xr,4Xs,Purse Seine
567151,2023-08-29,241,Scots Bay,45.20138889,-64.88638889,2023-09-08,251,Scots Bay,NA,NA,119,10,2023TagReturns,,4Xr,4Xs,Purse Seine
564811,2023-08-28,240,Scots Bay,45.18027778,-64.95611111,2023-09-08,251,Scots Bay,NA,NA,119,11,2023TagReturns,,4Xr,4Xs,Purse Seine
564514,2023-08-29,241,Scots Bay,45.19805556,-64.85777778,2023-09-08,251,Scots Bay,NA,NA,119,10,2023TagReturns,,4Xr,4Xs,Purse Seine
564603,2023-08-29,241,Scots Bay,45.19805556,-64.85777778,2023-09-08,251,Scots Bay,NA,NA,119,10,2023TagReturns,,4Xr,4Xs,Purse Seine
471489,2023-08-28,240,Scots Bay,45.1925,-64.8775,2023-09-08,251,Scots Bay,NA,NA,119,11,2023TagReturns,,4Xr,4Xs,Purse Seine
564777,2023-08-28,240,Scots Bay,45.18027778,-64.95611111,2023-09-08,251,Scots Bay,NA,NA,119,11,2023TagReturns,,4Xr,4Xs,Purse Seine
471716,2023-08-28,240,Scots Bay,45.1633,-64.9931,2023-09-08,251,Scots Bay,NA,NA,119,11,2023TagReturns,,4Xr,4Xs,Purse Seine
564798,2023-08-28,240,Scots Bay,45.18027778,-64.95611111,2023-09-08,251,Scots Bay,NA,NA,119,11,2023TagReturns,,4Xr,4Xs,Purse Seine
564667,2023-08-28,240,Scots Bay,45.18027778,-64.95611111,2023-09-08,251,Scots Bay,NA,NA,119,11,2023TagReturns,,4Xr,4Xs,Purse Seine
567215,2023-08-29,241,Scots Bay,45.20138889,-64.88638889,2023-09-08,251,Scots Bay,NA,NA,119,10,2023TagReturns,,4Xr,4Xs,Purse Seine
567240,2023-08-29,241,Scots Bay,45.20138889,-64.88638889,2023-09-08,251,Scots Bay,NA,NA,119,10,2023TagReturns,,4Xr,4Xs,Purse Seine
569157,2023-08-29,241,Scots Bay,45.15777778,-65.03361111,2023-09-08,251,Scots Bay,NA,NA,119,10,2023TagReturns,,4Xr,4Xs,Purse Seine
564759,2023-08-28,240,Scots Bay,45.18027778,-64.95611111,2023-09-08,251,Scots Bay,NA,NA,119,11,2023TagReturns,,4Xr,4Xs,Purse Seine
567174,2023-08-29,241,Scots Bay,45.20138889,-64.88638889,2023-09-08,251,Scots Bay,NA,NA,119,10,2023TagReturns,,4Xr,4Xs,Purse Seine
567173,2023-08-29,241,Scots Bay,45.20138889,-64.88638889,2023-09-08,251,Scots Bay,NA,NA,119,10,2023TagReturns,,4Xr,4Xs,Purse Seine
502154,2022-08-24,236,Scots Bay,45.16295,-64.94386667,2023-09-08,251,Scots Bay,NA,NA,119,380,2023TagReturns,,4Xr,4Xs,Purse Seine
567255,2023-08-29,241,Scots Bay,45.20138889,-64.88638889,2023-09-08,251,Scots Bay,NA,NA,119,10,2023TagReturns,,4Xr,4Xs,Purse Seine
471756,2023-08-29,241,Scots Bay,45.21111111,-64.8225,2023-09-08,251,Scots Bay,NA,NA,119,10,2023TagReturns,,4Xr,4Xs,Purse Seine
572285,2023-08-27,239,Scots Bay,45.13527778,-65.06972222,2023-09-08,251,Scots Bay,NA,NA,119,12,2023TagReturns,,4Xr,4Xs,Purse Seine
471903,2023-08-29,241,Scots Bay,45.21111111,-64.8225,2023-09-08,251,Scots Bay,NA,NA,119,10,2023TagReturns,,4Xr,4Xs,Purse Seine
564888,2023-08-28,240,Scots Bay,45.18027778,-64.95611111,2023-09-08,251,Scots Bay,NA,NA,119,11,2023TagReturns,,4Xr,4Xs,Purse Seine
564725,2023-08-28,240,Scots Bay,45.18027778,-64.95611111,2023-09-08,251,Scots Bay,NA,NA,119,11,2023TagReturns,,4Xr,4Xs,Purse Seine
471645,2023-08-28,240,Scots Bay,45.1633,-64.9931,2023-09-08,251,Scots Bay,NA,NA,119,11,2023TagReturns,,4Xr,4Xs,Purse Seine
471626,2023-08-28,240,Scots Bay,45.1925,-64.8775,2023-09-08,251,Scots Bay,NA,NA,119,11,2023TagReturns,,4Xr,4Xs,Purse Seine
569529,2023-08-30,242,Long Island,44.295,-66.42,2023-09-08,251,Scots Bay,NA,NA,119,9,2023TagReturns,,4Xr,4Xs,Purse Seine
471787,2023-08-29,241,Scots Bay,45.21111111,-64.8225,2023-09-08,251,Scots Bay,NA,NA,119,10,2023TagReturns,,4Xr,4Xs,Purse Seine
471490,2023-08-28,240,Scots Bay,45.1925,-64.8775,2023-09-08,251,Scots Bay,NA,NA,119,11,2023TagReturns,,4Xr,4Xs,Purse Seine
564172,2023-08-28,240,Scots Bay,45.14111111,-65.05194444,2023-09-08,251,Scots Bay,NA,NA,119,11,2023TagReturns,,4Xr,4Xs,Purse Seine
567155,2023-08-29,241,Scots Bay,45.20138889,-64.88638889,2023-09-08,251,Scots Bay,NA,NA,119,10,2023TagReturns,,4Xr,4Xs,Purse Seine
564721,2023-08-28,240,Scots Bay,45.18027778,-64.95611111,2023-09-08,251,Scots Bay,NA,NA,119,11,2023TagReturns,,4Xr,4Xs,Purse Seine
567080,2023-08-29,241,Scots Bay,45.20138889,-64.88638889,2023-09-08,251,Scots Bay,NA,NA,119,10,2023TagReturns,,4Xr,4Xs,Purse Seine
471581,2023-08-28,240,Scots Bay,45.1925,-64.8775,2023-09-08,251,Scots Bay,NA,NA,NA,11,2023TagReturns,,4Xr,4Xs,Purse Seine
567116,2023-08-29,241,Scots Bay,45.20138889,-64.88638889,2023-09-08,251,Scots Bay,NA,NA,NA,10,2023TagReturns,,4Xr,4Xs,Purse Seine
471749,2023-08-29,241,Scots Bay,45.21111111,-64.8225,2023-09-08,251,Scots Bay,NA,NA,NA,10,2023TagReturns,,4Xr,4Xs,Purse Seine
564842,2023-08-28,240,Scots Bay,45.18027778,-64.95611111,2023-09-08,251,Scots Bay,NA,NA,NA,11,2023TagReturns,,4Xr,4Xs,Purse Seine
567037,2023-08-29,241,Scots Bay,45.20138889,-64.88638889,2023-09-08,251,Scots Bay,NA,NA,NA,10,2023TagReturns,,4Xr,4Xs,Purse Seine
564361,2023-08-29,241,Scots Bay,45.19805556,-64.85777778,2023-09-08,251,Scots Bay,NA,NA,NA,10,2023TagReturns,,4Xr,4Xs,Purse Seine
564318,2023-08-29,241,Scots Bay,45.19805556,-64.85777778,2023-09-08,251,Scots Bay,NA,NA,NA,10,2023TagReturns,,4Xr,4Xs,Purse Seine
564321,2023-08-29,241,Scots Bay,45.19805556,-64.85777778,2023-09-10,253,Scots Bay,NA,NA,129,12,2023TagReturns,,4Xr,4Xs,Purse Seine
577836,2023-09-06,249,Scots Bay,45.15833333,-65.01138889,2023-09-11,254,Scots Bay,NA,NA,NA,5,2023TagReturns,,4Xr,4Xs,Purse Seine
577897,2023-09-06,249,Scots Bay,45.15833333,-65.01138889,2023-09-11,254,Scots Bay ,NA,NA,165,5,2023TagReturns,,4Xr,4Xs,Purse Seine
569644,2023-08-30,242,Long Island,44.295,-66.42,2023-09-11,254,Scots Bay ,NA,NA,165,12,2023TagReturns,,4Xr,4Xs,Purse Seine
530126,2023-09-07,250,Scots Bay,45.11111111,-65.10277778,2023-09-11,254,Scots Bay ,NA,NA,165,4,2023TagReturns,,4Xr,4Xs,Purse Seine
577865,2023-09-06,249,Scots Bay,45.15833333,-65.01138889,2023-09-11,254,Scots Bay ,NA,NA,165,5,2023TagReturns,,4Xr,4Xs,Purse Seine
530012,2023-09-07,250,Scots Bay,45.11111111,-65.10277778,2023-09-11,254,Scots Bay ,NA,NA,165,4,2023TagReturns,,4Xr,4Xs,Purse Seine
578866,2023-09-07,250,Scots Bay,45.11333333,-65.09944444,2023-09-11,254,Scots Bay,45.1166666666667,-65.0333333333333,152,4,2023TagReturns,,4Xr,4Xr,Purse Seine
577847,2023-09-06,249,Scots Bay,45.15833333,-65.01138889,2023-09-12,255,Scots Bay,NA,NA,94,6,2023TagReturns,,4Xr,4Xs,Purse Seine
567024,2023-08-29,241,Scots Bay,45.20138889,-64.88638889,2023-09-12,255,Scots Bay,NA,NA,94,14,2023TagReturns,,4Xr,4Xs,Purse Seine
567202,2023-08-29,241,Scots Bay,45.20138889,-64.88638889,2023-09-12,255,Scots Bay,NA,NA,94,14,2023TagReturns,,4Xr,4Xs,Purse Seine
471494,2023-08-28,240,Scots Bay,45.1925,-64.8775,2023-09-12,255,Scots Bay,NA,NA,94,15,2023TagReturns,,4Xr,4Xs,Purse Seine
564723,2023-08-28,240,Scots Bay,45.18027778,-64.95611111,2023-09-12,255,Scots Bay,NA,NA,94,15,2023TagReturns,,4Xr,4Xs,Purse Seine
564853,2023-08-28,240,Scots Bay,45.18027778,-64.95611111,2023-09-12,255,Scots Bay,NA,NA,94,15,2023TagReturns,,4Xr,4Xs,Purse Seine
577931,2023-09-06,249,Scots Bay,45.15833333,-65.01138889,2023-09-12,255,Scots Bay,NA,NA,94,6,2023TagReturns,,4Xr,4Xs,Purse Seine
577763,2023-09-06,249,Scots Bay,45.15833333,-65.01138889,2023-09-12,255,Scots Bay,NA,NA,94,6,2023TagReturns,,4Xr,4Xs,Purse Seine
471824,2023-08-29,241,Scots Bay,45.21111111,-64.8225,2023-09-12,255,Scots Bay,NA,NA,94,14,2023TagReturns,,4Xr,4Xs,Purse Seine
569617,2023-08-30,242,Long Island,44.295,-66.42,2023-09-12,255,Scots Bay,NA,NA,94,13,2023TagReturns,,4Xr,4Xs,Purse Seine
569582,2023-08-30,242,Long Island,44.295,-66.42,2023-09-12,255,Scots Bay,NA,NA,94,13,2023TagReturns,,4Xr,4Xs,Purse Seine
578846,2023-09-07,250,Scots Bay,45.11333333,-65.09944444,2023-09-12,255,Scots Bay,NA,NA,94,5,2023TagReturns,,4Xr,4Xs,Purse Seine
471773,2023-08-29,241,Scots Bay,45.21111111,-64.8225,2023-09-12,255,Scots Bay,NA,NA,94,14,2023TagReturns,,4Xr,4Xs,Purse Seine
564749,2023-08-28,240,Scots Bay,45.18027778,-64.95611111,2023-09-12,255,Scots Bay,NA,NA,94,15,2023TagReturns,,4Xr,4Xs,Purse Seine
578951,2023-09-07,250,Scots Bay,45.11333333,-65.09944444,2023-09-12,255,Scots Bay,NA,NA,94,5,2023TagReturns,,4Xr,4Xs,Purse Seine
578962,2023-09-07,250,Scots Bay,45.11333333,-65.09944444,2023-09-12,255,Scots Bay,NA,NA,94,5,2023TagReturns,,4Xr,4Xs,Purse Seine
578970,2023-09-07,250,Scots Bay,45.11333333,-65.09944444,2023-09-12,255,Scots Bay,NA,NA,94,5,2023TagReturns,,4Xr,4Xs,Purse Seine
564754,2023-08-28,240,Scots Bay,45.18027778,-64.95611111,2023-09-12,255,Scots Bay,NA,NA,94,15,2023TagReturns,,4Xr,4Xs,Purse Seine
578875,2023-09-07,250,Scots Bay,45.11333333,-65.09944444,2023-09-12,255,Scots Bay,NA,NA,94,5,2023TagReturns,,4Xr,4Xs,Purse Seine
577853,2023-09-06,249,Scots Bay,45.15833333,-65.01138889,2023-09-12,255,Scots Bay,NA,NA,94,6,2023TagReturns,,4Xr,4Xs,Purse Seine
564782,2023-08-28,240,Scots Bay,45.18027778,-64.95611111,2023-09-12,255,Scots Bay,NA,NA,94,15,2023TagReturns,,4Xr,4Xs,Purse Seine
577934,2023-09-06,249,Scots Bay,45.15833333,-65.01138889,2023-09-12,255,Scots Bay,NA,NA,94,6,2023TagReturns,,4Xr,4Xs,Purse Seine
578805,2023-09-07,250,Scots Bay,45.11333333,-65.09944444,2023-09-12,255,Scots Bay,NA,NA,94,5,2023TagReturns,,4Xr,4Xs,Purse Seine
577754,2023-09-06,249,Scots Bay,45.15833333,-65.01138889,2023-09-12,255,Scots Bay,NA,NA,94,6,2023TagReturns,,4Xr,4Xs,Purse Seine
502060,2022-08-24,236,Scots Bay,45.16295,-64.94386667,2023-09-12,255,Scots Bay,NA,NA,94,384,2023TagReturns,,4Xr,4Xs,Purse Seine
569550,2023-08-30,242,Long Island,44.295,-66.42,2023-09-12,255,Scots Bay,NA,NA,165,13,2023TagReturns,,4Xr,4Xs,Purse Seine
569645,2023-08-30,242,Long Island,44.295,-66.42,2023-09-12,255,Scots Bay,NA,NA,165,13,2023TagReturns,,4Xr,4Xs,Purse Seine
530118,2023-09-07,250,Scots Bay,45.11111111,-65.10277778,2023-09-12,255,Scots Bay,NA,NA,165,5,2023TagReturns,,4Xr,4Xs,Purse Seine
567112,2023-08-29,241,Scots Bay,45.20138889,-64.88638889,2023-09-12,255,Scots Bay,NA,NA,165,14,2023TagReturns,,4Xr,4Xs,Purse Seine
578804,2023-09-07,250,Scots Bay,45.11333333,-65.09944444,2023-09-12,255,Scots Bay,NA,NA,165,5,2023TagReturns,,4Xr,4Xs,Purse Seine
569594,2023-08-30,242,Long Island,44.295,-66.42,2023-09-12,255,Scots Bay,NA,NA,165,13,2023TagReturns,,4Xr,4Xs,Purse Seine
471788,2023-08-29,241,Scots Bay,45.21111111,-64.8225,2023-09-12,255,Scots Bay,NA,NA,165,14,2023TagReturns,,4Xr,4Xs,Purse Seine
569480,2023-08-30,242,Long Island,44.295,-66.42,2023-09-12,255,Scots Bay,NA,NA,165,13,2023TagReturns,,4Xr,4Xs,Purse Seine
577896,2023-09-06,249,Scots Bay,45.15833333,-65.01138889,2023-09-12,255,Scots Bay,NA,NA,165,6,2023TagReturns,,4Xr,4Xs,Purse Seine
578996,2023-09-07,250,Scots Bay,45.11333333,-65.09944444,2023-09-12,255,Scots Bay,NA,NA,165,5,2023TagReturns,,4Xr,4Xs,Purse Seine
567149,2023-08-29,241,Scots Bay,45.20138889,-64.88638889,2023-09-12,255,Scots Bay,NA,NA,165,14,2023TagReturns,,4Xr,4Xs,Purse Seine
577765,2023-09-06,249,Scots Bay,45.15833333,-65.01138889,2023-09-12,255,Scots Bay,NA,NA,165,6,2023TagReturns,,4Xr,4Xs,Purse Seine
530062,2023-09-07,250,Scots Bay,45.11111111,-65.10277778,2023-09-12,255,Scots Bay,NA,NA,165,5,2023TagReturns,,4Xr,4Xs,Purse Seine
530003,2023-09-07,250,Scots Bay,45.11111111,-65.10277778,2023-09-12,255,Scots Bay,NA,NA,165,5,2023TagReturns,,4Xr,4Xs,Purse Seine
577889,2023-09-06,249,Scots Bay,45.15833333,-65.01138889,2023-09-12,255,Scots Bay,NA,NA,165,6,2023TagReturns,,4Xr,4Xs,Purse Seine
567264,2023-08-29,241,Scots Bay,45.20138889,-64.88638889,2023-09-12,255,Scots Bay,NA,NA,165,14,2023TagReturns,,4Xr,4Xs,Purse Seine
569632,2023-08-30,242,Long Island,44.295,-66.42,2023-09-12,255,Scots Bay,NA,NA,165,13,2023TagReturns,,4Xr,4Xs,Purse Seine
497255,2023-06-12,163,Trinity,44.1,-66.48333333,2023-09-12,255,Scots Bay,NA,NA,165,92,2023TagReturns,,4Xr,4Xs,Purse Seine
530032,2023-09-07,250,Scots Bay,45.11111111,-65.10277778,2023-09-12,255,Scots Bay,NA,NA,165,5,2023TagReturns,,4Xr,4Xs,Purse Seine
502078,2022-08-24,236,Scots Bay,45.16295,-64.94386667,2023-09-12,255,Scots Bay,NA,NA,11,384,2023TagReturns,,4Xr,4Xs,Purse Seine
577857,2023-09-06,249,Scots Bay,45.15833333,-65.01138889,2023-09-12,255,Scots Bay,NA,NA,11,6,2023TagReturns,,4Xr,4Xs,Purse Seine
577764,2023-09-06,249,Scots Bay,45.15833333,-65.01138889,2023-09-12,255,Scots Bay,NA,NA,11,6,2023TagReturns,,4Xr,4Xs,Purse Seine
578869,2023-09-07,250,Scots Bay,45.11333333,-65.09944444,2023-09-12,255,Scots Bay,NA,NA,11,5,2023TagReturns,,4Xr,4Xs,Purse Seine
569611,2023-08-30,242,Long Island,44.295,-66.42,2023-09-12,255,Scots Bay,NA,NA,11,13,2023TagReturns,,4Xr,4Xs,Purse Seine
577933,2023-09-06,249,Scots Bay,45.15833333,-65.01138889,2023-09-12,255,Scots Bay,NA,NA,11,6,2023TagReturns,,4Xr,4Xs,Purse Seine
495472,2022-08-07,219,Scots Bay,45.15131667,-65.03181667,2023-09-12,255,Scots Bay,NA,NA,11,401,2023TagReturns,,4Xr,4Xs,Purse Seine
578964,2023-09-07,250,Scots Bay,45.11333333,-65.09944444,2023-09-12,255,Scots Bay,NA,NA,11,5,2023TagReturns,,4Xr,4Xs,Purse Seine
471559,2023-08-28,240,Scots Bay,45.1925,-64.8775,2023-09-12,255,Scots Bay,NA,NA,42,15,2023TagReturns,,4Xr,4Xs,Purse Seine
530065,2023-09-07,250,Scots Bay,45.11111111,-65.10277778,2023-09-12,255,Scots Bay,NA,NA,42,5,2023TagReturns,,4Xr,4Xs,Purse Seine
530103,2023-09-07,250,Scots Bay,45.11111111,-65.10277778,2023-09-12,255,Scots Bay,NA,NA,42,5,2023TagReturns,,4Xr,4Xs,Purse Seine
578820,2023-09-07,250,Scots Bay,45.11333333,-65.09944444,2023-09-12,255,Scots Bay,NA,NA,42,5,2023TagReturns,,4Xr,4Xs,Purse Seine
578830,2023-09-07,250,Scots Bay,45.11333333,-65.09944444,2023-09-12,255,Scots Bay,NA,NA,42,5,2023TagReturns,,4Xr,4Xs,Purse Seine
475910,2022-09-07,250,Scots Bay,45.19678333,-64.88591667,2023-09-12,255,Scots Bay,NA,NA,38,370,2023TagReturns,,4Xr,4Xs,Purse Seine
530064,2023-09-07,250,Scots Bay,45.11111111,-65.10277778,2023-09-12,255,Scots Bay,NA,NA,38,5,2023TagReturns,,4Xr,4Xs,Purse Seine
530332,2023-09-11,254,Scots Bay,45.13083333,-65.045,2023-09-12,255,Scots Bay,NA,NA,38,1,2023TagReturns,,4Xr,4Xs,Purse Seine
530023,2023-09-07,250,Scots Bay,45.11111111,-65.10277778,2023-09-12,255,Scots Bay,NA,NA,80,5,2023TagReturns,,4Xr,4Xs,Purse Seine
528778,2023-09-12,255,German Bank,43.31916667,-66.16166667,2023-09-13,256,Seal Island,NA,NA,136,1,2023TagReturns,,4Xq,4Xo,Purse Seine
528811,2023-09-12,255,German Bank,43.31916667,-66.16166667,2023-09-13,256,Seal Island,NA,NA,NA,1,2023TagReturns,,4Xq,4Xo,Purse Seine
532355,2023-09-11,254,German Bank,43.25,-66.4,2023-09-15,258,German Bank,NA,NA,96,4,2023TagReturns,,4Xq,4Xq,Purse Seine
532421,2023-09-11,254,German Bank,43.25,-66.4,2023-09-15,258,German Bank,NA,NA,96,4,2023TagReturns,,4Xq,4Xq,Purse Seine
528173,2023-09-06,249,German Bank,43.26472222,-66.35638889,2023-09-15,258,German Bank,NA,NA,96,9,2023TagReturns,,4Xq,4Xq,Purse Seine
528274,2023-09-06,249,German Bank,43.26472222,-66.35638889,2023-09-15,258,German Bank,NA,NA,96,9,2023TagReturns,,4Xq,4Xq,Purse Seine
532267,2023-09-11,254,German Bank,43.25,-66.4,2023-09-15,258,German Bank,NA,NA,96,4,2023TagReturns,,4Xq,4Xq,Purse Seine
567598,2023-09-03,246,German Bank,43.27138889,-66.37361111,2023-09-15,258,German Bank,NA,NA,96,12,2023TagReturns,,4Xq,4Xq,Purse Seine
567546,2023-09-03,246,German Bank,43.27138889,-66.37361111,2023-09-15,258,German Bank,NA,NA,96,12,2023TagReturns,,4Xq,4Xq,Purse Seine
567628,2023-09-03,246,German Bank,43.27138889,-66.37361111,2023-09-15,258,German Bank,NA,NA,96,12,2023TagReturns,,4Xq,4Xq,Purse Seine
528203,2023-09-06,249,German Bank,43.26472222,-66.35638889,2023-09-15,258,German Bank,NA,NA,96,9,2023TagReturns,,4Xq,4Xq,Purse Seine
567533,2023-09-03,246,German Bank,43.27138889,-66.37361111,2023-09-15,258,German Bank,NA,NA,96,12,2023TagReturns,,4Xq,4Xq,Purse Seine
567580,2023-09-03,246,German Bank,43.27138889,-66.37361111,2023-09-15,258,Scots Bay,NA,NA,165,12,2023TagReturns,,4Xq,4Xs,Purse Seine
569222,2023-08-29,241,Scots Bay,45.18972222,-64.92277778,2023-09-15,258,German Bank ,NA,NA,107,17,2023TagReturns,,4Xr,4Xq,Purse Seine
564577,2023-08-29,241,Scots Bay,45.19805556,-64.85777778,2023-09-15,258,German Bank ,NA,NA,43,17,2023TagReturns,,4Xr,4Xq,Purse Seine
471671,2023-08-28,240,Scots Bay,45.1633,-64.9931,2023-09-15,258,German Bank ,NA,NA,106,18,2023TagReturns,,4Xr,4Xq,Purse Seine 
564925,2023-08-28,240,Scots Bay,45.18027778,-64.95611111,2023-09-15,258,German Bank ,NA,NA,107,18,2023TagReturns,,4Xr,4Xq,Purse Seine
564033,2023-08-28,240,Scots Bay,45.14111111,-65.05194444,2023-09-15,258,German Bank ,NA,NA,107,18,2023TagReturns,,4Xr,4Xq,Purse Seine
572437,2023-08-27,239,Scots Bay,45.13527778,-65.06972222,2023-09-15,258,German Bank ,NA,NA,107,19,2023TagReturns,,4Xr,4Xq,Purse Seine
564465,2023-08-29,241,Scots Bay,45.19805556,-64.85777778,2023-09-15,258,Scots Bay ,NA,NA,116,17,2023TagReturns,,4Xr,4Xs,Purse Seine 
567558,2023-09-03,246,German Bank,43.27138889,-66.37361111,2023-09-15,258,German Bank ,NA,NA,107,12,2023TagReturns,,4Xq,4Xq,Purse Seine
567504,2023-09-03,246,German Bank,43.27138889,-66.37361111,2023-09-15,258,German Bank ,NA,NA,107,12,2023TagReturns,,4Xq,4Xq,Purse Seine
532380,2023-09-11,254,German Bank,43.25,-66.4,2023-09-15,258,German Bank ,NA,NA,107,4,2023TagReturns,,4Xq,4Xq,Purse Seine
528334,2023-09-06,249,German Bank,43.26472222,-66.35638889,2023-09-15,258,German Bank ,NA,NA,107,9,2023TagReturns,,4Xq,4Xq,Purse Seine
567366,2023-09-03,246,German Bank,43.27138889,-66.37361111,2023-09-15,258,German Bank ,NA,NA,107,12,2023TagReturns,,4Xq,4Xq,Purse Seine 
567456,2023-09-03,246,German Bank,43.27138889,-66.37361111,2023-09-15,258,German Bank ,NA,NA,107,12,2023TagReturns,,4Xq,4Xq,Purse Seine
532379,2023-09-11,254,German Bank,43.25,-66.4,2023-09-15,258,German Bank ,NA,NA,107,4,2023TagReturns,,4Xq,4Xq,Purse Seine 
528252,2023-09-06,249,German Bank,43.26472222,-66.35638889,2023-09-15,258,German Bank ,NA,NA,107,9,2023TagReturns,,4Xq,4Xq,Purse Seine
532366,2023-09-11,254,German Bank,43.25,-66.4,2023-09-15,258,German Bank,NA,NA,171,4,2023TagReturns,,4Xq,4Xq,Purse Seine
574037,2023-09-12,255,German Bank,43.26888889,-66.37583333,2023-09-15,258,German Bank,NA,NA,17,3,2023TagReturns,,4Xq,4Xq,Purse Seine
574087,2023-09-12,255,German Bank,43.26888889,-66.37583333,2023-09-15,258,German Bank,NA,NA,65,3,2023TagReturns,,4Xq,4Xq,Purse Seine
564756,2023-08-28,240,Scots Bay,45.18027778,-64.95611111,2023-09-15,258,German Bank,43.25,-66.3666666666667,108,18,2023TagReturns,,4Xr,4Xq,Purse Seine
567493,2023-09-03,246,German Bank,43.27138889,-66.37361111,2023-09-15,258,German Bank,43.25,-66.3666666666667,108,12,2023TagReturns,,4Xq,4Xq,Purse Seine
500534,2022-08-09,221,Scots Bay,45.16556667,-64.94023333,2023-09-15,258,German Bank,43.25,-66.3666666666667,108,402,2023TagReturns,,4Xr,4Xq,Purse Seine
577946,2023-09-06,249,Scots Bay,45.15833333,-65.01138889,2023-09-15,258,German Bank,43.25,-66.3666666666667,108,9,2023TagReturns,,4Xr,4Xq,Purse Seine
514040,2021-10-04,277,German Bank,43.291,-66.45433333,2023-09-15,258,German Bank,43.25,-66.3666666666667,108,711,2023TagReturns,,4Xq,4Xq,Purse Seine
577445,2023-09-04,247,German Bank,43.25972222,-66.37611111,2023-09-15,258,German Bank,43.25,-66.3666666666667,108,11,2023TagReturns,,4Xq,4Xq,Purse Seine
569147,2023-08-29,241,Scots Bay,45.15777778,-65.03361111,2023-09-15,258,German Bank,43.25,-66.3666666666667,108,17,2023TagReturns,,4Xr,4Xq,Purse Seine
567157,2023-08-29,241,Scots Bay,45.20138889,-64.88638889,2023-09-15,258,German Bank,43.25,-66.3666666666667,108,17,2023TagReturns,,4Xr,4Xq,Purse Seine
564517,2023-08-29,241,Scots Bay,45.19805556,-64.85777778,2023-09-17,260,Scots Bay,NA,NA,106,19,2023TagReturns,,4Xr,4Xs,Purse Seine
510905,2022-09-01,244,German Bank,43.25,-66.35,2023-09-18,261,German Bank,NA,NA,121,382,2023TagReturns,,4Xq,4Xq,Purse Seine
567420,2023-09-03,246,German Bank,43.27138889,-66.37361111,2023-09-18,261,German Bank,NA,NA,121,15,2023TagReturns,,4Xq,4Xq,Purse Seine
578413,2023-09-14,257,German Bank,43.3075,-66.4,2023-09-18,261,German Bank,NA,NA,121,4,2023TagReturns,,4Xq,4Xq,Purse Seine
532365,2023-09-11,254,German Bank,43.25,-66.4,2023-09-18,261,German Bank,NA,NA,121,7,2023TagReturns,,4Xq,4Xq,Purse Seine
467543,2022-08-31,243,German Bank,43.277,-66.3662,2023-09-18,261,German Bank,NA,NA,121,383,2023TagReturns,,4Xq,4Xq,Purse Seine
532385,2023-09-11,254,German Bank,43.25,-66.4,2023-09-18,261,German Bank,NA,NA,121,7,2023TagReturns,,4Xq,4Xq,Purse Seine
567461,2023-09-03,246,German Bank,43.27138889,-66.37361111,2023-09-18,261,Seal Island,NA,NA,105,15,2023TagReturns,,4Xq,4Xo,Purse Seine
574074,2023-09-12,255,German Bank,43.26888889,-66.37583333,2023-09-18,261,Seal Island,NA,NA,69,6,2023TagReturns,,4Xq,4Xo,Purse Seine
532292,2023-09-11,254,German Bank,43.25,-66.4,2023-09-18,261,German Bank,NA,NA,NA,7,2023TagReturns,,4Xq,4Xq,Purse Seine
577556,2023-09-04,247,German Bank,43.25055556,-66.38055556,2023-09-19,262,German Bank,NA,NA,108,15,2023TagReturns,,4Xq,4Xq,Purse Seine
532375,2023-09-11,254,German Bank,43.25,-66.4,2023-09-19,262,German Bank,NA,NA,108,8,2023TagReturns,,4Xq,4Xq,Purse Seine
577608,2023-09-04,247,German Bank,43.25055556,-66.38055556,2023-09-19,262,German Bank,NA,NA,108,15,2023TagReturns,,4Xq,4Xq,Purse Seine
532427,2023-09-11,254,German Bank,43.25,-66.4,2023-09-19,262,German Bank,NA,NA,108,8,2023TagReturns,,4Xq,4Xq,Purse Seine
574192,2023-09-12,255,German Bank,43.31,-66.2847,2023-09-19,262,German Bank,NA,NA,108,7,2023TagReturns,,4Xq,4Xq,Purse Seine
528313,2023-09-06,249,German Bank,43.26472222,-66.35638889,2023-09-19,262,German Bank,NA,NA,108,13,2023TagReturns,,4Xq,4Xq,Purse Seine
532392,2023-09-11,254,German Bank,43.25,-66.4,2023-09-19,262,German Bank,NA,NA,108,8,2023TagReturns,,4Xq,4Xq,Purse Seine
578202,2023-09-14,257,German Bank,43.3075,-66.4,2023-09-19,262,German Bank,NA,NA,108,5,2023TagReturns,,4Xq,4Xq,Purse Seine
573304,2023-09-14,257,German Bank,43.3075,-66.4,2023-09-19,262,German Bank,NA,NA,108,5,2023TagReturns,,4Xq,4Xq,Purse Seine
532328,2023-09-11,254,German Bank,43.25,-66.4,2023-09-19,262,German Bank ,NA,NA,171,8,2023TagReturns,,4Xq,4Xq,Purse Seine
573297,2023-09-14,257,German Bank,43.3075,-66.4,2023-09-19,262,German Bank ,NA,NA,171,5,2023TagReturns,,4Xq,4Xq,Purse Seine
567517,2023-09-03,246,German Bank,43.27138889,-66.37361111,2023-09-19,262,German Bank ,NA,NA,171,16,2023TagReturns,,4Xq,4Xq,Purse Seine
528223,2023-09-06,249,German Bank,43.26472222,-66.35638889,2023-09-19,262,German Bank ,NA,NA,171,13,2023TagReturns,,4Xq,4Xq,Purse Seine
574256,2023-09-12,255,German Bank,43.31,-66.2847,2023-09-19,262,German Bank ,NA,NA,171,7,2023TagReturns,,4Xq,4Xq,Purse Seine 
528317,2023-09-06,249,German Bank,43.26472222,-66.35638889,2023-09-19,262,German Bank ,NA,NA,171,13,2023TagReturns,,4Xq,4Xq,Purse Seine
532306,2023-09-11,254,German Bank,43.25,-66.4,2023-09-19,262,German Bank ,NA,NA,171,8,2023TagReturns,,4Xq,4Xq,Purse Seine 
574299,2023-09-12,255,German Bank,43.31,-66.2847,2023-09-19,262,German Bank ,NA,NA,171,7,2023TagReturns,,4Xq,4Xq,Purse Seine
567425,2023-09-03,246,German Bank,43.27138889,-66.37361111,2023-09-19,262,German Bank ,NA,NA,171,16,2023TagReturns,,4Xq,4Xq,Purse Seine
567564,2023-09-03,246,German Bank,43.27138889,-66.37361111,2023-09-19,262,German Bank ,NA,NA,47,16,2023TagReturns,,4Xq,4Xq,Purse Seine
528373,2023-09-06,249,German Bank,43.26472222,-66.35638889,2023-09-19,262,German Bank ,NA,NA,47,13,2023TagReturns,,4Xq,4Xq,Purse Seine
477062,2023-09-12,255,German Bank,43.285,-66.13166667,2023-09-19,262,Seal Island,NA,NA,99,7,2023TagReturns,,4Xq,4Xo,Purse Seine
528281,2023-09-06,249,German Bank,43.26472222,-66.35638889,2023-09-19,262,Seal Island,NA,NA,99,13,2023TagReturns,,4Xq,4Xo,Purse Seine
530634,2023-09-13,256,German Bank,43.28888889,-66.12555556,2023-09-19,262,Seal Island,NA,NA,99,6,2023TagReturns,,4Xq,4Xo,Purse Seine
528324,2023-09-06,249,German Bank,43.26472222,-66.35638889,2023-09-19,262,German Bank,43.2666666666667,-66.3666666666667,116,13,2023TagReturns,,4Xq,4Xq,Purse Seine
564740,2023-08-28,240,Scots Bay,45.18027778,-64.95611111,2023-09-19,262,German Bank,43.2666666666667,-66.3666666666667,116,22,2023TagReturns,,4Xr,4Xq,Purse Seine
532087,2023-09-04,247,German Bank,43.25,-66.35,2023-09-19,262,German Bank,43.2666666666667,-66.3666666666667,116,15,2023TagReturns,,4Xq,4Xq,Purse Seine
574585,2023-09-18,261,German Bank,43.26666667,-66.36666667,2023-09-21,264,German Bank ,NA,NA,121,3,2023TagReturns,,4Xq,4Xq,Purse Seine
477328,2023-09-18,261,German Bank,43.28805556,-66.14,2023-09-21,264,German Bank ,NA,NA,121,3,2023TagReturns,,4Xq,4Xq,Purse Seine
574191,2023-09-12,255,German Bank,43.31,-66.2847,2023-09-21,264,German Bank ,NA,NA,194,9,2023TagReturns,,4Xq,4Xq,Purse Seine 
567566,2023-09-03,246,German Bank,43.27138889,-66.37361111,2023-09-21,264,German Bank ,NA,NA,194,18,2023TagReturns,,4Xq,4Xq,Purse Seine
532316,2023-09-11,254,German Bank,43.25,-66.4,2023-09-21,264,German Bank ,NA,NA,194,10,2023TagReturns,,4Xq,4Xq,Purse Seine 
574007,2023-09-12,255,German Bank,43.26888889,-66.37583333,2023-09-21,264,German Bank ,NA,NA,117,9,2023TagReturns,,4Xq,4Xq,Purse Seine
574362,2023-09-18,261,German Bank,43.26666667,-66.36666667,2023-09-21,264,German Bank,43.2715,-66.1345,76,3,2023TagReturns,,4Xq,4Xq,Purse Seine
573913,2023-09-21,264,German Bank,43.3225,-66.38194444,2023-09-22,265,German Bank,NA,NA,67,1,2023TagReturns,,4Xq,4Xq,Purse Seine
574420,2023-09-18,261,German Bank,43.26666667,-66.36666667,2023-09-22,265,German Bank,NA,NA,67,4,2023TagReturns,,4Xq,4Xq,Purse Seine
594136,2022-08-24,236,Scots Bay,45.14533333,-65.0025,2023-09-23,266,UNKNOWN,NA,NA,NA,395,2023TagReturns,,4Xr,,Purse Seine
564852,2023-08-28,240,Scots Bay,45.18027778,-64.95611111,2023-09-23,266,UNKNOWN,NA,NA,NA,26,2023TagReturns,,4Xr,,Purse Seine
532462,2023-09-11,254,German Bank,43.25,-66.4,2023-09-25,268,Seal Island,NA,NA,126,14,2023TagReturns,,4Xq,4Xo,Purse Seine
567948,2023-09-10,253,Scots Bay,45.13833333,-65.0175,2023-09-25,268,Scots Bay ,NA,NA,126,15,2023TagReturns,,4Xr,4Xs,Purse Seine 
567858,2023-09-10,253,Scots Bay,45.13833333,-65.0175,2023-09-25,268,Scots Bay ,NA,NA,126,15,2023TagReturns,,4Xr,4Xs,Purse Seine
569797,2023-09-12,255,Long Island,44.29472222,-66.34027778,2023-09-25,268,Scots Bay ,NA,NA,126,13,2023TagReturns,,4Xr,4Xs,Purse Seine 
567883,2023-09-10,253,Scots Bay,45.13833333,-65.0175,2023-09-25,268,Scots Bay,NA,NA,126,15,2023TagReturns,,4Xr,4Xs,Purse Seine
567780,2023-09-10,253,Scots Bay,45.13833333,-65.0175,2023-09-25,268,Scots Bay ,NA,NA,126,15,2023TagReturns,,4Xr,4Xs,Purse Seine 
528601,2023-09-11,254,Scots Bay,45.14333333,-65.03972222,2023-09-25,268,Scots Bay ,NA,NA,126,14,2023TagReturns,,4Xr,4Xs,Purse Seine 
528701,2023-09-11,254,Scots Bay,45.14333333,-65.03972222,2023-09-25,268,Scots Bay ,NA,NA,126,14,2023TagReturns,,4Xr,4Xs,Purse Seine
567819,2023-09-10,253,Scots Bay,45.13833333,-65.0175,2023-09-25,268,Scots Bay,NA,NA,126,15,2023TagReturns,,4Xr,4Xs,Purse Seine 
567922,2023-09-10,253,Scots Bay,45.13833333,-65.0175,2023-09-25,268,Scots Bay ,NA,NA,126,15,2023TagReturns,,4Xr,4Xs,Purse Seine 
532386,2023-09-11,254,German Bank,43.25,-66.4,2023-09-25,268,Seal Island,NA,NA,126,14,2023TagReturns,,4Xq,4Xo,Purse Seine
477238,2023-09-18,261,German Bank,43.28805556,-66.14,2023-09-25,268,Seal Island,NA,NA,70,7,2023TagReturns,,4Xq,4Xo,Purse Seine
578578,2023-09-04,247,German Bank,43.25305556,-66.36638889,2023-09-25,268,Seal Island,43.2933333333333,-66.1466666666667,118,21,2023TagReturns,,4Xq,4Xq,Purse Seine
567565,2023-09-03,246,German Bank,43.27138889,-66.37361111,2023-09-25,268,Seal Island,43.2933333333333,-66.1466666666667,118,22,2023TagReturns,,4Xq,4Xq,Purse Seine
569841,2023-09-12,255,Long Island,44.29472222,-66.34027778,2023-09-26,269,Scots Bay,NA,NA,110,14,2023TagReturns,,4Xr,4Xs,Purse Seine
567852,2023-09-10,253,Scots Bay,45.13833333,-65.0175,2023-09-26,269,Scots Bay,NA,NA,110,16,2023TagReturns,,4Xr,4Xs,Purse Seine
567811,2023-09-10,253,Scots Bay,45.13833333,-65.0175,2023-09-26,269,Scots Bay,NA,NA,110,16,2023TagReturns,,4Xr,4Xs,Purse Seine
567978,2023-09-10,253,Scots Bay,45.13833333,-65.0175,2023-09-26,269,Scots Bay,NA,NA,110,16,2023TagReturns,,4Xr,4Xs,Purse Seine
567827,2023-09-10,253,Scots Bay,45.13833333,-65.0175,2023-09-26,269,Scots Bay,NA,NA,110,16,2023TagReturns,,4Xr,4Xs,Purse Seine
564900,2023-08-28,240,Scots Bay,45.18027778,-64.95611111,2023-09-26,269,Scots Bay,NA,NA,110,29,2023TagReturns,,4Xr,4Xs,Purse Seine
528685,2023-09-11,254,Scots Bay,45.14333333,-65.03972222,2023-09-26,269,Scots Bay,NA,NA,110,15,2023TagReturns,,4Xr,4Xs,Purse Seine
528662,2023-09-11,254,Scots Bay,45.14333333,-65.03972222,2023-09-26,269,Scots Bay,NA,NA,110,15,2023TagReturns,,4Xr,4Xs,Purse Seine
567921,2023-09-10,253,Scots Bay,45.13833333,-65.0175,2023-09-26,269,Scots Bay,NA,NA,110,16,2023TagReturns,,4Xr,4Xs,Purse Seine
567742,2023-09-10,253,Scots Bay,45.13833333,-65.0175,2023-09-26,269,Scots Bay,NA,NA,110,16,2023TagReturns,,4Xr,4Xs,Purse Seine
528600,2023-09-11,254,Scots Bay,45.14333333,-65.03972222,2023-09-26,269,Scots Bay,NA,NA,110,15,2023TagReturns,,4Xr,4Xs,Purse Seine
564455,2023-08-29,241,Scots Bay,45.19805556,-64.85777778,2023-09-26,269,Scots Bay,NA,NA,110,28,2023TagReturns,,4Xr,4Xs,Purse Seine
567738,2023-09-10,253,Scots Bay,45.13833333,-65.0175,2023-09-26,269,Scots Bay,NA,NA,136,16,2023TagReturns,,4Xr,4Xs,Purse Seine
567844,2023-09-10,253,Scots Bay,45.13833333,-65.0175,2023-09-26,269,Scots Bay ,NA,NA,136,16,2023TagReturns,,4Xr,4Xs,Purse Seine 
577890,2023-09-06,249,Scots Bay,45.15833333,-65.01138889,2023-09-26,269,Scots Bay ,NA,NA,136,20,2023TagReturns,,4Xr,4Xs,Purse Seine 
567940,2023-09-10,253,Scots Bay,45.13833333,-65.0175,2023-09-26,269,Scots Bay ,NA,NA,136,16,2023TagReturns,,4Xr,4Xs,Purse Seine
528553,2023-09-11,254,Scots Bay,45.14333333,-65.03972222,2023-09-26,269,Scots Bay ,NA,NA,136,15,2023TagReturns,,4Xr,4Xs,Purse Seine 
567863,2023-09-10,253,Scots Bay,45.13833333,-65.0175,2023-09-26,269,Scots Bay,NA,NA,136,16,2023TagReturns,,4Xr,4Xs,Purse Seine 
530338,2023-09-11,254,Scots Bay,45.13083333,-65.045,2023-09-26,269,Scots Bay,NA,NA,43,15,2023TagReturns,,4Xr,4Xs,Purse Seine
567759,2023-09-10,253,Scots Bay,45.13833333,-65.0175,2023-09-26,269,Scots Bay ,NA,NA,43,16,2023TagReturns,,4Xr,4Xs,Purse Seine
567848,2023-09-10,253,Scots Bay,45.13833333,-65.0175,2023-09-26,269,Scots Bay ,NA,NA,43,16,2023TagReturns,,4Xr,4Xs,Purse Seine
532319,2023-09-11,254,German Bank,43.25,-66.4,2023-09-28,271,German Bank ,NA,NA,82,17,2023TagReturns,,4Xq,4Xq,Purse Seine
532013,2023-09-04,247,German Bank,43.25,-66.35,2023-09-28,271,German Bank ,NA,NA,NA,24,2023TagReturns,,4Xq,4Xq,Purse Seine
528253,2023-09-06,249,German Bank,43.26472222,-66.35638889,2023-09-29,272,German Bank ,NA,NA,82,23,2023TagReturns,,4Xq,4Xq,Purse Seine
510561,2022-08-29,241,German Bank,43.31666667,-66.36666667,2023-09-29,272,German Bank ,NA,NA,82,396,2023TagReturns,,4Xq,4Xq,Purse Seine
564541,2023-08-29,241,Scots Bay,45.19805556,-64.85777778,2023-09-29,272,German Bank ,NA,NA,82,31,2023TagReturns,,4Xr,4Xq,Purse Seine
564929,2023-08-28,240,Scots Bay,45.18027778,-64.95611111,2023-09-29,272,German Bank ,NA,NA,82,32,2023TagReturns,,4Xr,4Xq,Purse Seine
569079,2023-08-29,241,Scots Bay,45.15777778,-65.03361111,2023-09-29,272,German Bank ,NA,NA,82,31,2023TagReturns,,4Xr,4Xq,Purse Seine
564391,2023-08-29,241,Scots Bay,45.19805556,-64.85777778,2023-09-29,272,German Bank,NA,NA,82,31,2023TagReturns,,4Xr,4Xq,Purse Seine
528796,2023-09-12,255,German Bank,43.31916667,-66.16166667,2023-09-29,272,German Bank ,NA,NA,82,17,2023TagReturns,,4Xq,4Xq,Purse Seine
557922,2023-07-06,187,Grand Manan,44.58166667,-66.59333333,2023-10-02,275,Wolves ,NA,NA,58,88,2023TagReturns,,4Xs,4Xs,Purse Seine
556606,2023-07-03,184,Scots Bay,45.27555556,-64.9625,2023-10-02,275,Wolves ,NA,NA,58,91,2023TagReturns,,4Xr,4Xs,Purse Seine
529022,2023-10-01,274,Grand Manan,44.63277778,-66.63972222,2023-10-02,275,Grand Manan,NA,NA,42,1,2023TagReturns,,4Xs,4Xs,Purse Seine
529172,2023-10-01,274,Grand Manan,44.63277778,-66.63972222,2023-10-03,276,White Head ,NA,NA,56,2,2023TagReturns,,4Xs,4Xr,Purse Seine
603008,2022-08-30,242,German Bank,43.24338333,-66.33363333,2023-10-03,276,White Head ,NA,NA,56,399,2023TagReturns,,4Xq,4Xr,Purse Seine
523371,2023-07-04,185,Grand Manan,44.6,-66.58305556,2023-10-03,276,White Head ,NA,NA,56,91,2023TagReturns,,4Xs,4Xr,Purse Seine
529315,2023-10-02,275,Grand Manan,44.67416667,-66.65333333,2023-10-03,276,White Head ,NA,NA,56,1,2023TagReturns,,4Xs,4Xr,Purse Seine
556565,2023-07-03,184,Scots Bay,45.27555556,-64.9625,2023-10-03,276,White Head ,NA,NA,56,92,2023TagReturns,,4Xr,4Xr,Purse Seine
533762,2023-10-01,274,Grand Manan,44.65361111,-66.65333333,2023-10-03,276,White Head ,NA,NA,56,2,2023TagReturns,,4Xs,4Xr,Purse Seine
521558,2023-08-28,240,Trinity,44.05,-66.46666667,2023-10-03,276,White Head ,NA,NA,56,36,2023TagReturns,,4Xr,4Xr,Purse Seine
593730,2023-06-22,173,Grand Manan Banks,44.29798333,-66.93935,2023-10-03,276,White Head ,NA,NA,56,103,2023TagReturns,,5Yb,4Xr,Purse Seine
533753,2023-10-01,274,Grand Manan,44.65361111,-66.65333333,2023-10-03,276,White Head ,NA,NA,56,2,2023TagReturns,,4Xs,4Xr,Purse Seine
529109,2023-10-01,274,Grand Manan,44.63277778,-66.63972222,2023-10-03,276,White Head ,NA,NA,56,2,2023TagReturns,,4Xs,4Xr,Purse Seine
529367,2023-10-02,275,Grand Manan,44.67416667,-66.65333333,2023-10-03,276,White Head ,NA,NA,63,1,2023TagReturns,,4Xs,4Xr,Purse Seine
557866,2023-07-06,187,Grand Manan,44.58166667,-66.59333333,2023-10-04,277,White Head ,NA,NA,56,90,2023TagReturns,,4Xs,4Xr,Purse Seine
529282,2023-10-02,275,Grand Manan,44.67416667,-66.65333333,2023-10-04,277,White Head ,NA,NA,56,2,2023TagReturns,,4Xs,4Xr,Purse Seine
533981,2023-10-01,274,Grand Manan,44.65361111,-66.65333333,2023-10-04,277,White Head ,NA,NA,56,3,2023TagReturns,,4Xs,4Xr,Purse Seine
565378,2023-07-03,184,Scots Bay,45.26888889,-64.85,2023-10-04,277,White Head ,NA,NA,123,93,2023TagReturns,,4Xr,4Xr,Purse Seine
529014,2023-10-01,274,Grand Manan,44.63277778,-66.63972222,2023-10-04,277,White Head ,NA,NA,63,3,2023TagReturns,,4Xs,4Xr,Purse Seine
533777,2023-10-01,274,Grand Manan,44.65361111,-66.65333333,2023-10-04,277,White Head,NA,NA,63,3,2023TagReturns,,4Xs,4Xr,Purse Seine
529298,2023-10-02,275,Grand Manan,44.67416667,-66.65333333,2023-10-04,277,White Head ,NA,NA,63,2,2023TagReturns,,4Xs,4Xr,Purse Seine
572173,2023-07-31,212,Grand Manan Banks,44.28555556,-67.00305556,2023-10-04,277,White Head ,NA,NA,63,65,2023TagReturns,,5Yb,4Xr,Purse Seine
556931,2023-07-04,185,Grand Manan,44.60888889,-66.58833333,2023-10-04,277,White Head ,NA,NA,63,92,2023TagReturns,,4Xs,4Xr,Purse Seine
529311,2023-10-02,275,Grand Manan,44.67416667,-66.65333333,2023-10-04,277,White Head ,NA,NA,63,2,2023TagReturns,,4Xs,4Xr,Purse Seine
529230,2023-10-02,275,Grand Manan,44.67416667,-66.65333333,2023-10-04,277,White Head ,NA,NA,123,2,2023TagReturns,,4Xs,4Xr,Purse Seine
487600,2022-10-12,285,Grand Manan,44.75,-66.71666667,2023-10-05,278,White Head,NA,NA,63,358,2023TagReturns,,4Xs,4Xr,Purse Seine
567512,2023-09-03,246,German Bank,43.27138889,-66.37361111,2023-10-05,278,White Head,NA,NA,123,32,2023TagReturns,,4Xq,4Xr,Purse Seine
574029,2023-09-12,255,German Bank,43.26888889,-66.37583333,2023-10-05,278,White Head,NA,NA,123,23,2023TagReturns,,4Xq,4Xr,Purse Seine
529626,2023-10-05,278,German Bank,43.2353,-66.37277778,2023-10-06,279,German Bank,NA,NA,17,1,2023TagReturns,,4Xq,4Xq,Purse Seine
573468,2023-09-17,260,German Bank,43.28388889,-66.39083333,2023-10-11,284,German Bank ,NA,NA,186,24,2023TagReturns,,4Xq,4Xq,Purse Seine
564309,2023-08-29,241,Scots Bay,45.19805556,-64.85777778,2023-10-11,284,German Bank ,NA,NA,186,43,2023TagReturns,,4Xr,4Xq,Purse Seine
533779,2023-10-01,274,Grand Manan,44.65361111,-66.65333333,2023-10-12,285,White Head,NA,NA,118,11,2023TagReturns,,4Xs,4Xr,Purse Seine
529159,2023-10-01,274,Grand Manan,44.63277778,-66.63972222,2023-10-12,285,White Head,NA,NA,118,11,2023TagReturns,,4Xs,4Xr,Purse Seine
564618,2023-08-29,241,Scots Bay,45.19805556,-64.85777778,2023-10-12,285,White Head,NA,NA,31,44,2023TagReturns,,4Xr,4Xr,Purse Seine
521299,2023-08-23,235,German Bank,43.38333333,-66.16666667,2023-10-13,286,Long Island,NA,NA,97,51,2023TagReturns,,4Xq,4Xr,Purse Seine
487835,2022-10-17,290,Grand Manan,44.76666667,-66.71666667,2023-10-13,286,White Head,NA,NA,46,361,2023TagReturns,,4Xs,4Xr,Purse Seine
487541,2022-10-12,285,Grand Manan,44.75,-66.71666667,2023-10-13,286,White Head,NA,NA,46,366,2023TagReturns,,4Xs,4Xr,Purse Seine
585870,2022-08-07,219,Scots Bay,45.146,-65.0465,2023-10-13,286,White Head,NA,NA,46,432,2023TagReturns,,4Xr,4Xr,Purse Seine
529268,2023-10-02,275,Grand Manan,44.67416667,-66.65333333,2023-10-13,286,White Head,NA,NA,46,11,2023TagReturns,,4Xs,4Xr,Purse Seine
557790,2023-07-06,187,Grand Manan,44.58166667,-66.59333333,2023-10-13,286,White Head,NA,NA,96,99,2023TagReturns,,4Xs,4Xr,Purse Seine
564219,2023-08-28,240,Scots Bay,45.14111111,-65.05194444,2023-10-13,286,White Head,NA,NA,96,46,2023TagReturns,,4Xr,4Xr,Purse Seine
564220,2023-08-28,240,Scots Bay,45.14111111,-65.05194444,2023-10-13,286,White Head,NA,NA,96,46,2023TagReturns,,4Xr,4Xr,Purse Seine
529390,2023-10-02,275,Grand Manan,44.67416667,-66.65333333,2023-10-13,286,White Head,NA,NA,96,11,2023TagReturns,,4Xs,4Xr,Purse Seine
533778,2023-10-01,274,Grand Manan,44.65361111,-66.65333333,2023-10-13,286,White Head,NA,NA,96,12,2023TagReturns,,4Xs,4Xr,Purse Seine
529251,2023-10-02,275,Grand Manan,44.67416667,-66.65333333,2023-10-13,286,White Head,NA,NA,96,11,2023TagReturns,,4Xs,4Xr,Purse Seine
529291,2023-10-02,275,Grand Manan,44.67416667,-66.65333333,2023-10-13,286,White Head,NA,NA,96,11,2023TagReturns,,4Xs,4Xr,Purse Seine
529193,2023-10-01,274,Grand Manan,44.63277778,-66.63972222,2023-10-13,286,White Head,NA,NA,96,12,2023TagReturns,,4Xs,4Xr,Purse Seine
563743,2023-08-14,226,Long Island,44.34916667,-66.35805556,2023-10-13,286,White Head,NA,NA,96,60,2023TagReturns,,4Xr,4Xr,Purse Seine
564854,2023-08-28,240,Scots Bay,45.18027778,-64.95611111,2023-10-16,289,White Head,NA,NA,110,49,2023TagReturns,,4Xr,4Xr,Purse Seine
529272,2023-10-02,275,Grand Manan,44.67416667,-66.65333333,2023-10-16,289,White Head,NA,NA,110,14,2023TagReturns,,4Xs,4Xr,Purse Seine
529121,2023-10-01,274,Grand Manan,44.63277778,-66.63972222,2023-10-16,289,Wolves ,NA,NA,143,15,2023TagReturns,,4Xs,4Xs,Purse Seine
533931,2023-10-01,274,Grand Manan,44.65361111,-66.65333333,2023-10-16,289,Wolves ,NA,NA,143,15,2023TagReturns,,4Xs,4Xs,Purse Seine
557814,2023-07-06,187,Grand Manan,44.58166667,-66.59333333,2023-10-16,289,White Head,NA,NA,110,102,2023TagReturns,,4Xs,4Xr,Purse Seine
505237,2023-06-22,173,Grand Manan Banks,44.28333333,-66.98333333,2023-10-16,289,White Head,NA,NA,110,116,2023TagReturns,,5Yb,4Xr,Purse Seine
565484,2023-07-03,184,Scots Bay,45.26888889,-64.85,2023-10-16,289,White Head,NA,NA,110,105,2023TagReturns,,4Xr,4Xr,Purse Seine
593126,2023-06-20,171,Grand Manan Banks,44.2814,-66.96776667,2023-10-16,289,White Head,NA,NA,110,118,2023TagReturns,,5Yb,4Xr,Purse Seine
497211,2023-06-12,163,Trinity,44.1,-66.48333333,2023-10-16,289,White Head,NA,NA,110,126,2023TagReturns,,4Xr,4Xr,Purse Seine
521492,2023-08-23,235,German Bank,43.38333333,-66.16666667,2023-10-16,289,White Head ,NA,NA,110,54,2023TagReturns,,4Xq,4Xr,Purse Seine
533937,2023-10-01,274,Grand Manan,44.65361111,-66.65333333,2023-10-16,289,White Head,NA,NA,110,15,2023TagReturns,,4Xs,4Xr,Purse Seine
521788,2023-08-28,240,Trinity,44.05,-66.46666667,2023-10-16,289,White Head,NA,NA,110,49,2023TagReturns,,4Xr,4Xr,Purse Seine
505150,2023-06-22,173,Grand Manan Banks,44.28333333,-66.98333333,2023-10-16,289,White Head ,NA,NA,110,116,2023TagReturns,,5Yb,4Xr,Purse Seine
529286,2023-10-02,275,Grand Manan,44.67416667,-66.65333333,2023-10-16,289,White Head,NA,NA,110,14,2023TagReturns,,4Xs,4Xr,Purse Seine
523345,2023-07-04,185,Grand Manan,44.6,-66.58305556,2023-10-16,289,White Head,NA,NA,110,104,2023TagReturns,,4Xs,4Xr,Purse Seine
575759,2023-10-09,282,Grand Manan Banks,44.1547222,-67.10972222,2023-10-16,289,Grand Manan Banks,NA,NA,91,7,2023TagReturns,,5Yb,5Yb,Purse Seine
529158,2023-10-01,274,Grand Manan,44.63277778,-66.63972222,2023-10-17,290,White Head,NA,NA,115,16,2023TagReturns,,4Xs,4Xr,Purse Seine
529289,2023-10-02,275,Grand Manan,44.67416667,-66.65333333,2023-10-17,290,White Head,NA,NA,115,15,2023TagReturns,,4Xs,4Xr,Purse Seine
509019,2023-07-05,186,Grand Manan,44.6166667,-66.58333333,2023-10-17,290,White Head,NA,NA,115,104,2023TagReturns,,4Xs,4Xr,Purse Seine
473474,2023-07-07,188,Grand Manan,44.58111111,-66.58416667,2023-10-18,291,White Head,NA,NA,62,103,2023TagReturns,,4Xs,4Xr,Purse Seine
577882,2023-09-06,249,Scots Bay,45.15833333,-65.01138889,2023-10-18,291,White Head,NA,NA,62,42,2023TagReturns,,4Xr,4Xr,Purse Seine
529221,2023-10-01,274,Grand Manan,44.63277778,-66.63972222,2023-10-18,291,White Head,NA,NA,62,17,2023TagReturns,,4Xs,4Xr,Purse Seine
533772,2023-10-01,274,Grand Manan,44.65361111,-66.65333333,2023-10-18,291,White Head,NA,NA,115,17,2023TagReturns,,4Xs,4Xr,Purse Seine
498195,2022-08-16,228,German Bank,43.29838333,-66.42238333,2023-10-18,291,White Head,NA,NA,115,428,2023TagReturns,,4Xq,4Xr,Purse Seine
521981,2023-08-28,240,Trinity,44.05,-66.46666667,2023-10-18,291,White Head,NA,NA,115,51,2023TagReturns,,4Xr,4Xr,Purse Seine
569479,2023-08-30,242,Long Island,44.295,-66.42,2023-10-19,292,White Head,NA,NA,31,50,2023TagReturns,,4Xr,4Xr,Purse Seine
533766,2023-10-01,274,Grand Manan,44.65361111,-66.65333333,2023-10-19,292,White Head,NA,NA,31,18,2023TagReturns,,4Xs,4Xr,Purse Seine
556552,2023-07-03,184,Scots Bay,45.27555556,-64.9625,2023-10-19,292,North West Ledge,NA,NA,125,108,2023TagReturns,,4Xr,,Purse Seine
529254,2023-10-02,275,Grand Manan,44.67416667,-66.65333333,2023-10-19,292,North West Ledge,NA,NA,125,17,2023TagReturns,,4Xs,,Purse Seine
533867,2023-10-01,274,Grand Manan,44.65361111,-66.65333333,2023-10-20,293,White Head,NA,NA,109,19,2023TagReturns,,4Xs,4Xr,Purse Seine
566638,2023-08-23,235,German Bank,43.48611111,-66.22694444,2025-02-04,35,UNKNOWN,NA,NA,NA,531,2025 Tag Returns,Found on Scots Bay beach. Website return. Date submitted to site is return date.,4Xq,,Purse Seine
569215,2023-08-29,241,Scots Bay,45.18972222,-64.92277778,2023-09-01,244,UNKNOWN,43.2873333333333,-66.4115,84,3,2024 Tag Returns,,4Xr,4Xq,Purse Seine
569032,2023-08-29,241,Scots Bay,45.15777778,-65.03361111,2023-09-01,244,UNKNOWN,43.2873333333333,-66.4115,84,3,2024 Tag Returns,,4Xr,4Xq,Purse Seine
564460,2023-08-29,241,Scots Bay,45.19805556,-64.85777778,2023-09-01,244,UNKNOWN,43.2873333333333,-66.4115,84,3,2024 Tag Returns,,4Xr,4Xq,Purse Seine
564341,2023-08-29,241,Scots Bay,45.19805556,-64.85777778,2023-09-01,244,UNKNOWN,43.2873333333333,-66.4115,84,3,2024 Tag Returns,,4Xr,4Xq,Purse Seine
532275,2023-09-11,254,German Bank,43.25,-66.4,2024-11-01,306,German Bank,NA,NA,NA,417,2024 Tag Returns,,4Xq,4Xq,Purse Seine
567881,2023-09-10,253,Scots Bay,45.13833333,-65.0175,2024-08-02,215,UNKNOWN,NA,NA,NA,327,2024 Tag Returns,,4Xr,,Purse Seine
471754,2023-08-29,241,Scots Bay,45.21111111,-64.8225,2024-09-03,247,Scots Bay,45.131,-65.0706666666667,81,371,2024 Tag Returns,,4Xr,4Xr,Purse Seine
502977,2022-08-24,236,German Bank,43.22238333,-66.35058333,2024-10-03,277,German Bank,NA,NA,NA,771,2024 Tag Returns,,4Xq,4Xq,Purse Seine
566638,2023-08-23,235,German Bank,43.48611111,-66.22694444,2025-02-04,35,UNKNOWN,NA,NA,NA,531,2024 Tag Returns,,4Xq,,Purse Seine
577472,2023-09-04,247,German Bank,43.25972222,-66.37611111,2023-09-05,248,UNKNOWN,43.2666666666667,-66.35,185,1,2024 Tag Returns,,4Xq,4Xq,Purse Seine
567083,2023-08-29,241,Scots Bay,45.20138889,-64.88638889,2023-09-05,248,Seal Island,43.2666666666667,-66.385,78,7,2024 Tag Returns,,4Xr,4Xq,Purse Seine
567442,2023-09-03,246,German Bank,43.27138889,-66.37361111,2023-09-05,248,Seal Island,43.2666666666667,-66.385,78,2,2024 Tag Returns,,4Xq,4Xq,Purse Seine
564416,2023-08-29,241,Scots Bay,45.19805556,-64.85777778,2023-09-05,248,Seal Island,43.2666666666667,-66.385,78,7,2024 Tag Returns,,4Xr,4Xq,Purse Seine
567465,2023-09-03,246,German Bank,43.27138889,-66.37361111,2023-09-05,248,Seal Island,43.2666666666667,-66.385,78,2,2024 Tag Returns,,4Xq,4Xq,Purse Seine
564456,2023-08-29,241,Scots Bay,45.19805556,-64.85777778,2023-09-05,248,Seal Island,43.2666666666667,-66.385,78,7,2024 Tag Returns,,4Xr,4Xq,Purse Seine
564640,2023-08-29,241,Scots Bay,45.19805556,-64.85777778,2023-09-05,248,Seal Island,43.2666666666667,-66.385,78,7,2024 Tag Returns,,4Xr,4Xq,Purse Seine
564349,2023-08-29,241,Scots Bay,45.19805556,-64.85777778,2023-09-05,248,Seal Island,43.2666666666667,-66.385,78,7,2024 Tag Returns,,4Xr,4Xq,Purse Seine
564107,2023-08-28,240,Scots Bay,45.14111111,-65.05194444,2024-08-06,219,Scots Bay,45.1626666666667,-64.9728333333333,106,344,2024 Tag Returns,,4Xr,4Xr,Purse Seine
567570,2023-09-03,246,German Bank,43.27138889,-66.37361111,2023-09-06,249,UNKNOWN,43.25,-66.3833333333333,122,3,2024 Tag Returns,Used BP as Connors vessel that had the biggest catch on the day.,4Xq,4Xq,Purse Seine
567207,2023-08-29,241,Scots Bay,45.20138889,-64.88638889,2023-09-06,249,UNKNOWN,43.25,-66.3833333333333,122,8,2024 Tag Returns,Used BP as Connors vessel that had the biggest catch on the day.,4Xr,4Xq,Purse Seine
500940,2022-08-10,222,Scots Bay,45.18843333,-64.88335,2023-09-06,249,UNKNOWN,43.25,-66.3833333333333,122,392,2024 Tag Returns,Used BP as Connors vessel that had the biggest catch on the day.,4Xr,4Xq,Purse Seine
471823,2023-08-29,241,Scots Bay,45.21111111,-64.8225,2023-09-06,249,UNKNOWN,43.25,-66.3833333333333,122,8,2024 Tag Returns,Used BP as Connors vessel that had the biggest catch on the day.,4Xr,4Xq,Purse Seine
569073,2023-08-29,241,Scots Bay,45.15777778,-65.03361111,2023-09-06,249,UNKNOWN,43.25,-66.3833333333333,122,8,2024 Tag Returns,Used BP as Connors vessel that had the biggest catch on the day.,4Xr,4Xq,Purse Seine
471652,2023-08-28,240,Scots Bay,45.1633,-64.9931,2023-09-06,249,UNKNOWN,43.25,-66.3833333333333,122,9,2024 Tag Returns,Used BP as Connors vessel that had the biggest catch on the day.,4Xr,4Xq,Purse Seine
521399,2023-08-23,235,German Bank,43.38333333,-66.16666667,2024-06-07,159,Lurcher,43.9,-68.465,66,289,2024 Tag Returns,,4Xq,5Yc,Purse Seine
528137,2023-09-05,248,German Bank,43.26666667,-66.36638889,2023-09-07,250,German Bank,45.1543333333333,-64.9923333333333,147,2,2024 Tag Returns,,4Xq,4Xr,Purse Seine
567428,2023-09-03,246,German Bank,43.27138889,-66.37361111,2023-09-07,250,German Bank,45.1543333333333,-64.9923333333333,147,4,2024 Tag Returns,,4Xq,4Xr,Purse Seine
564354,2023-08-29,241,Scots Bay,45.19805556,-64.85777778,2023-09-07,250,UNKNOWN,45.1333333333333,-65.05,119,9,2024 Tag Returns,Used FM as Connors vessel that had the biggest catch on the day.,4Xr,4Xr,Purse Seine
567510,2023-09-03,246,German Bank,43.27138889,-66.37361111,2023-09-07,250,UNKNOWN,45.1333333333333,-65.05,119,4,2024 Tag Returns,Used FM as Connors vessel that had the biggest catch on the day.,4Xq,4Xr,Purse Seine
564891,2023-08-28,240,Scots Bay,45.18027778,-64.95611111,2023-09-07,250,UNKNOWN,45.1333333333333,-65.05,119,10,2024 Tag Returns,Used FM as Connors vessel that had the biggest catch on the day.,4Xr,4Xr,Purse Seine
471841,2023-08-29,241,Scots Bay,45.21111111,-64.8225,2023-09-07,250,UNKNOWN,45.1333333333333,-65.05,119,9,2024 Tag Returns,Used FM as Connors vessel that had the biggest catch on the day.,4Xr,4Xr,Purse Seine
567176,2023-08-29,241,Scots Bay,45.20138889,-64.88638889,2023-09-07,250,UNKNOWN,45.1333333333333,-65.05,119,9,2024 Tag Returns,Used FM as Connors vessel that had the biggest catch on the day.,4Xr,4Xr,Purse Seine
502446,2022-08-24,236,German Bank,43.29388333,-66.39218333,2023-09-07,250,UNKNOWN,45.1333333333333,-65.05,119,379,2024 Tag Returns,Used FM as Connors vessel that had the biggest catch on the day.,4Xq,4Xr,Purse Seine
471495,2023-08-28,240,Scots Bay,45.1925,-64.8775,2023-09-07,250,UNKNOWN,45.1333333333333,-65.05,119,10,2024 Tag Returns,Used FM as Connors vessel that had the biggest catch on the day.,4Xr,4Xr,Purse Seine
563788,2023-08-20,232,Scots Bay,45.12166667,-65.05638889,2023-09-07,250,UNKNOWN,45.1333333333333,-65.05,119,18,2024 Tag Returns,Used FM as Connors vessel that had the biggest catch on the day.,4Xr,4Xr,Purse Seine
563824,2023-08-20,232,Scots Bay,45.12166667,-65.05638889,2023-09-07,250,UNKNOWN,45.1333333333333,-65.05,119,18,2024 Tag Returns,Used FM as Connors vessel that had the biggest catch on the day.,4Xr,4Xr,Purse Seine
567199,2023-08-29,241,Scots Bay,45.20138889,-64.88638889,2023-09-07,250,UNKNOWN,45.1333333333333,-65.05,119,9,2024 Tag Returns,Used FM as Connors vessel that had the biggest catch on the day.,4Xr,4Xr,Purse Seine
567221,2023-08-29,241,Scots Bay,45.20138889,-64.88638889,2023-09-07,250,UNKNOWN,45.1333333333333,-65.05,119,9,2024 Tag Returns,Used FM as Connors vessel that had the biggest catch on the day.,4Xr,4Xr,Purse Seine
564937,2023-08-28,240,Scots Bay,45.18027778,-64.95611111,2023-09-07,250,UNKNOWN,45.1333333333333,-65.05,119,10,2024 Tag Returns,Used FM as Connors vessel that had the biggest catch on the day.,4Xr,4Xr,Purse Seine
567200,2023-08-29,241,Scots Bay,45.20138889,-64.88638889,2023-09-07,250,UNKNOWN,45.1333333333333,-65.05,119,9,2024 Tag Returns,Used FM as Connors vessel that had the biggest catch on the day.,4Xr,4Xr,Purse Seine
532142,2023-09-04,247,German Bank,43.25,-66.35,2023-09-07,250,UNKNOWN,45.1333333333333,-65.05,119,3,2024 Tag Returns,Used FM as Connors vessel that had the biggest catch on the day.,4Xq,4Xr,Purse Seine
564665,2023-08-28,240,Scots Bay,45.18027778,-64.95611111,2023-09-07,250,UNKNOWN,45.1333333333333,-65.05,119,10,2024 Tag Returns,Used FM as Connors vessel that had the biggest catch on the day.,4Xr,4Xr,Purse Seine
564319,2023-08-29,241,Scots Bay,45.19805556,-64.85777778,2023-09-07,250,UNKNOWN,45.1333333333333,-65.05,119,9,2024 Tag Returns,Used FM as Connors vessel that had the biggest catch on the day.,4Xr,4Xr,Purse Seine
594136,2022-08-24,236,Scots Bay,45.14533333,-65.0025,2023-09-07,250,UNKNOWN,45.1333333333333,-65.05,119,379,2024 Tag Returns,Used FM as Connors vessel that had the biggest catch on the day.,4Xr,4Xr,Purse Seine
564852,2023-08-28,240,Scots Bay,45.18027778,-64.95611111,2023-09-07,250,UNKNOWN,45.1333333333333,-65.05,119,10,2024 Tag Returns,Used FM as Connors vessel that had the biggest catch on the day.,4Xr,4Xr,Purse Seine
567224,2023-08-29,241,Scots Bay,45.20138889,-64.88638889,2023-09-07,250,UNKNOWN,45.1333333333333,-65.05,119,9,2024 Tag Returns,Used FM as Connors vessel that had the biggest catch on the day.,4Xr,4Xr,Purse Seine
572426,2023-08-27,239,Scots Bay,45.13527778,-65.06972222,2023-09-07,250,UNKNOWN,45.1333333333333,-65.05,119,11,2024 Tag Returns,Used FM as Connors vessel that had the biggest catch on the day.,4Xr,4Xr,Purse Seine
471581,2023-08-28,240,Scots Bay,45.1925,-64.8775,2023-09-08,251,UNKNOWN,NA,NA,NA,11,2024 Tag Returns,,4Xr,,Purse Seine
567116,2023-08-29,241,Scots Bay,45.20138889,-64.88638889,2023-09-08,251,UNKNOWN,NA,NA,NA,10,2024 Tag Returns,,4Xr,,Purse Seine
471749,2023-08-29,241,Scots Bay,45.21111111,-64.8225,2023-09-08,251,UNKNOWN,NA,NA,NA,10,2024 Tag Returns,,4Xr,,Purse Seine
564842,2023-08-28,240,Scots Bay,45.18027778,-64.95611111,2023-09-08,251,UNKNOWN,NA,NA,NA,11,2024 Tag Returns,,4Xr,,Purse Seine
567037,2023-08-29,241,Scots Bay,45.20138889,-64.88638889,2023-09-08,251,UNKNOWN,NA,NA,NA,10,2024 Tag Returns,,4Xr,,Purse Seine
564361,2023-08-29,241,Scots Bay,45.19805556,-64.85777778,2023-09-08,251,UNKNOWN,NA,NA,NA,10,2024 Tag Returns,,4Xr,,Purse Seine
564318,2023-08-29,241,Scots Bay,45.19805556,-64.85777778,2023-09-08,251,UNKNOWN,NA,NA,NA,10,2024 Tag Returns,,4Xr,,Purse Seine
578866,2023-09-07,250,Scots Bay,45.11333333,-65.09944444,2023-09-11,254,UNKNOWN,45.1166666666667,-65.0333333333333,152,4,2024 Tag Returns,Used FM as Connors vessel that had the biggest catch on the day.,4Xr,4Xr,Purse Seine
521966,2023-08-28,240,Trinity,44.05,-66.46666667,2024-06-12,164,Grand Manan,43.5966666666667,-66.62,109,289,2024 Tag Returns,,4Xr,4Xq,Purse Seine
569507,2023-08-30,242,Long Island,44.295,-66.42,2024-08-12,225,Scots Bay,45.0666666666667,-65,102,348,2024 Tag Returns,,4Xr,4Xr,Purse Seine
564585,2023-08-29,241,Scots Bay,45.19805556,-64.85777778,2024-08-12,225,Scots Bay,45.16775,-64.9565,63,349,2024 Tag Returns,,4Xr,4Xr,Purse Seine
529460,2023-10-04,277,Long Island,44.36222222,-66.32055556,2024-06-13,165,Grand Manan,44.5833333333333,-66.6016666666667,98,253,2024 Tag Returns,,4Xr,4Xs,Purse Seine
528811,2023-09-12,255,German Bank,43.31916667,-66.16166667,2023-09-13,256,UNKNOWN,43.285,-66.1133333333333,136,1,2024 Tag Returns,,4Xq,4Xq,Purse Seine
564756,2023-08-28,240,Scots Bay,45.18027778,-64.95611111,2023-09-15,258,UNKNOWN,43.275,-66.3833333333333,171,18,2024 Tag Returns,,4Xr,4Xq,Purse Seine
567493,2023-09-03,246,German Bank,43.27138889,-66.37361111,2023-09-15,258,UNKNOWN,43.275,-66.3833333333333,171,12,2024 Tag Returns,,4Xq,4Xq,Purse Seine
500534,2022-08-09,221,Scots Bay,45.16556667,-64.94023333,2023-09-15,258,UNKNOWN,43.25,-66.3666666666667,108,402,2024 Tag Returns,Used FM as Connors vessel that had the biggest catch on the day.,4Xr,4Xq,Purse Seine
577946,2023-09-06,249,Scots Bay,45.15833333,-65.01138889,2023-09-15,258,UNKNOWN,43.25,-66.3666666666667,108,9,2024 Tag Returns,Used FM as Connors vessel that had the biggest catch on the day.,4Xr,4Xq,Purse Seine
514040,2021-10-04,277,German Bank,43.291,-66.45433333,2023-09-15,258,UNKNOWN,43.25,-66.3666666666667,108,711,2024 Tag Returns,Used FM as Connors vessel that had the biggest catch on the day.,4Xq,4Xq,Purse Seine
577445,2023-09-04,247,German Bank,43.25972222,-66.37611111,2023-09-15,258,UNKNOWN,43.25,-66.3666666666667,108,11,2024 Tag Returns,Used FM as Connors vessel that had the biggest catch on the day.,4Xq,4Xq,Purse Seine
569057,2023-08-29,241,Scots Bay,45.15777778,-65.03361111,2023-09-15,258,UNKNOWN,43.25,-66.3666666666667,108,17,2024 Tag Returns,Used FM as Connors vessel that had the biggest catch on the day.,4Xr,4Xq,Purse Seine
569147,2023-08-29,241,Scots Bay,45.15777778,-65.03361111,2023-09-15,258,UNKNOWN,43.25,-66.3666666666667,108,17,2024 Tag Returns,Used FM as Connors vessel that had the biggest catch on the day.,4Xr,4Xq,Purse Seine
567157,2023-08-29,241,Scots Bay,45.20138889,-64.88638889,2023-09-15,258,UNKNOWN,43.25,-66.3666666666667,108,17,2024 Tag Returns,Used FM as Connors vessel that had the biggest catch on the day.,4Xr,4Xq,Purse Seine
564179,2023-08-28,240,Scots Bay,45.14111111,-65.05194444,2024-09-17,261,Scots Bay,45.1333333333333,-65.05,88,386,2024 Tag Returns,,4Xr,4Xr,Purse Seine
471737,2023-08-29,241,Scots Bay,45.21111111,-64.8225,2024-09-17,261,Scots Bay,45.1333333333333,-65.05,88,385,2024 Tag Returns,,4Xr,4Xr,Purse Seine
567218,2023-08-29,241,Scots Bay,45.20138889,-64.88638889,2024-09-17,261,UNKNOWN,NA,NA,NA,385,2024 Tag Returns,,4Xr,,Purse Seine
502001,2022-08-22,234,Scots Bay,45.12246667,-65.05455,2024-09-17,261,UNKNOWN,NA,NA,NA,757,2024 Tag Returns,,4Xr,,Purse Seine
556292,2023-06-28,179,Grand Manan,44.62,-66.65611111,2024-09-17,261,UNKNOWN,NA,NA,NA,447,2024 Tag Returns,,4Xs,,Purse Seine
473464,2023-07-07,188,Grand Manan,44.58111111,-66.58416667,2024-09-17,261,UNKNOWN,NA,NA,NA,438,2024 Tag Returns,,4Xs,,Purse Seine
517984,2021-10-04,277,German Bank,43.291,-66.45433333,2024-09-17,261,UNKNOWN,NA,NA,NA,1079,2024 Tag Returns,,4Xq,,Purse Seine
510556,2022-08-29,241,German Bank,43.31666667,-66.36666667,2024-09-17,261,UNKNOWN,NA,NA,NA,750,2024 Tag Returns,,4Xq,,Purse Seine
557217,2023-07-05,186,Grand Manan,44.59305556,-66.58416667,2024-09-17,261,UNKNOWN,NA,NA,NA,440,2024 Tag Returns,,4Xs,,Purse Seine
567458,2023-09-03,246,German Bank,43.27138889,-66.37361111,2024-09-17,261,UNKNOWN,NA,NA,NA,380,2024 Tag Returns,,4Xq,,Purse Seine
498347,2022-08-16,228,German Bank,43.34535,-66.44735,2024-09-17,261,UNKNOWN,NA,NA,NA,763,2024 Tag Returns,,4Xq,,Purse Seine
500573,2022-08-09,221,Scots Bay,45.16556667,-64.94023333,2024-09-17,261,Scots Bay,NA,NA,NA,770,2024 Tag Returns,,4Xr,4Xs,Purse Seine
594122,2022-08-24,236,Scots Bay,45.14533333,-65.0025,2024-09-17,261,Scots Bay,NA,NA,NA,755,2024 Tag Returns,,4Xr,4Xs,Purse Seine
590350,2021-08-17,229,Scots Bay,45.13388333,-65.0691,2024-09-17,261,Scots Bay,NA,NA,NA,1127,2024 Tag Returns,,4Xr,4Xs,Purse Seine
507864,2022-07-08,189,Grand Manan,44.63333333,-66.65,2024-09-17,261,UNKNOWN,NA,NA,NA,802,2024 Tag Returns,,4Xs,,Purse Seine
495668,2022-08-07,219,Scots Bay,45.1864,-64.92838333,2024-09-17,261,Scots Bay,NA,NA,NA,772,2024 Tag Returns,,4Xr,4Xs,Purse Seine
564633,2023-08-29,241,Scots Bay,45.19805556,-64.85777778,2024-09-17,261,Scots Bay,NA,NA,NA,385,2024 Tag Returns,,4Xr,4Xs,Purse Seine
512790,2021-08-10,222,Long Island,44.3525,-66.3735,2024-09-17,261,Other,NA,NA,NA,1134,2024 Tag Returns,,4Xr,,Purse Seine
532292,2023-09-11,254,German Bank,43.25,-66.4,2023-09-18,261,German Bank,43.2983333333333,-66.135,132,7,2024 Tag Returns,,4Xq,4Xq,Purse Seine
502414,2022-08-24,236,German Bank,43.29388333,-66.39218333,2022-09-19,262,UNKNOWN,43.2683333333333,-66.3516666666667,115,26,2024 Tag Returns,Used LM as Comeau vessel that had the biggest catch on the day.,4Xq,4Xq,Purse Seine
528324,2023-09-06,249,German Bank,43.26472222,-66.35638889,2023-09-19,262,German Bank,43.2906666666667,-66.1223333333333,58,13,2024 Tag Returns,,4Xq,4Xq,Purse Seine
564740,2023-08-28,240,Scots Bay,45.18027778,-64.95611111,2023-09-19,262,UNKNOWN,43.2683333333333,-66.3516666666667,115,22,2024 Tag Returns,Used LM as Comeau vessel that had the biggest catch on the day.,4Xr,4Xq,Purse Seine
532087,2023-09-04,247,German Bank,43.25,-66.35,2023-09-19,262,UNKNOWN,NA,NA,189,15,2024 Tag Returns,Used FM as Connors vessel that had the biggest catch on the day. No lat and lons on length frequency sheet.,4Xq,,Purse Seine
567880,2023-09-10,253,Scots Bay,45.13833333,-65.0175,2024-09-19,263,Scots Bay,45.1166666666667,-65.05,124,375,2024 Tag Returns,,4Xr,4Xr,Purse Seine
566792,2023-08-23,235,German Bank,43.48611111,-66.22694444,2024-06-20,172,Scots Bay,44.68,-66.5666666666667,61,302,2024 Tag Returns,,4Xq,4Xs,Purse Seine
564214,2023-08-28,240,Scots Bay,45.14111111,-65.05194444,2024-08-20,233,Scots Bay,45.1833333333333,-65.9,85,358,2024 Tag Returns,,4Xr,4Xs,Purse Seine
567067,2023-08-29,241,Scots Bay,45.20138889,-64.88638889,2024-08-20,233,Scots Bay,45.1833333333333,-65.9,85,357,2024 Tag Returns,,4Xr,4Xs,Purse Seine
574362,2023-09-18,261,German Bank,43.26666667,-66.36666667,2023-09-21,264,German Bank,43.2906666666667,-66.1223333333333,NA,3,2024 Tag Returns,,4Xq,4Xq,Purse Seine
567226,2023-08-29,241,Scots Bay,45.20138889,-64.88638889,2024-08-22,235,Scots Bay,44.0666666666667,-65.0666666666667,115,359,2024 Tag Returns,,4Xr,4X,Purse Seine
563741,2023-08-14,226,Long Island,44.34916667,-66.35805556,2023-08-23,235,UNKNOWN,NA,NA,134,9,2024 Tag Returns,Used BP as Connors vessel that had the biggest catch on the day.,4Xr,,Purse Seine
498720,2022-08-22,234,Scots Bay,45.1461,-64.99368333,2023-08-23,235,UNKNOWN,NA,NA,134,366,2024 Tag Returns,Used BP as Connors vessel that had the biggest catch on the day.,4Xr,,Purse Seine
563721,2023-08-14,226,Long Island,44.34916667,-66.35805556,2023-08-23,235,UNKNOWN,NA,NA,134,9,2024 Tag Returns,Used BP as Connors vessel that had the biggest catch on the day.,4Xr,,Purse Seine
563828,2023-08-20,232,Scots Bay,45.12166667,-65.05638889,2023-08-23,235,UNKNOWN,NA,NA,134,3,2024 Tag Returns,Used BP as Connors vessel that had the biggest catch on the day.,4Xr,,Purse Seine
563764,2023-08-20,232,Scots Bay,45.12166667,-65.05638889,2023-08-23,235,UNKNOWN,NA,NA,134,3,2024 Tag Returns,Used BP as Connors vessel that had the biggest catch on the day.,4Xr,,Purse Seine
563731,2023-08-14,226,Long Island,44.34916667,-66.35805556,2023-08-23,235,UNKNOWN,NA,NA,134,9,2024 Tag Returns,Used BP as Connors vessel that had the biggest catch on the day.,4Xr,,Purse Seine
563727,2023-08-14,226,Long Island,44.34916667,-66.35805556,2023-08-23,235,UNKNOWN,NA,NA,134,9,2024 Tag Returns,Used BP as Connors vessel that had the biggest catch on the day.,4Xr,,Purse Seine
563712,2023-08-14,226,Long Island,44.34916667,-66.35805556,2023-08-23,235,UNKNOWN,NA,NA,134,9,2024 Tag Returns,Used BP as Connors vessel that had the biggest catch on the day.,4Xr,,Purse Seine
563757,2023-08-20,232,Scots Bay,45.12166667,-65.05638889,2023-08-23,235,UNKNOWN,NA,NA,134,3,2024 Tag Returns,Used BP as Connors vessel that had the biggest catch on the day.,4Xr,,Purse Seine
563702,2023-08-14,226,Long Island,44.34916667,-66.35805556,2023-08-23,235,UNKNOWN,NA,NA,134,9,2024 Tag Returns,Used BP as Connors vessel that had the biggest catch on the day.,4Xr,,Purse Seine
567029,2023-08-29,241,Scots Bay,45.20138889,-64.88638889,2024-09-24,268,Scots Bay,45.165,-64.9785,91,392,2024 Tag Returns,,4Xr,4Xr,Purse Seine
564204,2023-08-28,240,Scots Bay,45.14111111,-65.05194444,2024-06-25,177,White Head,45.1333333333333,-65.1166666666667,69,302,2024 Tag Returns,,4Xr,4Xr,Purse Seine
578578,2023-09-04,247,German Bank,43.25305556,-66.36638889,2023-09-25,268,UNKNOWN,45.15,-64.8333333333333,132,21,2024 Tag Returns,Used C1 as Connors vessel that had the biggest catch.,4Xq,4Xr,Purse Seine
567565,2023-09-03,246,German Bank,43.27138889,-66.37361111,2023-09-25,268,UNKNOWN,45.15,-64.8333333333333,132,22,2024 Tag Returns,Used C1 as Connors vessel that had the biggest catch.,4Xq,4Xr,Purse Seine
529179,2023-10-01,274,Grand Manan,44.63277778,-66.63972222,2024-06-26,178,Grand Manan,44.5833333333333,-66.5966666666667,60,269,2024 Tag Returns,,4Xs,4Xs,Purse Seine
577781,2023-09-06,249,Scots Bay,45.15833333,-65.01138889,2024-09-26,270,Scots Bay,45.1333333333333,-65.1166666666667,70,386,2024 Tag Returns,,4Xr,4Xr,Purse Seine
603551,2022-09-12,255,German Bank,43.23446667,-66.34903333,2023-08-28,240,UNKNOWN,45.1333333333333,-65.05,107,350,2024 Tag Returns,Used FM as Connors vessel that had the biggest catch.,4Xq,4Xr,Purse Seine
532013,2023-09-04,247,German Bank,43.25,-66.35,2023-09-28,271,UNKNOWN,45.1333333333333,-65.05,107,24,2024 Tag Returns,Used FM as Connors vessel that had the biggest catch.,4Xq,4Xr,Purse Seine
471466,2023-08-28,240,Scots Bay,45.1925,-64.8775,2023-08-29,241,UNKNOWN,43.2375,-66.321,50,1,2024 Tag Returns,,4Xr,4Xq,Purse Seine
564145,2023-08-28,240,Scots Bay,45.14111111,-65.05194444,2023-08-29,241,UNKNOWN,43.2375,-66.321,50,1,2024 Tag Returns,,4Xr,4Xq,Purse Seine
572482,2023-08-27,239,Scots Bay,45.13527778,-65.06972222,2023-08-29,241,UNKNOWN,NA,NA,82,2,2024 Tag Returns,Used C1 as Connors vessel that had the biggest catch.,4Xr,,Purse Seine
471259,2023-08-21,233,German Bank,43.26611111,-66.37361111,2023-08-29,241,UNKNOWN,NA,NA,82,8,2024 Tag Returns,Used C1 as Connors vessel that had the biggest catch.,4Xq,,Purse Seine
564016,2023-08-28,240,Scots Bay,45.14111111,-65.05194444,2023-08-29,241,UNKNOWN,NA,NA,82,1,2024 Tag Returns,Used C1 as Connors vessel that had the biggest catch.,4Xr,,Purse Seine
474896,2023-10-04,277,Long Island,44.30111111,-66.33555556,2024-07-30,212,Scots Bay,46,-64.9666666666667,56,300,2024 Tag Returns,,4Xr,4,Purse Seine
603928,2022-09-13,256,German Bank,43.29043333,-66.4312,2023-08-30,242,UNKNOWN,43.264,-66.3456666666667,32,351,2024 Tag Returns,Used C1 as Connors only vessel out that day.,4Xq,4Xq,Purse Seine
563703,2023-08-14,226,Long Island,44.34916667,-66.35805556,2023-08-30,242,UNKNOWN,43.264,-66.3456666666667,32,16,2024 Tag Returns,Used C1 as Connors only vessel out that day.,4Xr,4Xq,Purse Seine
564573,2023-08-29,241,Scots Bay,45.19805556,-64.85777778,2023-08-30,242,UNKNOWN,43.264,-66.3456666666667,32,1,2024 Tag Returns,Used C1 as Connors only vessel out that day.,4Xr,4Xq,Purse Seine
564038,2023-08-28,240,Scots Bay,45.14111111,-65.05194444,2023-08-30,242,UNKNOWN,43.264,-66.3456666666667,32,2,2024 Tag Returns,Used C1 as Connors only vessel out that day.,4Xr,4Xq,Purse Seine
564593,2023-08-29,241,Scots Bay,45.19805556,-64.85777778,2023-08-30,242,UNKNOWN,43.264,-66.3456666666667,32,1,2024 Tag Returns,Used C1 as Connors only vessel out that day.,4Xr,4Xq,Purse Seine
564713,2023-08-28,240,Scots Bay,45.18027778,-64.95611111,2023-08-30,242,UNKNOWN,43.2373333333333,-66.321,50,2,2024 Tag Returns,,4Xr,4Xq,Purse Seine
564637,2023-08-29,241,Scots Bay,45.19805556,-64.85777778,2023-08-30,242,UNKNOWN,43.2373333333333,-66.321,50,1,2024 Tag Returns,,4Xr,4Xq,Purse Seine
564334,2023-08-29,241,Scots Bay,45.19805556,-64.85777778,2023-08-30,242,UNKNOWN,43.2373333333333,-66.321,50,1,2024 Tag Returns,,4Xr,4Xq,Purse Seine
564312,2023-08-29,241,Scots Bay,45.19805556,-64.85777778,2023-08-30,242,UNKNOWN,43.2373333333333,-66.321,50,1,2024 Tag Returns,,4Xr,4Xq,Purse Seine
564783,2023-08-28,240,Scots Bay,45.18027778,-64.95611111,2023-08-30,242,UNKNOWN,43.2373333333333,-66.321,50,2,2024 Tag Returns,,4Xr,4Xq,Purse Seine
564604,2023-08-29,241,Scots Bay,45.19805556,-64.85777778,2023-08-30,242,UNKNOWN,43.2373333333333,-66.321,50,1,2024 Tag Returns,,4Xr,4Xq,Purse Seine
564864,2023-08-28,240,Scots Bay,45.18027778,-64.95611111,2023-08-30,242,UNKNOWN,43.2373333333333,-66.321,50,2,2024 Tag Returns,,4Xr,4Xq,Purse Seine
564417,2023-08-29,241,Scots Bay,45.19805556,-64.85777778,2023-08-30,242,UNKNOWN,43.2373333333333,-66.321,50,1,2024 Tag Returns,,4Xr,4Xq,Purse Seine
564764,2023-08-28,240,Scots Bay,45.18027778,-64.95611111,2023-08-30,242,UNKNOWN,43.2373333333333,-66.321,50,2,2024 Tag Returns,,4Xr,4Xq,Purse Seine
564554,2023-08-29,241,Scots Bay,45.19805556,-64.85777778,2023-08-30,242,UNKNOWN,43.2373333333333,-66.321,50,1,2024 Tag Returns,,4Xr,4Xq,Purse Seine
564761,2023-08-28,240,Scots Bay,45.18027778,-64.95611111,2023-08-30,242,UNKNOWN,43.2373333333333,-66.321,50,2,2024 Tag Returns,,4Xr,4Xq,Purse Seine
564463,2023-08-29,241,Scots Bay,45.19805556,-64.85777778,2023-08-30,242,UNKNOWN,43.2373333333333,-66.321,50,1,2024 Tag Returns,,4Xr,4Xq,Purse Seine
473112,2022-09-07,250,Scots Bay,45.19678333,-64.88591667,2023-08-30,242,UNKNOWN,44.3166666666667,-66.4116666666667,12,357,2024 Tag Returns,,4Xr,4Xr,Purse Seine
471616,2023-08-28,240,Scots Bay,45.1925,-64.8775,2023-08-30,242,UNKNOWN,44.3166666666667,-66.4116666666667,12,2,2024 Tag Returns,,4Xr,4Xr,Purse Seine
564411,2023-08-29,241,Scots Bay,45.19805556,-64.85777778,2023-08-30,242,UNKNOWN,44.3166666666667,-66.4116666666667,12,1,2024 Tag Returns,,4Xr,4Xr,Purse Seine
564358,2023-08-29,241,Scots Bay,45.19805556,-64.85777778,2023-08-30,242,UNKNOWN,44.3166666666667,-66.4116666666667,12,1,2024 Tag Returns,,4Xr,4Xr,Purse Seine
471558,2023-08-28,240,Scots Bay,45.1925,-64.8775,2023-08-30,242,UNKNOWN,44.3166666666667,-66.4116666666667,12,2,2024 Tag Returns,,4Xr,4Xr,Purse Seine
603692,2022-09-13,256,German Bank,43.25433333,-66.39785,2023-08-31,243,UNKNOWN,NA,NA,NA,352,2024 Tag Returns,,4Xq,,Purse Seine
