id,Y,X,Yend ,Xend
1,43.5,-66.1833333,43.5,-65.731
2,43.5,-66.1833333,43.733333,-66.25
