id,Y,X,PID,POS
1,43.56667,-66.229,1,1
2,43.233,-66.229,1,2
3,43.233,-66.51,1,3
4,43.56667,-66.51,1,4
