Vessel,Difference
BP,-2.2401246902183516
FM,5.184379522781654
LB,5.167222217781642
LJ,0.6153417927816349
LM,3.6260702007816406
MS,10.006461813781641
