Target Strength,Area (km2),Mean Sa,Density (kg/m2),Biomass (tons),Standard Error (tons),Standard Error (%),Layer
-35.5,800,-52.3349011468792,0.0208767332379707,16580.5858758848,3338.87906698006,20.1372803830545,German Bank
-35.5,280,-52.9510894360565,0.0178751971382099,5035.57522018724,1394.58138045836,27.6945794567339,Seal Island
NA,NA,NA,NA,NA,NA,NA,School Survey
