Vessel,Difference
BP,0.5596900767816351
FM,3.1559147247816384
LB,3.4892275007816522
LJ,-0.31451963821834283
LM,2.5627687907816608
MS,7.468470616781644
