Vessel,Difference
LB,8.75302474004711
LJ,1.9830420089312355
NA,0
