Vessel,Transect.No.,Speed,Transect
LB,T01,9.819768702361758,T01
LB,T02,7.705853634420124,T02
LJ,T01,8.960676262942423,T01
LJ,T02,7.988889268507598,T02
