Vessel,Difference
BP,-23.776134557186133
C1,-28.58806257260487
FM,-29.75651436901373
