Vessel,Difference
BP,-23.776134557186133
C1,-28.58806257260487
FM,-5.365218391425977
