Vessel,Difference
BP,-1.0892663464108523
FM,-4.7337144685261165
LB,3.2148497116909738
LJ,-0.09672427594694
LM,1.456669222787525
MS,4.8265158109029755
NA,0
