Vessel,Transect.No.,Speed,Transect
BP,T01,9.028950115808907,T01
BP,T02,9.13564000083241,T02
BP,T03,9.718051290697211,T03
BP,T04,7.946251843467439,T04
FM,T01,8.826014047695674,T01
FM,T02,8.409878651934934,T02
LB,T01,8.507666146213122,T01
LB,T02,7.429191791445053,T02
LJ,T01,8.865027964742268,T01
LJ,T02,7.801857332901405,T02
LM,T01,8.700788203208566,T01
LM,T02,8.580916273276655,T02
MS,T01,8.450603659423024,T01
MS,T02,7.33258727515199,T02
