Vessel,Difference
BP,-0.829738569054598
C1,-83.6018379458273
LB,0.7986190307245664
LJ,-1.1671166910104347
SL,5.871310877139749
