Vessel,Transect.No.,Speed,Transect
BP,T01,8.915224249942007,T01
BP,T02,8.309314004002456,T02
LB,T01,8.9225729038291135,T01
LB,T02,8.263079625556738,T02
LJ,T01,9.009784892707758,T01
LJ,T02,9.179696369415723,T02
LJ,T03,8.205545280916095,T03
LJ,T04,8.95629719883323,T04
LJ,T05,10.2867921718529,T05
SL,T01,8.60576392617779,T01
SL,T02,8.167927257760972,T02
SL,T03,9.479819633749118,T03
SL,T04,8.269136802014721,T04
