Vessel,Difference
C1,-0.3893911995844377
FM,0.3689611037292053
LB,0.725682363049458
LJ,0.2838897767491062
LM,1.1915590605891282
SL,2.8891168864738717
