Vessel,Transect.No.,Speed,Transect
C1,T01,8.697618697213064,T01
C1,T02,8.499798396811883,T02
C1,T03,8.343449258133942,T03
C1,T04,8.342901951401355,T04
FM,T01,8.590562344605587,T01
FM,T02,8.650259980653532,T02
LB,T01,8.722223690394019,T01
LB,T02,8.790176222752923,T02
LJ,T01,8.661628290346693,T01
LJ,T02,8.83023740541195,T02
LM,T01,8.349245671048015,T01
LM,T02,8.242224104607999,T02
LM,T03,8.118342113644829,T03
LM,T04,8.234150471332455,T04
SL,T01,8.515739810892693,T01
SL,T02,8.312896371551306,T02
