Vessel,Difference
BP,-9.801276776975499
C1,2.9801698046793206
LM,1.0205556636877589
MS,-6.448887957378389
NA,0
