Vessel,Transect.No.,Speed,Transect
BP,T01,7.533573767981515,T01
BP,T02,9.829258536665527,T02
C1,T01,7.956211381221625,T01
C1,T02,8.458615915549087,T02
LM,T01,8.201423655483438,T01
LM,T02,8.244030296275787,T02
MS,T01,7.374290985006139,T01
MS,T02,8.758477435965379,T02
