Vessel,Difference
BP,-21.30211835852613
C1,1.244576932729231
LJ,0.810707573749113
MS,4.420466596049451
NA,0
