Vessel,Transect.No.,Speed,Transect
BP,T01,7.1492865934424765,T01
BP,T02,10.848455933802082,T02
C1,T01,7.666301411394641,T01
C1,T02,8.16658320984495,T02
LJ,T01,7.290551820031029,T01
LJ,T02,7.9457743664638425,T02
MS,T01,7.099394912890114,T01
MS,T02,8.007203850323176,T02
