Vessel,Transect.No.,Speed,Transect
BP,T01,8.705181900358921,T01
BP,T02,9.60181344790045,T02
C1,T01,8.883420576417075,T01
C1,T02,9.307575012742456,T02
FM,T01,8.443007812230425,T01
FM,T02,9.06119843579449,T02
LB,T01,8.656581473465378,T01
LB,T02,9.302076241909136,T02
LJ,T01,8.512014211180961,T01
LJ,T02,8.93654696695787,T02
LM,T01,8.4853367023488,T01
LM,T02,9.407494085368203,T02
MS,T01,8.889163153278925,T01
MS,T02,8.890613492816843,T02
SL,T01,8.52679906314309,T01
SL,T02,8.61798050597744,T02
