Target Strength,Area (km2),Mean Sa,Density (kg/m2),Biomass (tons),Standard Error (tons),Standard Error (%),Layer
-35.5,661,-59.0830408958126,0.00436968145278211,2896.65898421223,303.869709673288,10.4903515163325,Main Box
