Vessel,Difference
BP,116.60438056699999
FM,101.564092144
LM,116.72188878
