Vessel,Transect.No.,Speed,Transect
BP,T01,8.217638009506143,T01
BP,T02,8.777516007562523,T02
BP,T03,8.8207472207961235,T03
FM,T01,8.00274670784181,T01
FM,T02,8.081470560284286,T02
FM,T03,8.337440055897703,T03
FM,T04,8.152972759856628,T04
FM,T05,8.27853291827799,T05
LM,T01,8.138426303037031,T01
LM,T02,8.260810238891615,T02
LM,T03,9.194424481080276,T03
LM,T04,8.081394754117271,T04
