Vessel,Difference
BP,4.432408466572568
C1,-2.0827526011153026
LJ,0.8357059835891363
LM,0.4246547906541025
MS,2.8345930504155703
