Vessel,Transect.No.,Speed,Transect
BP,T01,7.927722759963536,T01
BP,T02,4.816751596480596,T02
C1,T01,8.116050271032869,T01
C1,T02,8.408772296948946,T02
LJ,T01,8.170210824591466,T01
LJ,T02,8.536985897123255,T02
LJ,T03,8.267069532087561,T03
LJ,T04,8.963929552471066,T04
LM,T01,7.957742484354602,T01
LM,T02,8.626350522031991,T02
MS,T01,7.153468918758502,T01
MS,T02,9.701385778499818,T02
MS,T03,6.773606761389748,T03
MS,T04,8.59391966755731,T04
