Target Strength,Area (km2),Mean Sa,Density (kg/m2),Biomass (tons),Standard Error (tons),Standard Error (%),Layer,Turnover
-35.5,641.8104,-44.88880409,0.120112134,73879.90719,53784.57606,72.80000491,Main Box,109821
-35.5,87.27066,-39.97963352,0.323949744,31110.35084,20714.10765,66.5826874,Northern Box,109821
-35.5,116.4295,-43.59661296,0.18507217,18046.86362,21225.76275,117.6146903,Eastern Box,109821
