Target Strength,Area (km2),Mean Sa,Density (kg/m2),Biomass (tons),Standard Error (tons),Standard Error (%),Layer
-35.5,641.8104,-44.8888040901744,0.120112134161595,73879.9071868871,53784.5760597062,72.8000049102016,Main Box
-35.5,87.27066,-39.9796335166269,0.323949744107989,31110.350836518,20714.1076475848,66.5826874034161,Northern Box
-35.5,116.4295,-43.5966129599104,0.185072169569934,18046.8636213486,21225.7627545356,117.614690285721,Eastern Box
