Vessel,Difference
BP,57.99136442
C1,78.93989495
FM,86.78937078
LJ,66.1126795
LM,85.29488534000001
MS,84.12911453999999
