Vessel,Difference
BP,-0.8774528305844314
C1,1.5714139992782492
FM,3.744185350147063
LJ,0.6270238075891115
LM,-0.5904397643974448
MS,3.922880428796674
