Vessel,Transect.No.,Speed,Transect
BP,T01,Inf,T01
BP,T02,Inf,T02
BP,T03,Inf,T03
BP,T04,Inf,T04
C1,T01,Inf,T01
C1,T02,2.653469640085854e-4,T02
FM,T01,Inf,T01
FM,T02,Inf,T02
LJ,T01,Inf,T01
LJ,T02,Inf,T02
LJ,T03,Inf,T03
LJ,T04,1.1567433307011316e-4,T04
LM,T01,Inf,T01
LM,T02,2.45484698585e-4,T02
MS,T01,Inf,T01
MS,T02,2.4398218025923867e-4,T02
