Vessel,Transect.No.,Speed,Transect
BP,T01,8.547436015053435,T01
BP,T02,8.304165888469802,T02
BP,T03,8.724296302164865,T03
BP,T04,10.014574349370621,T04
C1,T01,8.725606707332341,T01
C1,T02,7.759097460301814,T02
FM,T01,8.567351507886977,T01
FM,T02,9.849306411835459,T02
LJ,T01,8.009582688715593,T01
LJ,T02,8.101764896394998,T02
LJ,T03,8.283022260134175,T03
LJ,T04,8.811987400962039,T04
LM,T01,8.27342977204659,T01
LM,T02,9.308248280858027,T02
MS,T01,8.25130113497574,T01
MS,T02,7.036459652093984,T02
