Vessel,Difference
BP,-27.947505008714543
FM,-26.923229586754132
LB,12.286304430161962
LJ,0.7916722011819388
LM,2.544737423812464
MS,1.0780580731741196
