Vessel,Difference
BP,78.90670237
FM,74.796392037
LB,115.58406555
LJ,114.817832316
LM,101.307994584
MS,102.41078667400001
