Vessel,Difference
BP,-2.420645791254401
C1,1.46184745258914
LB,1.9414572620619026
LM,-0.3094439836873164
NA,0
