Vessel,Transect.No.,Speed,Transect
BP,T01,7.972415554252679,T01
BP,T02,10.51144569651597,T02
C1,T01,8.241092883467157,T01
C1,T02,8.254424261355306,T02
C1,T03,8.282993682965412,T03
C1,T04,8.321069799724771,T04
LB,T01,6.824577357111686,T01
LB,T02,9.54808268859014,T02
LM,T01,8.020696982531899,T01
LM,T02,8.740321041870956,T02
