Vessel,Difference
BP,-1.6021774133297413
C1,9.695815680670265
FM,3.687223646670276
LB,4.508245661670259
LJ,0.6198023466702693
LM,2.245976191670266
MS,5.55928166967027
SL,8.925840072670269
TM,1.2022848626702682
