Vessel,Transect.No.,Speed,Transect
LB,T01,0.13795539923758904,T01
LB,T02,0.11529037961085213,T02
LB,T03,0.13988461837089008,T03
LB,T04,0.14518906990272906,T04
LB,T05,0.1076791784715175,T05
LB,T06,0.14793067692715406,T06
LB,T07,0.10604675251805365,T07
