Vessel,Transect.No.,Speed,Transect
BP,T01,8.269460937536744,T01
BP,T02,9.596025510777501,T02
C1,T01,7.96812053295044,T01
C1,T02,8.235046292804848,T02
C1,T03,7.962899425671534,T03
C1,T04,8.685924888790476,T04
FM,T01,8.397198637591165,T01
FM,T02,9.483211421062467,T02
LB,T01,8.0810910826662,T01
LB,T02,8.3610897814588,T02
LB,T03,8.006689299572548,T03
LB,T04,8.73642563030686,T04
LJ,T01,8.20442974802215,T01
LJ,T02,8.962760857476415,T02
LM,T01,8.161361869671952,T01
LM,T02,8.80365021513183,T02
