Vessel,Difference
FM,0.43797229678165195
LB,2.5901303547816497
LJ,0.4135719427816582
LM,4.395363659781651
MS,1.0791830337816464
