Vessel,Difference
LB,4.51497364878162
LJ,0.3885593577816451
LM,2.364058377781646
MS,9.092331582781611
SL,7.803959723781645
