Vessel,Transect.No.,Speed,Transect
LB,T01,8.495796157,T01
LB,T02,8.83654616,T02
LB,T03,8.051779258,T03
LB,T04,7.887751777,T04
LJ,T01,8.278832429,T01
LJ,T02,8.414121077,T02
LJ,T03,8.207815831,T03
LJ,T04,8.390851159,T04
LM,T01,8.306513034,T01
LM,T02,8.985090643,T02
LM,T03,8.336501819,T03
LM,T04,8.300023003,T04
MS,T01,9.093953926,T01
MS,T02,9.136190114,T02
MS,T03,8.720161405,T03
MS,T04,8.529724119,T04
SL,T01,8.738923964,T01
SL,T02,8.988065311,T02
SL,T03,9.010329767,T03
SL,T04,8.911303455,T04
