Target Strength,Area (km2),Mean Sa,Density (kg/m2),Biomass (tons),Standard Error (tons),Standard Error (%),Layer
-35.5,511,-58.2923171639627,0.00525301204281295,2686.51446781848,219.490689990501,8.17009149289014,German Bank
-35.5,299,-60.5366419280904,0.00315208526682524,937.577109080177,187.852358807699,20.0359369899713,Seal Island
-35.5,NA,-58.5678163864708,0.0049221746515291,NA,NA,NA,School Survey
