Vessel,Difference
BP,-0.14212167221833738
FM,2.762247086781656
LB,3.8391786727816566
LJ,0.07531810878165857
LM,2.685996539781655
MS,8.580339297781649
